nct_id,condition,condition_group
NCT02158429,Substance Use Disorders,Substance use
NCT04131829,Obsessive-Compulsive Disorder,OCD
NCT04587531,Depression,Depression
NCT05662137,Schizophrenia,Schizophrenia & psychosis
NCT04692272,Anxiety,Anxiety
NCT07219875,Depression,Depression
NCT04975100,Major Depressive Disorder,Depression
NCT01307800,Schizophrenia,Schizophrenia & psychosis
NCT06603064,Anxiety,Anxiety
NCT01391832,Post Traumatic Stress Disorder,PTSD
NCT00946998,Depression,Depression
NCT03267563,"Depression, Postpartum",Depression
NCT03946787,Bipolar Disorder,Bipolar disorder
NCT06692114,Obsessive-Compulsive Disorder,OCD
NCT05852314,Postnatal Depression,Depression
NCT05110157,Schizophrenia,Schizophrenia & psychosis
NCT05978167,Substance Use Disorder,Substance use
NCT05978167,Cocaine Use Disorder,Substance use
NCT02415309,Anxiety,Anxiety
NCT05368987,PTSD,PTSD
NCT04463914,Depressive Symptoms,Depression
NCT04463914,Depression,Depression
NCT04631939,Schizophrenia and Related Disorders,Schizophrenia & psychosis
NCT04631939,Psychotic Disorders,Schizophrenia & psychosis
NCT01244828,Schizophrenia,Schizophrenia & psychosis
NCT06591065,Performance Anxiety,Anxiety
NCT04453865,Anxiety Disorders,Anxiety
NCT06345963,Schizophrenia,Schizophrenia & psychosis
NCT02757521,Treatment- Resistant Bipolar Disorder,Bipolar disorder
NCT02757521,Bipolar Disorder,Bipolar disorder
NCT02757521,Bipolar Depressive Disorder,Depression
NCT03036371,Anxiety,Anxiety
NCT06384521,Schizophrenia,Schizophrenia & psychosis
NCT06384521,Major Depression,Depression
NCT06384521,Bipolar Disorder,Bipolar disorder
NCT03618121,Anxiety,Anxiety
NCT06739304,Substance Use Disorder,Substance use
NCT03007628,Schizophrenia,Schizophrenia & psychosis
NCT04598165,Depression,Depression
NCT05931965,Depression,Depression
NCT02055300,Major Depressive Disorder,Depression
NCT02285699,Obsessive-Compulsive Disorder,OCD
NCT02367521,TBI Depression,Depression
NCT04875221,PTSD,PTSD
NCT04875221,Post-traumatic Stress Disorder,PTSD
NCT01625000,Schizophrenia,Schizophrenia & psychosis
NCT05127707,Opioid Use Disorder,Substance use
NCT05127707,Substance Use Disorders,Substance use
NCT03388164,Depression,Depression
NCT02791464,"Stress Disorders, Post-Traumatic",PTSD
NCT05448014,Anxiety,Anxiety
NCT05448014,Depression,Depression
NCT02619916,Depressive Symptoms,Depression
NCT06844084,Anxiety,Anxiety
NCT06844084,Depression,Depression
NCT05195684,Posttraumatic Stress Disorder,PTSD
NCT06224647,Depressive Symptoms,Depression
NCT06224647,Anxiety,Anxiety
NCT01533519,Posttraumatic Stress Disorder,PTSD
NCT04669665,"Depressive Disorder, Major",Depression
NCT01043367,Depression,Depression
NCT01099592,Major Depressive Episode,Depression
NCT04586309,Depression,Depression
NCT04061304,Eating Disorders,Eating disorders
NCT04061304,Anorexia Nervosa,Eating disorders
NCT04061304,Bulimia Nervosa,Eating disorders
NCT07235852,Depression,Depression
NCT07235852,Anxiety Disorders,Anxiety
NCT05149352,Major Depressive Disorder,Depression
NCT04478838,Schizophrenia and Related Disorders,Schizophrenia & psychosis
NCT04478838,Antipsychotic Agents,Schizophrenia & psychosis
NCT03226028,Anxiety,Anxiety
NCT01312844,Depression,Depression
NCT07359209,Schizophrenia Therapeutics,Schizophrenia & psychosis
NCT06521398,"Stress Disorders, Post-Traumatic",PTSD
NCT06521398,Postpartum Depression,Depression
NCT06521398,Postpartum Anxiety,Anxiety
NCT07218263,Depression Disorders,Depression
NCT01007006,Posttraumatic Stress Disorders,PTSD
NCT06592833,Major Depressive Disorder,Depression
NCT05291533,Anxiety,Anxiety
NCT01605552,Depression,Depression
NCT01605552,Depressive Symptoms,Depression
NCT03300947,Obsessive-compulsive Disorder (OCD),OCD
NCT02165449,Major Depressive Disorder,Depression
NCT01207271,Major Depressive Disorder,Depression
NCT06410599,Major Depressive Disorder,Depression
NCT04040387,"Stress Disorders, Post-Traumatic",PTSD
NCT04040387,Ptsd,PTSD
NCT04780893,PTSD,PTSD
NCT02879604,Schizophrenia,Schizophrenia & psychosis
NCT06296784,Bipolar Disorder,Bipolar disorder
NCT05226130,Alcohol Use Disorder,Substance use
NCT01208428,Major Depression,Depression
NCT02119936,Maternal Anxiety,Anxiety
NCT01701011,Anxiety,Anxiety
NCT01701011,Depression,Depression
NCT04979299,Depression in Old Age,Depression
NCT02205099,Schizophrenia,Schizophrenia & psychosis
NCT06605599,Bipolar I Disorder,Bipolar disorder
NCT06605599,Bipolar II Disorder,Bipolar disorder
NCT06399653,Alcohol Use Disorder,Substance use
NCT02590445,Obsessive-Compulsive Disorder,OCD
NCT02983877,Bipolar Disorder,Bipolar disorder
NCT04565028,PTSD,PTSD
NCT03766867,Major Depressive Disorder,Depression
NCT01903200,Major Depressive Disorder Patients,Depression
NCT05929911,Post Traumatic Stress Disorder (PTSD),PTSD
NCT03275571,Depression,Depression
NCT03157999,Depressive Symptoms,Depression
NCT02213302,Anxiety,Anxiety
NCT02634372,Bipolar Disorder,Bipolar disorder
NCT04260867,Anxiety,Anxiety
NCT04598867,Anxiety Disorder Generalized,Anxiety
NCT01617200,Schizophrenia,Schizophrenia & psychosis
NCT01778907,Depression,Depression
NCT01778907,Depressive Disorder,Depression
NCT04108234,Depression,Depression
NCT01724112,Major Depressive Disorder,Depression
NCT04872465,Major Depression,Depression
NCT03348865,Anxiety Disorders,Anxiety
NCT03348865,Depressive Disorder,Depression
NCT04350567,Depression; Major Depressive Disorder,Depression
NCT02769507,Psychotic Disorders,Schizophrenia & psychosis
NCT04866511,Post-Traumatic Stress Disorder in Children,PTSD
NCT04866511,Post-Traumatic Stress Disorder in Adolescence,PTSD
NCT04866511,Post-Traumatic Stress Disorder Complex,PTSD
NCT05044611,Bipolar Disorder,Bipolar disorder
NCT07236164,Depression,Depression
NCT07236164,Anxiety,Anxiety
NCT02002832,Schizophrenia,Schizophrenia & psychosis
NCT05909267,"Depressive Disorder, Major",Depression
NCT04631900,Depression,Depression
NCT04047511,Depressive Symptoms,Depression
NCT04047511,Depression,Depression
NCT04047511,Anxiety,Anxiety
NCT04580134,Schizophrenia,Schizophrenia & psychosis
NCT04580134,Schizoaffective Disorder,Schizophrenia & psychosis
NCT04580134,Bipolar 1 Disorder,Bipolar disorder
NCT04076371,Schizophrenia,Schizophrenia & psychosis
NCT06725134,Situational Anxiety,Anxiety
NCT05919875,Moderate Depressive Episode,Depression
NCT05919875,Mild Depressive Episode,Depression
NCT05640557,Performance Anxiety,Anxiety
NCT01496612,Anxiety Disorder,Anxiety
NCT01496612,Depression,Depression
NCT06586944,Social Anxiety Disorder,Anxiety
NCT03101332,Panic; Agoraphobia,Anxiety
NCT01346228,Panic Disorders,Anxiety
NCT01346228,Anxiety Disorders,Anxiety
NCT04798131,Schizophrenia,Schizophrenia & psychosis
NCT02639702,Schizophrenia,Schizophrenia & psychosis
NCT02639702,Schizoaffective Disorder,Schizophrenia & psychosis
NCT01611337,Schizophrenia,Schizophrenia & psychosis
NCT03688139,Major Depressive Disorder,Depression
NCT04657575,Major Depressive Disorder,Depression
NCT07173465,Schizophrenia,Schizophrenia & psychosis
NCT03432000,Schizophrenia,Schizophrenia & psychosis
NCT03591107,PTSD,PTSD
NCT02959307,Depression,Depression
NCT02959307,Major Depressive Disorder,Depression
NCT04716036,Bipolar Disorder,Bipolar disorder
NCT04716036,Alcohol Use Disorder,Substance use
NCT02790736,Social Anxiety Disorder,Anxiety
NCT01434836,Depression,Depression
NCT05785312,Generalized Anxiety Disorder,Anxiety
NCT05785312,Major Depressive Disorder,Depression
NCT05785312,Social Anxiety Disorder,Anxiety
NCT05785312,Panic Attacks,Anxiety
NCT05785312,Obsessive-Compulsive Disorder and Symptoms,OCD
NCT01573728,Depression,Depression
NCT05540067,Anxiety,Anxiety
NCT05540067,Depression,Depression
NCT03625271,Depression,Depression
NCT03625271,Non-psychotic Diagnosis as Co-morbidity,Schizophrenia & psychosis
NCT07130734,Depression - Major Depressive Disorder,Depression
NCT07130734,Anxiety,Anxiety
NCT04346771,Depressive Symptoms,Depression
NCT06565429,Substance-Related Disorders,Substance use
NCT03075657,Schizophrenia,Schizophrenia & psychosis
NCT05571228,Schizophrenia,Schizophrenia & psychosis
NCT05571228,Psychosis,Schizophrenia & psychosis
NCT05537311,Anxiety,Anxiety
NCT05537311,Depression,Depression
NCT04244071,Anxiety,Anxiety
NCT05809609,Treatment Resistant Depression,Depression
NCT05809609,Depression,Depression
NCT05809609,Major Depressive Disorder,Depression
NCT01799551,Depression,Depression
NCT05988502,"Depression, Anxiety",Depression
NCT04510272,Anxiety,Anxiety
NCT04510272,Depression,Depression
NCT04510272,PTSD,PTSD
NCT05120765,Depression,Depression
NCT05120765,Anxiety,Anxiety
NCT03075800,Schizophrenia,Schizophrenia & psychosis
NCT03075800,Bipolar Disorder,Bipolar disorder
NCT04847934,Anxiety,Anxiety
NCT06514495,Agoraphobia; Panic,Anxiety
NCT06514495,Social Anxiety Disorder,Anxiety
NCT07131137,Schizophenia Disorder,Schizophrenia & psychosis
NCT06058039,Major Depressive Disorder,Depression
NCT01677377,Schizophrenia,Schizophrenia & psychosis
NCT02398877,Major Depressive Disorder,Depression
NCT06335875,Bipolar Disorder,Bipolar disorder
NCT03504475,Major Depressive Disorder,Depression
NCT03504475,Obsessive-Compulsive Disorder,OCD
NCT03504475,Panic Disorder,Anxiety
NCT03504475,Social Anxiety Disorder,Anxiety
NCT03504475,Generalized Anxiety Disorder,Anxiety
NCT05454657,Substance Use Disorders,Substance use
NCT01597167,Depression,Depression
NCT03973853,Schizophrenia,Schizophrenia & psychosis
NCT01903837,Schizophrenia,Schizophrenia & psychosis
NCT04523337,Substance Use Disorder,Substance use
NCT03873337,Tobacco Use Disorder,Substance use
NCT03873337,Schizophrenia,Schizophrenia & psychosis
NCT03873337,Schizoaffective Disorder,Schizophrenia & psychosis
NCT03791645,Opioid Use,Substance use
NCT03791645,Opioid-use Disorder,Substance use
NCT03791645,Substance Use Disorders,Substance use
NCT02821975,Depression in Remission,Depression
NCT01009112,Posttraumatic Stress Disorder,PTSD
NCT05026619,Anxiety,Anxiety
NCT06587230,Depression,Depression
NCT06587230,Anxiety,Anxiety
NCT02035553,Alzheimer's Disease Psychosis,Schizophrenia & psychosis
NCT03352453,"Depressive Disorder, Major",Depression
NCT05837845,PTSD,PTSD
NCT02438072,Depression,Depression
NCT06309472,Major Depressive Disorder,Depression
NCT02217995,Obsessive-Compulsive Disorder,OCD
NCT02926677,"Stress Disorders, Post-Traumatic",PTSD
NCT02264275,Depression,Depression
NCT02479919,Social Cognition in Patients With Schizophrenia,Schizophrenia & psychosis
NCT01192867,Schizophrenia,Schizophrenia & psychosis
NCT03668600,"Depressive Disorder, Major",Depression
NCT02551445,Anorexia Nervosa,Eating disorders
NCT02004145,Major Depressive Disorder,Depression
NCT03186872,Anxiety,Anxiety
NCT01469039,Schizophrenia,Schizophrenia & psychosis
NCT05086757,Posttraumatic Stress Disorder,PTSD
NCT04971057,Anxiety,Anxiety
NCT03706001,Depression,Depression
NCT03706001,Anxiety,Anxiety
NCT05097430,Hazardous Alcohol Use,Substance use
NCT01523730,Schizophrenia,Schizophrenia & psychosis
NCT01523730,Nicotine Addiction,Substance use
NCT06402955,Major Depressive Disorder,Depression
NCT07316374,Anxiety Literacy,Anxiety
NCT07316374,Anxiety Disorders,Anxiety
NCT02773082,Obsessive-Compulsive Disorder (OCD),OCD
NCT04317859,Bipolar Disorder,Bipolar disorder
NCT06799559,Schizophrenia,Schizophrenia & psychosis
NCT05111548,Schizophrenia,Schizophrenia & psychosis
NCT05111548,Schizo Affective Disorder,Schizophrenia & psychosis
NCT05111548,Bipolar Disorder,Bipolar disorder
NCT02809326,Post-Traumatic Stress Disorder,PTSD
NCT07580885,Anxiety,Anxiety
NCT03981185,Alcohol Use Disorder,Substance use
NCT03981185,Depression,Depression
NCT06828276,Depressive Symptoms,Depression
NCT06828276,Anxiety Symptoms,Anxiety
NCT01957410,Major Depressive Disorder,Depression
NCT03191760,Post-Traumatic Stress Disorder,PTSD
NCT03683823,Social Anxiety Disorder,Anxiety
NCT07186023,Late-Life Prodromal Depression,Depression
NCT07186023,Late-Life Depression,Depression
NCT02961738,Depression,Depression
NCT04859647,Bipolar Spectrum Disorder,Bipolar disorder
NCT01520649,Depression,Depression
NCT05616949,Opioid Use Disorder,Substance use
NCT05616949,Substance Use Disorder,Substance use
NCT03989284,Depressive Symptoms,Depression
NCT05281133,Anxiety Acute,Anxiety
NCT04042038,Obsessive-Compulsive Disorder (OCD),OCD
NCT02669758,Schizophrenia,Schizophrenia & psychosis
NCT05711940,Treatment Resistant Depression,Depression
NCT03925168,Depression,Depression
NCT03925168,Anxiety,Anxiety
NCT03925168,Major Depressive Disorder,Depression
NCT03925168,Generalized Anxiety Disorder,Anxiety
NCT03373110,Depression,Depression
NCT04533529,"Depressive Disorder, Major",Depression
NCT03071939,Schizophrenia,Schizophrenia & psychosis
NCT01745575,Anxiety Disorders,Anxiety
NCT02213601,"Depression, Postpartum",Depression
NCT01670019,Major Depressive Disorder Without Psychotic Features,Depression
NCT06452836,Anxiety,Anxiety
NCT06452836,Anxiety State,Anxiety
NCT04277936,Schizophrenia; Psychosis,Schizophrenia & psychosis
NCT04673578,Obsessive-Compulsive Disorder,OCD
NCT07429578,Generalized Anxiety Disorder (GAD),Anxiety
NCT03359785,Schizophrenia,Schizophrenia & psychosis
NCT02579317,Substance Use Disorder,Substance use
NCT02105740,Depression Anxiety Disorder,Depression
NCT03860597,Schizophrenia,Schizophrenia & psychosis
NCT03860597,Schizo Affective Disorder,Schizophrenia & psychosis
NCT03860597,Schizoaffective Disorder,Schizophrenia & psychosis
NCT05637879,PTSD,PTSD
NCT06356896,Anxiety,Anxiety
NCT04807517,Anxiety,Anxiety
NCT04592718,Anxiety,Anxiety
NCT03581097,Anxiety Disorders,Anxiety
NCT04786496,Depression,Depression
NCT05489042,Substance Abuse,Substance use
NCT05489042,Depression,Depression
NCT02926976,Schizophrenia,Schizophrenia & psychosis
NCT03468517,Anxiety State,Anxiety
NCT05516368,Posttraumatic Stress Disorder,PTSD
NCT05516368,Major Depressive Disorder,Depression
NCT05516368,Anxiety Disorders,Anxiety
NCT06486389,Fear Anxiety,Anxiety
NCT03841474,Depression,Depression
NCT04826510,Depressive Disorder,Depression
NCT06150196,Post-traumatic Stress Disorder,PTSD
NCT02827396,Depression,Depression
NCT03872596,Bipolar Disorder,Bipolar disorder
NCT03872596,Schizophrenia,Schizophrenia & psychosis
NCT03450291,Anorexia Nervosa in Remission,Eating disorders
NCT03450291,Eating Disorder,Eating disorders
NCT01090713,Binge Eating Disorder,Eating disorders
NCT04967560,Obsessive-Compulsive Disorder,OCD
NCT06175559,Schizophrenia and Related Disorders,Schizophrenia & psychosis
NCT05873127,Feeding and Eating Disorders,Eating disorders
NCT06193876,Depression,Depression
NCT01729689,Anxiety Disorder,Anxiety
NCT06118268,Schizophrenia,Schizophrenia & psychosis
NCT06118268,Schizo Affective Disorder,Schizophrenia & psychosis
NCT06118268,Schizophreniform Disorders,Schizophrenia & psychosis
NCT06118268,Psychosis Nos/Other,Schizophrenia & psychosis
NCT02679768,Depression,Depression
NCT03538691,Major Depressive Disorder,Depression
NCT04544618,Anxiety State,Anxiety
NCT02988518,Patient With Bipolar Disorder,Bipolar disorder
NCT04302818,Anxiety,Anxiety
NCT04302818,Depression,Depression
NCT03899090,Generalized Anxiety Disorder,Anxiety
NCT03899090,Social Anxiety Disorder,Anxiety
NCT03899090,Panic Disorder,Anxiety
NCT03899090,Agoraphobia,Anxiety
NCT03899090,Posttraumatic Stress Disorder,PTSD
NCT03899090,Major Depressive Disorder,Depression
NCT06036160,Depressive Disorder,Depression
NCT05684120,Depression,Depression
NCT05684120,Anxiety,Anxiety
NCT06419959,Post-traumatic Stress Disorder (PTSD),PTSD
NCT04864340,Anxiety,Anxiety
NCT01837797,Major Depressive Disorder,Depression
NCT04007510,First Episode Psychosis (FEP),Schizophrenia & psychosis
NCT03404882,Depression,Depression
NCT03404882,Bipolar Disorder,Bipolar disorder
NCT03404882,Schizophrenia,Schizophrenia & psychosis
NCT03712462,Eating Disorder,Eating disorders
NCT03712462,Binge-Eating Disorder,Eating disorders
NCT03712462,Binge Eating,Eating disorders
NCT06105762,Depressive Disorder,Depression
NCT06105762,Major Depressive Disorder,Depression
NCT06105762,"Depression, Bipolar",Depression
NCT06386588,Schizophrenia,Schizophrenia & psychosis
NCT05136586,Performance Anxiety,Anxiety
NCT04603235,Depression,Depression
NCT04603235,Depressive Disorder,Depression
NCT02272517,Major Depressive Disorder,Depression
NCT05757791,Major Depressive Disorder,Depression
NCT01662297,Substance Use Disorder,Substance use
NCT05030610,Depression,Depression
NCT05030610,Depressive Symptoms,Depression
NCT01804920,Schizophrenia and Schizoaffective Disorder,Schizophrenia & psychosis
NCT02928159,Schizophrenia Spectrum and Other Psychotic Disorders,Schizophrenia & psychosis
NCT03456388,Depression,Depression
NCT04321317,Anorexia Nervosa,Eating disorders
NCT04113850,PTSD,PTSD
NCT07300618,Anxiety,Anxiety
NCT04301180,Feeding and Eating Disorders of Childhood,Eating disorders
NCT06064474,Anxiety,Anxiety
NCT06064474,Depressive Symptoms,Depression
NCT05026203,Depression,Depression
NCT06005103,Moderate Depression,Depression
NCT06005103,Severe Depressive Episode Without Psychotic Symptoms,Depression
NCT06005103,"Recurrent Depressive Disorder, Current Episode Moderate",Depression
NCT06005103,"Recurrent Depressive Disorder, Current Episode Severe Without Psychotic Symptoms",Depression
NCT04450303,Social Anxiety,Anxiety
NCT04842903,Anxiety,Anxiety
NCT07159061,Major Depressive Disorder (MDD),Depression
NCT03329391,Treatment-resistant Depression,Depression
NCT06038318,Anxiety,Anxiety
NCT02261818,Depression,Depression
NCT05585203,Substance Use Disorders,Substance use
NCT03974503,"Stress Disorders, Post-Traumatic",PTSD
NCT01458327,Posttraumatic Stress Disorder,PTSD
NCT05612061,Alcohol Use Disorder,Substance use
NCT05612061,Substance Use Disorders,Substance use
NCT02796573,Adult Depression,Depression
NCT02523105,Depression,Depression
NCT02458105,Acute Psychosis,Schizophrenia & psychosis
NCT03514394,Depression,Depression
NCT03514394,PTSD,PTSD
NCT03505866,Depression,Depression
NCT03505866,Anxiety,Anxiety
NCT01429831,Major Depressive Disorder,Depression
NCT07161102,Anxiety Disorders,Anxiety
NCT05871372,Depression,Depression
NCT04368039,Psychosis,Schizophrenia & psychosis
NCT04368039,Schizophrenia,Schizophrenia & psychosis
NCT04368039,First-episode Psychosis,Schizophrenia & psychosis
NCT03179839,Obsessive-Compulsive Disorder,OCD
NCT01582581,Major Depressive Disorder,Depression
NCT02459327,Depression,Depression
NCT03502486,Substance Use Disorders,Substance use
NCT06238869,Depression,Depression
NCT06238869,Anxiety,Anxiety
NCT04876183,Binge Eating Disorder,Eating disorders
NCT02965027,Post-Traumatic Headache,PTSD
NCT04761861,Schizophrenia,Schizophrenia & psychosis
NCT03849170,Performance Anxiety,Anxiety
NCT07168954,Depression,Depression
NCT02486705,"Stress Disorders, Post-Traumatic",PTSD
NCT05900245,Depression,Depression
NCT04771195,Anxiety,Anxiety
NCT04771195,Depression,Depression
NCT03991377,Psychotic Episode,Schizophrenia & psychosis
NCT07541157,Schizophrenia Patients,Schizophrenia & psychosis
NCT05355142,Treatment Resistant Depression,Depression
NCT06572683,MDD,Depression
NCT06572683,Depression,Depression
NCT04110405,Depression,Depression
NCT04110405,Anxiety,Anxiety
NCT02808702,Social Phobia,Anxiety
NCT03917875,Anxiety,Anxiety
NCT01376986,Depression,Depression
NCT05654870,Schizophrenia,Schizophrenia & psychosis
NCT04545294,Schizophrenia,Schizophrenia & psychosis
NCT04545294,Schizoaffective Disorder,Schizophrenia & psychosis
NCT06076031,Anxiety,Anxiety
NCT04106102,Obsessive-Compulsive Disorder,OCD
NCT06028945,Anxiety Disorders,Anxiety
NCT04752072,Complex Post-Traumatic Stress Disorder,PTSD
NCT03360695,Severe Major Depression,Depression
NCT03360695,Schizophrenia,Schizophrenia & psychosis
NCT03360695,Bipolar Disorder,Bipolar disorder
NCT06231095,OCD,OCD
NCT07452861,Maternal Anxiety,Anxiety
NCT05314361,Postpartum Depression,Depression
NCT05377294,Psychosis,Schizophrenia & psychosis
NCT02047539,Clinical High Risk for Psychosis,Schizophrenia & psychosis
NCT04949477,Anxiety,Anxiety
NCT03436173,Depression,Depression
NCT04070183,Anxiety,Anxiety
NCT04070183,Depression,Depression
NCT04070183,Post Traumatic Stress Disorder,PTSD
NCT04529694,Major Depressive Disorder,Depression
NCT06619366,Major Depressive Episode,Depression
NCT02651402,Anxiety Disorders,Anxiety
NCT05648539,"Depression, Anxiety",Depression
NCT03970642,Depression,Depression
NCT02543983,Depression,Depression
NCT04673851,Schizophrenia,Schizophrenia & psychosis
NCT04673851,Schizoaffective Disorder,Schizophrenia & psychosis
NCT04673851,Schizophreniform Disorders,Schizophrenia & psychosis
NCT04673851,Unspecified Schizophrenia Spectrum and Other Psychotic Disorder,Schizophrenia & psychosis
NCT06676202,Anxiety,Anxiety
NCT06058702,Schizophrenia,Schizophrenia & psychosis
NCT06058702,Cannabis Use Disorder,Substance use
NCT03860753,Alcohol Use Disorder,Substance use
NCT07062042,PTSD - Post Traumatic Stress Disorder,PTSD
NCT07062042,Depression Disorders,Depression
NCT02546570,Posttraumatic Stress Disorder (PTSD),PTSD
NCT03593473,"Depression, Postpartum",Depression
NCT03593473,Anxiety Disorders,Anxiety
NCT02863094,Schizophrenia,Schizophrenia & psychosis
NCT02917122,Depression,Depression
NCT02262156,Depression,Depression
NCT06423651,Schizophrenia,Schizophrenia & psychosis
NCT06423651,Schizophreniform Disorders,Schizophrenia & psychosis
NCT06423651,Brief Psychotic Disorder,Schizophrenia & psychosis
NCT06423651,Schizoaffective Disorder,Schizophrenia & psychosis
NCT06423651,Schizophrenia Spectrum and Other Psychotic Disorders,Schizophrenia & psychosis
NCT06609902,Bipolar Disorder,Bipolar disorder
NCT06609902,Tobacco Use Disorder,Substance use
NCT06345053,Post Traumatic Stress Disorder,PTSD
NCT06345053,Substance Use Disorders,Substance use
NCT03453437,Depression,Depression
NCT03453437,Anxiety,Anxiety
NCT04031547,Depression,Depression
NCT02614326,Major Depressive Disorder,Depression
NCT04460378,Agoraphobia,Anxiety
NCT03988985,Depression,Depression
NCT07063485,Adolescent Depression,Depression
NCT05482217,Depression,Depression
NCT02081417,Post-Traumatic Stress Disorder,PTSD
NCT02081417,Substance Use Disorders,Substance use
NCT04301089,Anxiety,Anxiety
NCT01368068,Perimenopausal Depression,Depression
NCT05820789,Anxiety,Anxiety
NCT02832050,Anxiety,Anxiety
NCT05353491,Perinatal Depression,Depression
NCT05353491,"Depression, Postpartum",Depression
NCT03315390,"Stress Disorders, Post-Traumatic",PTSD
NCT06349460,Binge Eating,Eating disorders
NCT06443060,Anxiety,Anxiety
NCT02593643,Major Depressive Disorder,Depression
NCT02593643,Bipolar I Disorder,Bipolar disorder
NCT02593643,Bipolar II Disorder,Bipolar disorder
NCT02593643,Bipolar Depression,Depression
NCT01739335,"Stress Disorders, Post-Traumatic",PTSD
NCT05551468,Depressive Disorder,Depression
NCT05551468,Anxiety Disorders,Anxiety
NCT05748990,Schizophrenia,Schizophrenia & psychosis
NCT05054660,Geriatric Depression,Depression
NCT01430455,Bipolar Disorder I or II,Bipolar disorder
NCT07183826,Anxiety,Anxiety
NCT07183826,Depressive,Depression
NCT05304143,Claustrophobia,Anxiety
NCT06625008,Anxiety,Anxiety
NCT02918825,Schizophrenia,Schizophrenia & psychosis
NCT01923025,Schizophrenia,Schizophrenia & psychosis
NCT01655368,Schizophrenia,Schizophrenia & psychosis
NCT01655368,Depression,Depression
NCT03489174,Substance Use Disorders,Substance use
NCT04620460,Negative Symptoms of Schizophrenia,Schizophrenia & psychosis
NCT04139785,Depression,Depression
NCT03922217,Depression,Depression
NCT05792540,Depressive Disorder,Depression
NCT04847076,"Depression, Postpartum",Depression
NCT04847076,Anxiety Disorders and Symptoms,Anxiety
NCT06826417,Oral Anxiolytic,Anxiety
NCT06826417,State Anxiety,Anxiety
NCT05554289,Depression,Depression
NCT05640089,"Depression, Unipolar",Depression
NCT02366390,Anxiety,Anxiety
NCT04413513,Anxiety Symptoms,Anxiety
NCT05466617,Anxiety,Anxiety
NCT05855850,Major Depressive Disorder,Depression
NCT02896374,Schizophrenia,Schizophrenia & psychosis
NCT01860924,Nicotine Dependence,Substance use
NCT01860924,Depression,Depression
NCT01892124,Depression,Depression
NCT01892124,Dysthymic Disorder,Depression
NCT05697835,Depression,Depression
NCT05697835,Anxiety,Anxiety
NCT01752608,Major Depressive Disorder,Depression
NCT01927276,Schizophrenia,Schizophrenia & psychosis
NCT05538910,Major Depressive Disorder,Depression
NCT05538910,Substance Use Disorder,Substance use
NCT06889025,Schizophrenia,Schizophrenia & psychosis
NCT06889025,Schizoaffective Disorder,Schizophrenia & psychosis
NCT01654640,Schizophrenia,Schizophrenia & psychosis
NCT04741568,Disordered Eating,Eating disorders
NCT04741568,Eating Disorders,Eating disorders
NCT05881174,PTSD,PTSD
NCT06301074,Schizophrenia,Schizophrenia & psychosis
NCT02227160,Depression,Depression
NCT01992913,Schizophrenia,Schizophrenia & psychosis
NCT01992913,Schizoaffective Disorder,Schizophrenia & psychosis
NCT06207760,Depression,Depression
NCT01320982,Schizophrenia,Schizophrenia & psychosis
NCT01320982,Schizoaffective Disorder,Schizophrenia & psychosis
NCT02399696,PTSD,PTSD
NCT07152925,Depression Disorders,Depression
NCT05122676,Depression,Depression
NCT05122676,Anxiety,Anxiety
NCT05122676,Opioid-Related Disorders,Substance use
NCT02453217,Schizophrenia,Schizophrenia & psychosis
NCT02453217,Schizoaffective Disorder,Schizophrenia & psychosis
NCT02453217,Bipolar Affective Disorder,Bipolar disorder
NCT01689740,Posttraumatic Stress Disorder (PTSD),PTSD
NCT03606850,Major Depressive Disorder,Depression
NCT01129674,Schizophrenia,Schizophrenia & psychosis
NCT05104918,Major Depressive Disorder,Depression
NCT04426318,Anxiety,Anxiety
NCT04426318,Depression,Depression
NCT04366518,Psychosis,Schizophrenia & psychosis
NCT06800118,Anxiety,Anxiety
NCT06289010,Childhood Depression,Depression
NCT04069091,Perinatal Depression,Depression
NCT05574491,Depressive Disorder,Depression
NCT05574491,Depressive Symptoms,Depression
NCT05574491,Anxiety Disorders,Anxiety
NCT05574491,Anxiety Disorders and Symptoms,Anxiety
NCT02782091,Schizophrenia,Schizophrenia & psychosis
NCT06910410,Anorexia Nervosa,Eating disorders
NCT06910410,Bulimia,Eating disorders
NCT06910410,Disordered Eating Behaviors,Eating disorders
NCT01367080,Depression,Depression
NCT01367080,Depressive State,Depression
NCT02084979,Anxiety Disorder,Anxiety
NCT02084979,Substance Use Disorder,Substance use
NCT03491696,Depressive Disorder,Depression
NCT07285161,PTSD - Post Traumatic Stress Disorder,PTSD
NCT04140773,Psychotic Disorder,Schizophrenia & psychosis
NCT02593474,Opioid Use Disorder,Substance use
NCT02593474,Opioid Dependence,Substance use
NCT03919760,First Episode Psychosis,Schizophrenia & psychosis
NCT03919760,"Schizophrenia, Childhood",Schizophrenia & psychosis
NCT03919760,Psychosis,Schizophrenia & psychosis
NCT03919760,Schizophrenia,Schizophrenia & psychosis
NCT03919760,Schizoaffective Disorder,Schizophrenia & psychosis
NCT03919760,Schizophreniform Disorders,Schizophrenia & psychosis
NCT03919760,Bipolar I Disorder,Bipolar disorder
NCT03919760,Schizophrenia Spectrum and Other Psychotic Disorders,Schizophrenia & psychosis
NCT03919760,"Affective Disorders, Psychotic",Schizophrenia & psychosis
NCT03919760,Psychotic Disorder Due to Unspecified Substance,Schizophrenia & psychosis
NCT04199182,Post-traumatic Stress Disorder,PTSD
NCT06488859,Depression,Depression
NCT06488859,Anxiety,Anxiety
NCT04186962,Post-traumatic Stress Disorders,PTSD
NCT03978442,"Stress Disorders, Post-Traumatic",PTSD
NCT06749470,Major Depressive Disorder (MDD),Depression
NCT02532660,Depression,Depression
NCT04460027,Substance Use Disorders,Substance use
NCT04460027,Alcohol Use Disorder,Substance use
NCT06100146,Depressive Symptoms,Depression
NCT06038786,Psychotic Disorders,Schizophrenia & psychosis
NCT06038786,Anxiety Disorders,Anxiety
NCT06060886,Schizophrenia,Schizophrenia & psychosis
NCT06060886,Treatment-resistant Schizophrenia,Schizophrenia & psychosis
NCT06060886,Psychosis,Schizophrenia & psychosis
NCT02602886,Obsessive-Compulsive Disorder,OCD
NCT04363086,Depression,Depression
NCT06465589,Social Anxiety,Anxiety
NCT06216691,Depressive Symptoms,Depression
NCT04093518,Schizophrenia,Schizophrenia & psychosis
NCT04093518,Schizoaffective Disorder,Schizophrenia & psychosis
NCT04093518,Schizophreniform Disorders,Schizophrenia & psychosis
NCT03300713,"Depression, Postpartum",Depression
NCT04264520,Post Traumatic Stress Disorder,PTSD
NCT04264520,Post Partum Depression,Depression
NCT05295888,Major Depressive Disorder,Depression
NCT05818488,Anxiety Disorder,Anxiety
NCT06193161,Posttraumatic Stress Disorder,PTSD
NCT02553161,Depression,Depression
NCT02553161,Anxiety,Anxiety
NCT02553161,Bipolar Disorder,Bipolar disorder
NCT05908097,Opioid Use,Substance use
NCT05908097,Opioid Use Disorder,Substance use
NCT05908097,Substance Use Disorders,Substance use
NCT01863459,Adult Attention Deficit Hyperactivity Disorder (ADHD) With Co-occuring Anxiety and Depressive Disorders,Depression
NCT01192880,Schizophrenia,Schizophrenia & psychosis
NCT05459246,Anxiety,Anxiety
NCT01466127,Posttraumatic Stress Disorder,PTSD
NCT01751542,Substance Use Disorder,Substance use
NCT01571973,Depression,Depression
NCT06042283,Depression in Old Age,Depression
NCT05181254,Depression,Depression
NCT02644161,Depression,Depression
NCT03551886,Substance Use Disorders,Substance use
NCT06917170,Depressive Symptoms,Depression
NCT06917170,Anxiety Symptoms,Anxiety
NCT04061954,Posttraumatic Stress Disorder,PTSD
NCT02435654,Early-onset Schizophrenia,Schizophrenia & psychosis
NCT05066672,Treatment Resistant Depression,Depression
NCT06696001,Depression,Depression
NCT02473081,Depression,Depression
NCT05629507,Anxiety,Anxiety
NCT05898100,Dental Phobia,Anxiety
NCT00970437,Chronic Major Depressive Disorder,Depression
NCT03202095,Major Depressive Disorder,Depression
NCT06608277,Posttraumatic Headache,PTSD
NCT06608277,Posttraumatic Stress Disorder,PTSD
NCT01944657,1. Major Depressive Disorder,Depression
NCT02627612,Posttraumatic Stress Disorder,PTSD
NCT01379781,Postpartum Depression,Depression
NCT02500719,"Stress Disorders, Post-Traumatic",PTSD
NCT01822730,Methamphetamine Dependence,Substance use
NCT07225192,Generalized Anxiety Disorder (GAD),Anxiety
NCT07225192,Major Depressive Disorder,Depression
NCT01087736,PTSD,PTSD
NCT01087736,Alcohol Abuse,Substance use
NCT01087736,Alcoholism,Substance use
NCT06199011,Depressive Symptoms,Depression
NCT06545071,Opioid Use Disorder,Substance use
NCT06545071,Anxiety,Anxiety
NCT06545071,Depression,Depression
NCT04940039,Schizophrenia,Schizophrenia & psychosis
NCT03310112,Anxiety,Anxiety
NCT03310112,Post Traumatic Stress Disorder,PTSD
NCT03310112,Depression,Depression
NCT03641300,Bipolar Disorder,Bipolar disorder
NCT03641300,Bipolar Depression,Depression
NCT03641300,Bipolar I Disorder,Bipolar disorder
NCT03641300,Bipolar II Disorder,Bipolar disorder
NCT02865629,Depression,Depression
NCT02832037,Schizophrenia,Schizophrenia & psychosis
NCT01352637,Post Traumatic Stress Disorder,PTSD
NCT04986072,Schizophrenia,Schizophrenia & psychosis
NCT04986072,Schizoaffective Disorder,Schizophrenia & psychosis
NCT01757301,Depression,Depression
NCT01757301,Anxiety,Anxiety
NCT07549581,Schizophrenia,Schizophrenia & psychosis
NCT07549581,Major Depressive Disorder (MDD),Depression
NCT07549581,Bipolar Disorder,Bipolar disorder
NCT03190707,Anxiety,Anxiety
NCT03190707,Depression,Depression
NCT04560075,Depression,Depression
NCT01460381,"Depressive Disorder, Major",Depression
NCT07151781,Prenatal Depression,Depression
NCT07151781,Maternal Postpartum Depression,Depression
NCT07151781,Paternal Postpartum Depression,Depression
NCT06291467,Depression,Depression
NCT06528067,Binge Eating,Eating disorders
NCT01733602,Schizophrenia,Schizophrenia & psychosis
NCT05849402,"Bipolar II Disorder, Most Recent Episode Major Depressive",Depression
NCT05849402,Current Depressive Episode,Depression
NCT05849402,Treatment Resistant Depression,Depression
NCT01423253,Major Depressive Disorder,Depression
NCT05377177,Treatment-resistant Depression,Depression
NCT02299453,Depression,Depression
NCT05325645,Acute Schizophrenia,Schizophrenia & psychosis
NCT01534377,Depression,Depression
NCT01083381,Schizophrenia,Schizophrenia & psychosis
NCT07088367,Anxiety,Anxiety
NCT07075237,Schizophrenia,Schizophrenia & psychosis
NCT04616937,Anxiety,Anxiety
NCT03684239,Feeding and Eating Disorders,Eating disorders
NCT03056157,Post-traumatic Stress Disorder,PTSD
NCT06184581,Bipolar II Disorder,Bipolar disorder
NCT05992831,Depression,Depression
NCT01828931,Schizophrenia,Schizophrenia & psychosis
NCT01828931,Schizoaffective Disorder,Schizophrenia & psychosis
NCT01828931,Schizophreniform Disorder,Schizophrenia & psychosis
NCT01828931,Bipolar I Disorder,Bipolar disorder
NCT01828931,Substance-induced Psychosis,Schizophrenia & psychosis
NCT01828931,Psychotic Disorders,Schizophrenia & psychosis
NCT01828931,Major Depressive Disorder,Depression
NCT03663465,Schizophrenia,Schizophrenia & psychosis
NCT05746767,"Depression, Anxiety",Depression
NCT06357429,Anxiety,Anxiety
NCT06493695,"Depression, Anxiety",Depression
NCT05786677,Depression,Depression
NCT03889301,Anxiety Depression,Depression
NCT03971097,Substance Use Disorders,Substance use
NCT03971097,Opiate Dependence,Substance use
NCT03971097,Opiate Withdrawal Syndrome,Substance use
NCT03971097,Opioid-use Disorder,Substance use
NCT03971097,Alcohol Abuse,Substance use
NCT03971097,Alcohol Use Disorder,Substance use
NCT03971097,Cocaine Abuse,Substance use
NCT03971097,Cocaine Use Disorder,Substance use
NCT03971097,Cocaine Withdrawal,Substance use
NCT03971097,Benzodiazepine Dependence,Substance use
NCT03971097,Substance Abuse,Substance use
NCT04041024,Bulimia Nervosa,Eating disorders
NCT05518162,Post-partum Depression,Depression
NCT01239888,Depression,Depression
NCT01239888,Major Depressive Disorder,Depression
NCT06046586,Anxiety,Anxiety
NCT06046586,Depression,Depression
NCT05032586,Fear and Anxiety,Anxiety
NCT01602510,Bipolar Disorder,Bipolar disorder
NCT01258920,Schizophrenia,Schizophrenia & psychosis
NCT07817459,Examination Phobia,Anxiety
NCT01940159,Schizophrenia,Schizophrenia & psychosis
NCT05871580,Anxiety Depression,Depression
NCT06384196,Depression,Depression
NCT06384196,Anxiety,Anxiety
NCT06594588,Depression - Major Depressive Disorder,Depression
NCT06765824,Major Depression,Depression
NCT06765824,Tobacco Addiction,Substance use
NCT06365723,Stress and Anxiety,Anxiety
NCT06290180,Addiction,Substance use
NCT06290180,Depression/Anxiety,Depression
NCT03391596,Depressive Symptoms,Depression
NCT04807062,Depressed Tibial Plateau Fractures,Depression
NCT05044546,Depression,Depression
NCT05044546,Tobacco Use Disorder,Substance use
NCT05134103,Major Depressive Disorder,Depression
NCT06331286,Bipolar Disorder,Bipolar disorder
NCT04495803,Perinatal Anxiety,Anxiety
NCT07525388,Anxiety,Anxiety
NCT05987969,Social Anxiety Disorder (Social Phobia),Anxiety
NCT05987969,Social Anxiety,Anxiety
NCT05987969,Social Anxiety Disorder,Anxiety
NCT06620783,Depression,Depression
NCT06620783,PTSD,PTSD
NCT04634669,Treatment Resistant Depression,Depression
NCT04634669,Major Depressive Disorder,Depression
NCT06730841,Treatment Resistant Depression,Depression
NCT06730841,Major Depressive Disorder,Depression
NCT07065396,PTSD - Post Traumatic Stress Disorder,PTSD
NCT03761303,Post-stroke Depression,Depression
NCT01973270,Schizophrenia,Schizophrenia & psychosis
NCT01973270,Psychosis,Schizophrenia & psychosis
NCT04418362,"Depression, Anxiety",Depression
NCT05363527,Anhedonia,Depression
NCT05363527,Anxiety,Anxiety
NCT05363527,Depression,Depression
NCT01968161,Schizophrenia and Disorders With Psychotic Features,Schizophrenia & psychosis
NCT04768361,Major Depressive Disorder,Depression
NCT01267773,Depression,Depression
NCT06634641,Psychosis,Schizophrenia & psychosis
NCT05043441,Depressive Symptoms,Depression
NCT06484959,Anxiety,Anxiety
NCT06484959,Depression,Depression
NCT07025486,Anxiety,Anxiety
NCT07025486,"Depression, Anxiety",Depression
NCT01152554,Major Depressive Disorder,Depression
NCT01152554,MDD,Depression
NCT01152554,Depression,Depression
NCT06107803,Negative Symptoms in Schizophrenia,Schizophrenia & psychosis
NCT04206969,Major Depressive Disorder,Depression
NCT06588270,Schizophrenia,Schizophrenia & psychosis
NCT00981383,Depression,Depression
NCT07095205,Major Depressive Disorder (MDD),Depression
NCT06532305,Depression,Depression
NCT02846662,Depression,Depression
NCT02589262,Schizophrenia,Schizophrenia & psychosis
NCT04986969,Depressive Symptoms,Depression
NCT01200069,"Depression, Myalgia",Depression
NCT05989841,Posttraumatic Stress Disorder,PTSD
NCT05989841,Cannabis Use Disorder,Substance use
NCT05835583,Schizophrenia,Schizophrenia & psychosis
NCT02923141,Substance Related Disorder,Substance use
NCT02923141,Post Traumatic Stress Disorder,PTSD
NCT01159041,Depression,Depression
NCT02658994,Depression,Depression
NCT06359951,Depression,Depression
NCT06359951,Eating Disorders,Eating disorders
NCT06359951,Anxiety,Anxiety
NCT03062553,Schizophrenia,Schizophrenia & psychosis
NCT03062553,Psychosis,Schizophrenia & psychosis
NCT05407337,Post-traumatic Stress Disorder (PTSD),PTSD
NCT02522377,Treatment Resistant Depression,Depression
NCT02522377,Major Depressive Disorder,Depression
NCT02522377,Severe Depression,Depression
NCT04857775,Depression,Depression
NCT04857775,Addiction,Substance use
NCT02194075,Obsessive Compulsive Disorder,OCD
NCT04313439,Obsessive-Compulsive Disorder,OCD
NCT01432457,Major Depressive Disorder,Depression
NCT01316302,Social Anxiety Disorder,Anxiety
NCT07100951,Depressive Disorder,Depression
NCT07100951,Anxiety Disorders,Anxiety
NCT02655172,Schizophrenic Disorders,Schizophrenia & psychosis
NCT06726239,Anxiety,Anxiety
NCT05948839,Treatment Resistant Depression,Depression
NCT05948839,Major Depressive Disorder,Depression
NCT05806112,Depression,Depression
NCT05806112,Anxiety,Anxiety
NCT04137081,Anxiety,Anxiety
NCT05671419,Anxiety Disorders,Anxiety
NCT05671419,Generalized Anxiety Disorder,Anxiety
NCT05671419,Social Anxiety Disorder,Anxiety
NCT05671419,Social Phobia,Anxiety
NCT05671419,Panic Disorder,Anxiety
NCT05671419,Agoraphobia,Anxiety
NCT05671419,Major Depressive Disorder,Depression
NCT06363019,Perinatal Depression,Depression
NCT06363019,Anxiety,Anxiety
NCT07780695,Depressive Disorder,Depression
NCT04022577,Schizophrenia Spectrum Disorder,Schizophrenia & psychosis
NCT03348475,Binge-Eating Disorder,Eating disorders
NCT03348475,Eating Disorder,Eating disorders
NCT01632319,Depression,Depression
NCT01632319,Alcohol Abuse,Substance use
NCT05261230,Post Traumatic Stress Disorder,PTSD
NCT06981702,"Depression, Anxiety",Depression
NCT03894345,Anxiety,Anxiety
NCT03894345,Anxiety Disorders,Anxiety
NCT02736045,Depression,Depression
NCT02736045,Anxiety,Anxiety
NCT06024239,Generalized Anxiety Disorder (GAD),Anxiety
NCT06024239,Bipolar Disorder (BPD),Bipolar disorder
NCT06168175,Major Depressive Disorder,Depression
NCT06789731,Depression,Depression
NCT06789731,Anxiety,Anxiety
NCT01619631,Depression,Depression
NCT01609153,Schizophrenia,Schizophrenia & psychosis
NCT01609153,Schizoaffective Disorder,Schizophrenia & psychosis
NCT02139137,Posttraumatic Stress Disorder,PTSD
NCT04942145,"Anxiety, Dental",Anxiety
NCT06355375,Depression,Depression
NCT07143357,Anxiety,Anxiety
NCT07143357,Depression,Depression
NCT04366401,Schizophrenia and Related Disorders,Schizophrenia & psychosis
NCT05789329,PTSD,PTSD
NCT05321602,Schizophrenia,Schizophrenia & psychosis
NCT05321602,Psychotic Disorders,Schizophrenia & psychosis
NCT05321602,Schizophrenia Spectrum and Other Psychotic Disorders,Schizophrenia & psychosis
NCT05321602,Antipsychotic Agents,Schizophrenia & psychosis
NCT05321602,Central Nervous System Depression,Depression
NCT06374277,Depression,Depression
NCT06374277,Anxiety,Anxiety
NCT03567681,Bipolar Depression,Depression
NCT04276012,Schizophrenia,Schizophrenia & psychosis
NCT06231927,Depression,Depression
NCT06231927,Anxiety,Anxiety
NCT06464627,Anxiety,Anxiety
NCT06464627,Depression,Depression
NCT03121586,Schizophrenia,Schizophrenia & psychosis
NCT01470469,Generalized Anxiety Disorder (GAD),Anxiety
NCT01470469,"Anxiety, Separation",Anxiety
NCT01470469,"Phobia, Social",Anxiety
NCT04365972,Anxiety,Anxiety
NCT01880957,Bipolar Disorder,Bipolar disorder
NCT01880957,Bipolar Depression,Depression
NCT01880957,Unipolar Depression,Depression
NCT05625230,Depression,Depression
NCT06695767,Major Depressive Disorder,Depression
NCT05547334,Obsessive-Compulsive Disorder in Adolescence,OCD
NCT06081634,Bipolar Disorder,Bipolar disorder
NCT04244864,Post Traumatic Stress Disorder,PTSD
NCT04244864,Depression,Depression
NCT02466230,Depression,Depression
NCT01116830,Schizophrenia,Schizophrenia & psychosis
NCT06145334,Depression,Depression
NCT04336228,Obsessive-Compulsive Disorder/High Compulsive Individuals,OCD
NCT05576467,Depressive Symptoms,Depression
NCT01510236,Depression,Depression
NCT01510236,Anxiety,Anxiety
NCT06072898,Depressive Disorder,Depression
NCT06072898,Major Depressive Disorder,Depression
NCT07280481,"Depression, Anxiety",Depression
NCT01473381,Major Depressive Disorder,Depression
NCT04030819,Anxiety,Anxiety
NCT02911519,Schizophrenia,Schizophrenia & psychosis
NCT04094207,Schizophrenia,Schizophrenia & psychosis
NCT06604481,Anxiety Depression,Depression
NCT02271412,"Major Depressive Disorder, Recurrent, Unspecified",Depression
NCT04860830,Schizophrenia,Schizophrenia & psychosis
NCT03234439,Depression,Depression
NCT03234439,Anxiety,Anxiety
NCT03234439,Opioid Use,Substance use
NCT04504877,Post Traumatic Stress Disorder,PTSD
NCT04885257,PTSD,PTSD
NCT04159012,"Depressive Disorder, Major",Depression
NCT04159012,"Depressive Disorder, Treatment-Resistant",Depression
NCT03445130,Anxiety,Anxiety
NCT04280965,Post Traumatic Stress Disorder,PTSD
NCT05491707,Anxiety,Anxiety
NCT05120336,Major Depressive Disorder,Depression
NCT05402111,Schizophrenia,Schizophrenia & psychosis
NCT03759171,"Stress Disorders, Post-Traumatic",PTSD
NCT03759171,Depression,Depression
NCT06405932,Perinatal Depression,Depression
NCT04105712,Food Addiction,Substance use
NCT07013981,Depressive Symptoms,Depression
NCT07198100,Major Depressive Disorder (MDD),Depression
NCT01908192,Schizophrenia,Schizophrenia & psychosis
NCT04237532,Anti-anxiety Agents,Anxiety
NCT01204229,Anxiety,Anxiety
NCT01204229,Depression,Depression
NCT07716657,Depression Anxiety Disorder,Depression
NCT05426057,"Depression, Anxiety",Depression
NCT03754712,MDD,Depression
NCT06676228,Anxiety,Anxiety
NCT06676228,Depression Not Otherwise Specified,Depression
NCT03143907,Psychotic Disorders,Schizophrenia & psychosis
NCT03143907,Schizophrenia,Schizophrenia & psychosis
NCT04909736,Anxiety,Anxiety
NCT01244542,Schizophrenia,Schizophrenia & psychosis
NCT06636786,Acute Stress Disorder,PTSD
NCT06636786,Post-traumatic Stress,PTSD
NCT06215066,Anxiety,Anxiety
NCT01893229,Bipolar Disorder,Bipolar disorder
NCT01977729,Anxiety Disorder of Adolescence,Anxiety
NCT06710431,Alcohol Abuse,Substance use
NCT06710431,Alcohol Abuse/addiction,Substance use
NCT06710431,Anxiety,Anxiety
NCT06710431,Depression Disorders,Depression
NCT03500237,Anxiety,Anxiety
NCT03500237,Depression,Depression
NCT06035237,Anxiety,Anxiety
NCT05917886,Anxiety,Anxiety
NCT01372605,Depression,Depression
NCT06145594,Major Depressive Disorder,Depression
NCT01447966,Obsessive Compulsive Disorder (OCD),OCD
NCT05410132,Depression,Depression
NCT02909504,Bipolar Disorder,Bipolar disorder
NCT01422447,Anxiety,Anxiety
NCT01422447,Depression,Depression
NCT04443855,Maternal Depression,Depression
NCT06126185,Anxiety,Anxiety
NCT06119308,Anxiety,Anxiety
NCT03808909,Substance Use Disorders,Substance use
NCT02320799,Depression,Depression
NCT02320799,Posttraumatic Stress Disorder,PTSD
NCT01492621,Major Depression,Depression
NCT06383221,Perinatal Depression,Depression
NCT06383221,Perinatal Anxiety,Anxiety
NCT06121206,Bipolar Disorder,Bipolar disorder
NCT06121206,Depression,Depression
NCT05932706,Depressive Disorder,Depression
NCT04065126,PTSD,PTSD
NCT04065126,"Depression, Anxiety",Depression
NCT04832815,PTSD,PTSD
NCT04953208,Major Depressive Disorder,Depression
NCT01469325,Treatment-Resistant Depression Disease,Depression
NCT06451549,Depression,Depression
NCT06451549,Anxiety,Anxiety
NCT06291558,Nicotine Dependence,Substance use
NCT06291558,Depression,Depression
NCT04583748,Depression,Depression
NCT04583748,Anxiety,Anxiety
NCT03208855,Substance Use Disorders,Substance use
NCT01341925,Depression,Depression
NCT01392963,Depression,Depression
NCT03758326,Eating Disorder,Eating disorders
NCT04073043,Postpartum Depression,Depression
NCT04073043,Anxiety,Anxiety
NCT04816617,Subthreshold Depression,Depression
NCT02873299,"PTSD, Post Traumatic Stress Disorder",PTSD
NCT06528132,Depressive Symptoms,Depression
NCT04254198,Depression,Depression
NCT03714698,Schizophrenia,Schizophrenia & psychosis
NCT07136714,Major Depressive Disorder,Depression
NCT05161416,Anxiety,Anxiety
NCT06970652,Depressive Symptoms,Depression
NCT06970652,Anxiety,Anxiety
NCT06727149,Anxiety,Anxiety
NCT01488058,Depression,Depression
NCT02544126,Depression,Depression
NCT07247955,Panic Disorder,Anxiety
NCT02123485,Depression,Depression
NCT03415321,Postpartum Depression,Depression
NCT05609916,Obsessive-Compulsive Disorder,OCD
NCT05609916,Obsessive-Compulsive Disorder in Children,OCD
NCT05609916,Obsessive-Compulsive Disorder in Adolescence,OCD
NCT02659085,"Depressive Disorder, Major",Depression
NCT05818735,Depression,Depression
NCT04686864,Eating Disorders,Eating disorders
NCT06126198,Major Depressive Disorder,Depression
NCT06126198,Unipolar Depression,Depression
NCT06126198,Bipolar Depression,Depression
NCT02741206,Post-partum Depression,Depression
NCT05399784,Postpartum Depression,Depression
NCT05839847,Anxiety,Anxiety
NCT01809158,Schizophrenia,Schizophrenia & psychosis
NCT05259748,Schizophrenia,Schizophrenia & psychosis
NCT06910748,"Depression, Anxiety",Depression
NCT07712978,Anxiety,Anxiety
NCT00979693,Anxiety,Anxiety
NCT06937021,Eco-anxiety,Anxiety
NCT05785806,Postpartum Anxiety,Anxiety
NCT04911933,Post Traumatic Stress Disorder,PTSD
NCT04911933,Depression,Depression
NCT04911933,Anxiety,Anxiety
NCT04911933,Panic Disorder,Anxiety
NCT05054738,Alcoholism,Substance use
NCT05054738,Substance-related Disorders,Substance use
NCT02202226,Schizophrenia,Schizophrenia & psychosis
NCT02631785,Pediatric Anxiety Disorders,Anxiety
NCT01819311,Anxiety Disorders,Anxiety
NCT04860271,Anxiety,Anxiety
NCT01722344,"Schizophrenia, Schizotypal and Delusional Disorders",Schizophrenia & psychosis
NCT01722344,Bipolar Affective Disorder,Bipolar disorder
NCT01722344,Recurrent Depressive Disorder,Depression
NCT07154407,Schizophrenia Disorder,Schizophrenia & psychosis
NCT01913236,Depression,Depression
NCT06350201,Depression and Anxiety Symptom,Depression
NCT01619930,Depression,Depression
NCT02715128,Major Depressive Disorder,Depression
NCT02715128,Schizophrenia,Schizophrenia & psychosis
NCT02156128,Anxiety Disorders,Anxiety
NCT02156128,Depressive Disorder,Depression
NCT05085392,"Depression, Anxiety",Depression
NCT01492699,Post Traumatic Stress Disorder,PTSD
NCT05358899,Schizophrenia,Schizophrenia & psychosis
NCT03333798,Depression,Depression
NCT03333798,Anxiety,Anxiety
NCT03333798,Post-traumatic Stress Disorder,PTSD
NCT02029963,Major Depressive Disorder,Depression
NCT02562287,Bipolar Disorder,Bipolar disorder
NCT02058693,Major Depressive Disorder,Depression
NCT02026037,Posttraumatic Stress Disorder,PTSD
NCT03433339,Major Depressive Disorder,Depression
NCT01309581,Major Depression,Depression
NCT01309581,Bipolar Depression,Depression
NCT02106728,Eating Disorders,Eating disorders
NCT05118828,Anxiety,Anxiety
NCT05118828,Mild to Moderate Depression,Depression
NCT05634265,Depression,Depression
NCT06646900,Anxiety,Anxiety
NCT06646900,Depression,Depression
NCT06611592,Obsessive-Compulsive Disorder,OCD
NCT04465136,Anxiety Disorders and Symptoms,Anxiety
NCT01089764,Depression,Depression
NCT01089764,Anxiety,Anxiety
NCT04167709,"Depression, Postpartum",Depression
NCT02953639,Schizophrenia,Schizophrenia & psychosis
NCT05812001,Major Depressive Disorder,Depression
NCT04032301,Post-Traumatic Stress Disorders,PTSD
NCT04032301,Major Depressive Disorder,Depression
NCT06809881,Bipolar Disorder,Bipolar disorder
NCT02958228,Depression,Depression
NCT02958228,Anxiety,Anxiety
NCT02958228,Anhedonia,Depression
NCT03265600,Depression,Depression
NCT03265600,Anxiety,Anxiety
NCT05803707,Anorexia Nervosa,Eating disorders
NCT05627492,Bipolar Disorder,Bipolar disorder
NCT01397032,Social Phobia,Anxiety
NCT03924193,Binge-Eating Disorder,Eating disorders
NCT01413932,Major Depressive Disorder (Part 2),Depression
NCT02703363,Depression,Depression
NCT02703363,Bipolar Disorder,Bipolar disorder
NCT02703363,Bipolar Depression,Depression
NCT05454293,Depressive Symptoms,Depression
NCT05454293,Anxiety Disorders and Symptoms,Anxiety
NCT02196506,Depressive Disorder,Depression
NCT02196506,Depression,Depression
NCT02196506,"Depressive Disorder, Major",Depression
NCT05266833,Anxiety,Anxiety
NCT03552900,"Depression, Anxiety",Depression
NCT05539807,Eating Disorders,Eating disorders
NCT04252807,Perinatal Depression,Depression
NCT02953444,Depression,Depression
NCT02953444,Anxiety,Anxiety
NCT06989944,Major Depressive Disorder (MDD),Depression
NCT01686087,Obsessive Compulsive Disorder,OCD
NCT03334721,Bipolar I Disorder,Bipolar disorder
NCT03334721,Bipolar II Disorder,Bipolar disorder
NCT03334721,Cannabis Use Disorder,Substance use
NCT03334721,Substance Use Disorders,Substance use
NCT06339047,Anxiety and Fear,Anxiety
NCT04083352,PTSD,PTSD
NCT04111627,Depression,Depression
NCT05182827,Major Depressive Episode,Depression
NCT03508427,Bipolar Disorder,Bipolar disorder
NCT05520983,Depression,Depression
NCT05520983,Anxiety,Anxiety
NCT05682183,Major Depressive Disorder,Depression
NCT03737383,Posttraumatic Stress Disorder,PTSD
NCT03737383,Substance Use Disorders,Substance use
NCT07737054,"Post-Traumatic Stress Disorder, PTSD",PTSD
NCT06814366,Anxiety State,Anxiety
NCT04276922,Post-Traumatic Stress Disorder,PTSD
NCT04276922,"Depression, Anxiety",Depression
NCT03848000,Alcohol Abuse or Dependence,Substance use
NCT03848000,Alcohol Use Disorder,Substance use
NCT04318236,Depression Mild,Depression
NCT04318236,Depression Moderate,Depression
NCT03059771,Schizophrenia,Schizophrenia & psychosis
NCT03059771,Schizo Affective Disorder,Schizophrenia & psychosis
NCT03059771,Psychosis,Schizophrenia & psychosis
NCT01124344,Major Depression,Depression
NCT03993509,Anxiety,Anxiety
NCT03993509,Anxiety and Fear,Anxiety
NCT03925987,Generalized Anxiety Disorder,Anxiety
NCT03925987,Social Anxiety Disorder,Anxiety
NCT03925987,Panic Disorder,Anxiety
NCT03925987,Agoraphobia,Anxiety
NCT06232369,Anxiety Disorder,Anxiety
NCT06232369,Anxiety State,Anxiety
NCT05372887,PTSD,PTSD
NCT06153004,Depression,Depression
NCT06153004,Depressive Disorder,Depression
NCT06372834,Major Depressive Disorder,Depression
NCT06372834,Treatment-Resistant Depression,Depression
NCT04394832,"Stress Disorders, Post-Traumatic",PTSD
NCT07061132,Employment Anxiety,Anxiety
NCT05513963,Depression,Depression
NCT05513963,Anxiety,Anxiety
NCT01396421,Acute Schizophrenia,Schizophrenia & psychosis
NCT00946816,Anorexia Nervosa,Eating disorders
NCT03153904,Anxiety,Anxiety
NCT03153904,Depression,Depression
NCT07139249,Depression,Depression
NCT07139249,Anxiety,Anxiety
NCT04877158,Eating Disorders,Eating disorders
NCT04877158,Anorexia Nervosa,Eating disorders
NCT04877158,Bulimia Nervosa,Eating disorders
NCT04877158,Binge-Eating Disorder,Eating disorders
NCT05179785,Bipolar Disorder,Bipolar disorder
NCT07085143,Depression - Major Depressive Disorder,Depression
NCT07085143,Depression Disorders,Depression
NCT04617015,Depression,Depression
NCT05288699,Alcohol Abuse,Substance use
NCT05288699,Anxiety,Anxiety
NCT01213121,Bipolar Depression,Depression
NCT03112304,Anxiety,Anxiety
NCT03112304,Depression,Depression
NCT02983058,Schizophrenia,Schizophrenia & psychosis
NCT02246426,Schizophrenia,Schizophrenia & psychosis
NCT01840826,Depression,Depression
NCT04322526,Depression,Depression
NCT04322526,Major Depressive Disorder,Depression
NCT06979414,Transfer Anxiety,Anxiety
NCT03646058,Major Depressive Episode,Depression
NCT05798299,Childhood Anxiety,Anxiety
NCT05798299,Childhood Depression,Depression
NCT02013232,Schizophrenia,Schizophrenia & psychosis
NCT06902298,Major Depressive Episode,Depression
NCT06902298,Depression - Major Depressive Disorder,Depression
NCT06902298,Treatment-Resistant Major Depressive Disorder,Depression
NCT01230047,Depression,Depression
NCT01230047,Anxiety,Anxiety
NCT01230047,Major Depression,Depression
NCT05997849,Depression,Depression
NCT05997849,Anxiety,Anxiety
NCT01135758,Major Depression,Depression
NCT04403126,Depressive Symptoms,Depression
NCT04403126,Anxiety,Anxiety
NCT05569915,"Stress Disorders, Post-Traumatic",PTSD
NCT04203563,"Depression, Anxiety",Depression
NCT02837887,Major Depressive Disorder,Depression
NCT06268106,Anxiety,Anxiety
NCT03661333,Bipolar Disorder,Bipolar disorder
NCT02845349,Major Depression,Depression
NCT05225987,Postpartum Depression,Depression
NCT05225987,Postpartum Anxiety,Anxiety
NCT04478058,Major Depressive Disorder,Depression
NCT01458626,Major Depression,Depression
NCT01553578,Anxiety Disorder,Anxiety
NCT05646732,Post Traumatic Stress Disorder,PTSD
NCT05646732,PTSD,PTSD
NCT04554121,Schizophrenia,Schizophrenia & psychosis
NCT04554121,Schizoaffective Disorder,Schizophrenia & psychosis
NCT05913947,"Depression, Bipolar",Depression
NCT06775548,Depression Disorders,Depression
NCT07129278,PTSD,PTSD
NCT04642898,Anxiety Disorders,Anxiety
NCT04642898,Post Traumatic Stress Disorder,PTSD
NCT04642898,Obsessive-Compulsive Disorder,OCD
NCT07349706,Depression - Major Depressive Disorder,Depression
NCT07349706,Anxiety,Anxiety
NCT02849548,Posttraumatic Stress Disorder,PTSD
NCT03512587,Anxiety,Anxiety
NCT01176721,Schizophrenia,Schizophrenia & psychosis
NCT04661514,Anorexia Nervosa,Eating disorders
NCT06633016,Major Depressive Disorder,Depression
NCT07731906,Posttraumatic Stress Disorder (PTSD),PTSD
NCT06593847,Speech Anxiety,Anxiety
NCT06922058,Anxiety,Anxiety
NCT05950711,Major Depressive Disorder,Depression
NCT03645811,Anxiety,Anxiety
NCT01557192,Bipolar Depression,Depression
NCT01557192,Unipolar Depression,Depression
NCT05943171,Substance Use Disorders,Substance use
NCT05943171,Alcohol Use Disorder,Substance use
NCT01310634,Depression,Depression
NCT04338321,"Depressive Disorder, Major",Depression
NCT06628752,Obsessive-Compulsive Disorder,OCD
NCT02036658,Social Anxiety Disorder,Anxiety
NCT03068715,Treatment Resistant Depression,Depression
NCT05891717,Postnatal Depression,Depression
NCT05669391,Depression,Depression
NCT06431074,Anxiety,Anxiety
NCT06991621,Death Anxiety,Anxiety
NCT03953521,Depression,Depression
NCT03515733,"Depression, Unipolar",Depression
NCT03515733,Treatment Resistant Depression,Depression
NCT02232126,Depression,Depression
NCT04624243,Schizophrenia,Schizophrenia & psychosis
NCT05753176,Postpartum Depression,Depression
NCT05753176,Postpartum Anxiety,Anxiety
NCT05234476,Anhedonia,Depression
NCT05234476,Depression,Depression
NCT04892199,Schizophrenia,Schizophrenia & psychosis
NCT01424449,Depressive Disorder,Depression
NCT02578758,Anxiety,Anxiety
NCT02578758,Depression,Depression
NCT02144155,Schizophrenia,Schizophrenia & psychosis
NCT04505189,Anorexia Nervosa,Eating disorders
NCT05954598,Bipolar Disorder,Bipolar disorder
NCT06870214,Anxiety,Anxiety
NCT03296384,Patients With Schizophrenia,Schizophrenia & psychosis
NCT04709952,Depression,Depression
NCT05575349,Anxiety,Anxiety
NCT02769858,"Depression, Postpartum",Depression
NCT01242735,Obsessive Compulsive Disorder,OCD
NCT06316089,Substance Use Disorders,Substance use
NCT03921450,Schizophrenia and Related Disorders,Schizophrenia & psychosis
NCT03921450,Schizophrenia,Schizophrenia & psychosis
NCT03921450,Schizoaffective Disorder,Schizophrenia & psychosis
NCT03921450,Brief Psychotic Disorder,Schizophrenia & psychosis
NCT02811458,Panic Disorder,Anxiety
NCT02811458,Agoraphobia,Anxiety
NCT02811458,Social Anxiety Disorder,Anxiety
NCT02811458,Generalized Anxiety Disorder,Anxiety
NCT04917458,Depressive Symptoms,Depression
NCT02347748,Anxiety,Anxiety
NCT05136755,Major Depressive Disorder,Depression
NCT07218055,Depression,Depression
NCT06237426,Post Traumatic Stress Disorder,PTSD
NCT04411225,Early Psychosis,Schizophrenia & psychosis
NCT02110017,Schizophrenia,Schizophrenia & psychosis
NCT04485650,Anxiety,Anxiety
NCT06252090,Depression,Depression
NCT07752706,Anxiety,Anxiety
NCT02366117,Schizophrenia,Schizophrenia & psychosis
NCT04433247,Eating Disorders,Eating disorders
NCT05589948,Anxiety,Anxiety
NCT01626885,Schizophrenia,Schizophrenia & psychosis
NCT02803125,Posttraumatic Stress Disorder,PTSD
NCT06850376,Anxiety Disorders,Anxiety
NCT06850376,Depression,Depression
NCT05518968,Depression,Depression
NCT04998097,"Bipolar II Disorder, Most Recent Episode Major Depressive",Depression
NCT07017478,Major Depressive Disorder,Depression
NCT07017478,Depression,Depression
NCT04328935,Post Traumatic Stress Disorder,PTSD
NCT06979089,Anxiety,Anxiety
NCT06979089,Depression,Depression
NCT04867889,Depression,Depression
NCT04850989,Social Anxiety Disorder,Anxiety
NCT01372150,Major Depressive Disorder,Depression
NCT05335850,Anxiety,Anxiety
NCT05335850,Depression,Depression
NCT01692574,Major Depressive Disorder,Depression
NCT01692574,Dysthymic Disorder,Depression
NCT05346913,Depression,Depression
NCT05346913,Anxiety,Anxiety
NCT01275248,Obsessive-compulsive Disorder,OCD
NCT06402526,Anxiety,Anxiety
NCT03107026,Binge Eating Disorder,Eating disorders
NCT06550778,Anxiety,Anxiety
NCT06266715,Depression,Depression
NCT06872008,Anxiety Level,Anxiety
NCT06904508,Anxiety,Anxiety
NCT05892276,Posttraumatic Stress Disorder,PTSD
NCT03042650,Substance Use Disorder,Substance use
NCT01812291,Major Depressive Disorder,Depression
NCT01812291,Minor Depressive Disorder,Depression
NCT01812291,Sub-Threshold Depression,Depression
NCT04258618,Depression,Depression
NCT02378818,Schizophrenia,Schizophrenia & psychosis
NCT02378818,Depression,Depression
NCT03019497,PTSD,PTSD
NCT05526235,Depression,Depression
NCT05526235,Anxiety,Anxiety
NCT04075435,Anxiety,Anxiety
NCT02430935,Psychosis,Schizophrenia & psychosis
NCT02285608,Major Depressive Disorder,Depression
NCT02285608,Bipolar Disorder,Bipolar disorder
NCT02106325,Depression,Depression
NCT01737268,Bipolar Disorder,Bipolar disorder
NCT02012218,Major Depressive Disorder (MDD),Depression
NCT06167590,"Depression, Anxiety",Depression
NCT02360813,Schizophrenia,Schizophrenia & psychosis
NCT02360813,Schizoaffective Disorder,Schizophrenia & psychosis
NCT05391555,Opioid Toxicity,Substance use
NCT04880278,Obsessive-Compulsive Disorder,OCD
NCT01110889,Major Depressive Disorder,Depression
NCT04419168,"Depression, Anxiety",Depression
NCT04419168,Opioid Use,Substance use
NCT06248190,Depression,Depression
NCT01813955,Schizophrenia,Schizophrenia & psychosis
NCT03419585,Depression,Depression
NCT06755268,Anxiety,Anxiety
NCT03621397,"Depression, Anxiety",Depression
NCT01100255,Obsessive-Compulsive Disorder,OCD
NCT04745143,Schizophrenia,Schizophrenia & psychosis
NCT06494735,Obsessive-Compulsive Disorder,OCD
NCT06784908,Depression,Depression
NCT06784908,Cannabis Use Disorder,Substance use
NCT05094297,Depression,Depression
NCT06988410,Depression,Depression
NCT06988410,Anxiety,Anxiety
NCT07417826,Eating Disorders,Eating disorders
NCT03835715,Major Depressive Disorder,Depression
NCT05954208,Schizophrenia,Schizophrenia & psychosis
NCT03060291,Substance Use,Substance use
NCT03060291,Depression,Depression
NCT03060291,Anxiety,Anxiety
NCT01887990,Depression,Depression
NCT05433389,Anxiety State,Anxiety
NCT05433389,Depressive State,Depression
NCT01783574,Depression,Depression
NCT01173874,Schizophrenia,Schizophrenia & psychosis
NCT04961190,Posttraumatic Stress Disorder,PTSD
NCT04286126,Obsessive-Compulsive Disorder,OCD
NCT06778785,Depression,Depression
NCT06778785,Anxiety,Anxiety
NCT04264585,Anxiety,Anxiety
NCT04264585,Depression,Depression
NCT02284685,Eating Disorders,Eating disorders
NCT04640090,Anxiety Disorders,Anxiety
NCT04640090,Depression,Depression
NCT05393518,Anxiety Disorder,Anxiety
NCT05393518,Generalized Anxiety Disorder,Anxiety
NCT03646526,Depressive Disorder,Depression
NCT02445378,Anxiety,Anxiety
NCT02445378,Depression,Depression
NCT03308240,Anxiety,Anxiety
NCT06050590,PTSD,PTSD
NCT06050590,Post Traumatic Stress Disorder,PTSD
NCT05415397,"Depressive Disorder, Major",Depression
NCT01433055,Schizophrenia,Schizophrenia & psychosis
NCT06695715,Anxiety,Anxiety
NCT03911674,Eating Disorder,Eating disorders
NCT04847921,Substance Use Disorders,Substance use
NCT04847921,Intravenous Substance Abuse,Substance use
NCT04968938,Posttraumatic Stress Disorder,PTSD
NCT07621549,Schizo Affective Disorder,Schizophrenia & psychosis
NCT04379349,Psychotic Disorders,Schizophrenia & psychosis
NCT04180709,Psychotic Disorders,Schizophrenia & psychosis
NCT04180709,Psychosis,Schizophrenia & psychosis
NCT04841798,Major Depressive Disorder,Depression
NCT04841798,Treatment Resistant Depression,Depression
NCT01182363,Maternal Depression,Depression
NCT03039387,Major Depression,Depression
NCT06801847,Post Partum Depression,Depression
NCT05895747,Major Depressive Disorder,Depression
NCT05338632,Chronic Opioid Use,Substance use
NCT05004987,Major Depressive Disorder,Depression
NCT03426709,Depression,Depression
NCT03521609,Substance Use Disorders,Substance use
NCT02542709,Post-traumatic Stress Disorder,PTSD
NCT04113798,PTSD,PTSD
NCT04109014,Methamphetamine Abuse,Substance use
NCT04109014,Depression,Depression
NCT05898516,Depression,Depression
NCT05898516,Anxiety,Anxiety
NCT02254733,Schizophrenia,Schizophrenia & psychosis
NCT02328833,Depression,Depression
NCT06117033,Anxiety,Anxiety
NCT02360033,Social Anxiety Disorder,Anxiety
NCT06629064,Post-Traumatic Stress Disorders,PTSD
NCT06629064,Post Traumatic Stress Disorder,PTSD
NCT06629064,PTSD,PTSD
NCT05012709,Psychotic Disorders,Schizophrenia & psychosis
NCT05012709,Anxiety,Anxiety
NCT03402009,Anxiety,Anxiety
NCT06174714,Substance Use Disorders,Substance use
NCT02288416,Anxiety,Anxiety
NCT01824433,Major Depression,Depression
NCT05909787,Eating Disorders,Eating disorders
NCT05614687,Depression,Depression
NCT05614687,Anxiety and Fear,Anxiety
NCT06037993,Clinical High Risk for Psychosis,Schizophrenia & psychosis
NCT06037993,Ultra High Risk for Psychosis,Schizophrenia & psychosis
NCT06037993,Attenuated Psychotic Symptoms,Schizophrenia & psychosis
NCT01457404,"Stress Disorder, Post-Traumatic",PTSD
NCT01457404,Substance-Related Disorders,Substance use
NCT05950932,Anxiety,Anxiety
NCT04040998,Schizophrenia,Schizophrenia & psychosis
NCT06817863,Binge Eating Disorder Associated With Obesity,Eating disorders
NCT06817863,Binge Eating Disorder,Eating disorders
NCT05541887,Anxiety,Anxiety
NCT06139016,Depression,Depression
NCT05369806,Depression,Depression
NCT04087564,Anxiety,Anxiety
NCT04087564,Anxiety Disorders,Anxiety
NCT04044534,PTSD,PTSD
NCT06150963,Anxiety,Anxiety
NCT06594406,Depression,Depression
NCT03485287,Posttraumatic Stress Disorder,PTSD
NCT02200406,Depression,Depression
NCT02200406,Opioid Dependence,Substance use
NCT06801132,Death Anxiety,Anxiety
NCT01958593,Posttraumatic Stress Disorder,PTSD
NCT05640921,Depression,Depression
NCT05640921,Anxiety,Anxiety
NCT07779044,Depressive Symptoms,Depression
NCT01880814,Depression,Depression
NCT04177706,Depression,Depression
NCT04177706,Opioid-use Disorder,Substance use
NCT04177706,Opioid Abuse,Substance use
NCT04103606,Eating Disorders,Eating disorders
NCT03626103,Depressive Disorder,Depression
NCT03478527,Depressive Symptoms,Depression
NCT03478527,Anxiety,Anxiety
NCT05195203,Major Depressive Disorder,Depression
NCT03247959,Fear Anxiety,Anxiety
NCT06955780,Anxiety,Anxiety
NCT07417280,Substance Abuse Disorder,Substance use
NCT01687933,Anxiety,Anxiety
NCT04773171,Schizophrenia; Psychosis,Schizophrenia & psychosis
NCT03435744,Treatment Resistant Depression,Depression
NCT03435744,Major Depressive Disorder,Depression
NCT07030244,Depression,Depression
NCT05313334,Posttraumatic Stress Disorder,PTSD
NCT01102764,PTSD,PTSD
NCT03243799,Depressive Disorder,Depression
NCT02410616,"Depressive Disorder, Major",Depression
NCT05026333,Anxiety,Anxiety
NCT03427892,Bipolar Depression,Depression
NCT07193563,Social Anxiety Disorder (SAD),Anxiety
NCT06537921,Major Depressive Disorder,Depression
NCT02765906,Anxiety,Anxiety
NCT02066792,Social Anxiety Disorder,Anxiety
NCT04556552,Substance-Related Disorders,Substance use
NCT04556552,Substance Use Disorders,Substance use
NCT04556552,"Substance Abuse, Intravenous",Substance use
NCT04556552,Substance Withdrawal,Substance use
NCT04556552,Substance Abuse,Substance use
NCT04556552,Opioid-use Disorder,Substance use
NCT04556552,"Opioid Use Disorder, Severe",Substance use
NCT04556552,Opioid Use,Substance use
NCT03822416,Schizophrenia,Schizophrenia & psychosis
NCT03822416,Psychotic Disorders,Schizophrenia & psychosis
NCT03822416,Major Depressive Disorder,Depression
NCT03822416,Bipolar Disorder I,Bipolar disorder
NCT03822416,Bipolar II Disorder,Bipolar disorder
NCT01906606,Depression,Depression
NCT06336811,Anxiety and Fear,Anxiety
NCT04532034,Psychotic Disorders,Schizophrenia & psychosis
NCT02310932,Depression,Depression
NCT02310932,Anxiety,Anxiety
NCT06968598,Bipolar Disorder (BD),Bipolar disorder
NCT06731621,Treatment Resistant Depression,Depression
NCT03985904,Psychosis,Schizophrenia & psychosis
NCT06657014,Social Anxiety Disorder of Childhood,Anxiety
NCT03118752,Depression,Depression
NCT03118752,Generalized Anxiety Disorder,Anxiety
NCT03118752,Panic Disorder,Anxiety
NCT01903447,Internalizing Psychopathologies (IPs) Depression and Anxiety,Depression
NCT01614249,Depressive Symptoms,Depression
NCT01716858,Schizophrenia,Schizophrenia & psychosis
NCT05884749,Substance Use Disorders,Substance use
NCT02026947,Attenuated or Transient Psychosis,Schizophrenia & psychosis
NCT06395558,"Depression, Anxiety",Depression
NCT02992158,Major Depressive Disorder,Depression
NCT04630249,Substance Use,Substance use
NCT04630249,Depression,Depression
NCT04630249,Anxiety,Anxiety
NCT07299058,Fear Anxiety,Anxiety
NCT04175561,Depression,Depression
NCT04545086,"Effectiveness of Video Based Education Versus Music Therapy on Anxiety, Experience, and Co-operation Among Patients Undergoing Magnetic Resonance Imaging",Anxiety
NCT05739370,Depression in Old Age,Depression
NCT05739370,"Depression, Anxiety",Depression
NCT01967394,Postpartum Depression,Depression
NCT07545551,Depression Anxiety Disorder,Depression
NCT03918031,Anxiety Disorders,Anxiety
NCT03918031,Depression,Depression
NCT03918031,Tobacco Dependence,Substance use
NCT03463902,Schizophrenia and Related Disorders,Schizophrenia & psychosis
NCT06255561,Major Depressive Disorder,Depression
NCT06255561,Treatment Resistant Depression,Depression
NCT06255561,MDD,Depression
NCT01635569,Obsessive-compulsive Disorder,OCD
NCT06801041,Depression,Depression
NCT06801041,Anxiety,Anxiety
NCT03287505,Schizophrenia,Schizophrenia & psychosis
NCT02684994,Posttraumatic Stress Disorder,PTSD
NCT05291429,Anxiety,Anxiety
NCT05291429,"Depression, Anxiety",Depression
NCT01483053,Major Depressive Disorder (MDD),Depression
NCT05372042,Posttraumatic Stress Disorder,PTSD
NCT05372042,Alcohol Use,Substance use
NCT07558161,Disordered Eating Behaviors,Eating disorders
NCT02819986,Anxiety,Anxiety
NCT01006694,Depressive Symptoms,Depression
NCT07550166,Anxiety,Anxiety
NCT07550166,Depression,Depression
NCT04590573,Depression,Depression
NCT07146269,Major Depression Moderate,Depression
NCT07146269,Major Depression Severe,Depression
NCT03056183,Depression,Depression
NCT05186441,Feeding and Eating Disorders,Eating disorders
NCT07468994,Depression,Depression
NCT07468994,Anxiety,Anxiety
NCT06505694,Anxiety,Anxiety
NCT05956327,Schizophrenia,Schizophrenia & psychosis
NCT06462586,"Bipolar Disorder, Manic",Bipolar disorder
NCT03882541,Anxiety,Anxiety
NCT06851741,Depression,Depression
NCT03295305,Bipolar Disorder,Bipolar disorder
NCT03665831,Major Depressive Disorder,Depression
NCT06249542,Drug Use Disorders,Substance use
NCT06249542,Opioid Use Disorder,Substance use
NCT06249542,Opioid Abuse,Substance use
NCT06249542,Substance Abuse,Substance use
NCT06249542,Substance Use Disorders,Substance use
NCT01346241,Panic Disorder,Anxiety
NCT05954754,Fetal Health Anxiety,Anxiety
NCT01540305,Obsessive Compulsive Disorder,OCD
NCT03255122,Anxiety Disorders,Anxiety
NCT07217561,Perinatal Depression,Depression
NCT07217561,Perinatal Anxiety,Anxiety
NCT06186570,Psychotic Disorders,Schizophrenia & psychosis
NCT06736769,Anorexia Nervosa,Eating disorders
NCT06736769,Atypical Anorexia Nervosa,Eating disorders
NCT04244786,Depression,Depression
NCT04244786,Bipolar Disorder,Bipolar disorder
NCT06213883,Eating Disorders,Eating disorders
NCT02992405,Depression,Depression
NCT02992405,PostTraumatic Stress Disorder,PTSD
NCT02992405,Anxiety,Anxiety
NCT05712954,Anxiety,Anxiety
NCT03736954,Anxiety,Anxiety
NCT03736954,Depression,Depression
NCT03736954,Post Traumatic Stress Disorder,PTSD
NCT05501405,Psychotic Disorders,Schizophrenia & psychosis
NCT07296822,Anxiety,Anxiety
NCT07296822,Claustrophobia,Anxiety
NCT02489422,Depression,Depression
NCT06698666,Major Depressive Disorder,Depression
NCT06698666,MDD,Depression
NCT04013451,Anxiety,Anxiety
NCT01858948,Bipolar Youth Treated With Second-generation Antipsychotics,Bipolar disorder
NCT02237235,Schizophrenia,Schizophrenia & psychosis
NCT02237235,Schizoaffective Disorder,Schizophrenia & psychosis
NCT06136676,Depression,Depression
NCT06136676,Anxiety,Anxiety
NCT02468050,Anxiety,Anxiety
NCT02468050,Depression,Depression
NCT01577290,Anxiety,Anxiety
NCT01577290,Depression,Depression
NCT05580081,Anxiety,Anxiety
NCT04917419,Bipolar Disorder,Bipolar disorder
NCT05061719,Major Depressive Disorder,Depression
NCT04391530,Anxiety,Anxiety
NCT02104128,Depression,Depression
NCT01696578,PTSD,PTSD
NCT01696578,Depression,Depression
NCT01696578,Anxiety,Anxiety
NCT05254015,Obsessive-Compulsive Disorder,OCD
NCT06192225,Anxiety,Anxiety
NCT03461640,Birth Depression,Depression
NCT04155385,Alcohol Use Disorder,Substance use
NCT04155385,Substance Use Disorders,Substance use
NCT06787976,Anxiety,Anxiety
NCT02966340,Alcoholism,Substance use
NCT04803812,Anxiety,Anxiety
NCT04708028,Anxiety,Anxiety
NCT06335407,Alcohol Use Disorder (AUD),Substance use
NCT06335407,Post Traumatic Stress Disorder (PTSD),PTSD
NCT06837207,Depression,Depression
NCT03601026,Schizophrenia,Schizophrenia & psychosis
NCT03601026,Bipolar Disorder,Bipolar disorder
NCT03601026,Major Depressive Disorder,Depression
NCT03601026,Cannabis Use,Substance use
NCT03601026,Psychosis,Schizophrenia & psychosis
NCT06735885,Depression Mild,Depression
NCT06735885,Depression,Depression
NCT06735885,Depression Moderate,Depression
NCT02079935,Bulimia Nervosa,Eating disorders
NCT02079935,Binge Eating Disorder,Eating disorders
NCT04220125,Depressive Disorder,Depression
NCT01883791,Substance Use Disorders,Substance use
NCT01770600,Depression,Depression
NCT06980207,Hallucinations and Delusions Associated With Alzheimer's Disease Psychosis,Schizophrenia & psychosis
NCT06980207,Hallucinations and Delusions Associated With Parkinson Disease Psychosis,Schizophrenia & psychosis
NCT06980207,Negative Symptoms of Schizophrenia,Schizophrenia & psychosis
NCT04793828,Panic Disorder With Agoraphobia,Anxiety
NCT04793828,Panic Disorder Without Agoraphobia,Anxiety
NCT04793828,Generalized Anxiety Disorder,Anxiety
NCT04793828,Social Anxiety Disorder,Anxiety
NCT03588728,Schizophrenia,Schizophrenia & psychosis
NCT03766074,Depression,Depression
NCT07147218,Major Depressive Disorder,Depression
NCT05944510,Treatment Resistant Schizophrenia,Schizophrenia & psychosis
NCT06717724,Geriatric Depression,Depression
NCT07506759,Postpartum Depression,Depression
NCT05867680,Anxiety Disorders Generalized,Anxiety
NCT05867680,Depression,Depression
NCT01289080,Schizophrenia,Schizophrenia & psychosis
NCT01324050,Depression,Depression
NCT01549691,Anxiety,Anxiety
NCT03899220,Substance Use Disorders,Substance use
NCT06589817,Acute Schizophrenia,Schizophrenia & psychosis
NCT03777189,Binge-Eating Disorder,Eating disorders
NCT03777189,Binge Eating,Eating disorders
NCT03562650,Social Anxiety,Anxiety
NCT02590874,Depression,Depression
NCT04719897,Depression in Adolescence,Depression
NCT01938859,Bipolar Disorder,Bipolar disorder
NCT04864080,Depression,Depression
NCT01831440,Depressive Disorder,Depression
NCT06624410,Anxiety,Anxiety
NCT04643210,Bipolar Disorder,Bipolar disorder
NCT04643210,"Affective Psychosis, Bipolar",Bipolar disorder
NCT04643210,Manic-Depressive Psychosis,Depression
NCT04643210,"Depression, Bipolar",Depression
NCT03194113,Post Traumatic Stress Disorder,PTSD
NCT01613820,Major Depressive Disorder,Depression
NCT06226779,Schizophrenia,Schizophrenia & psychosis
NCT04471818,Major Depressive Disorder,Depression
NCT04630197,Obsessive-Compulsive Disorder,OCD
NCT03072823,Major Depressive Disorder,Depression
NCT03645759,Depression,Depression
NCT03645759,Anxiety,Anxiety
NCT02708940,Depression,Depression
NCT02708940,Anxiety,Anxiety
NCT02708940,Psychosis,Schizophrenia & psychosis
NCT01892189,Psychotic-like Symptoms,Schizophrenia & psychosis
NCT05086913,Depression,Depression
NCT05274620,Depression,Depression
NCT05274620,Anxiety,Anxiety
NCT03327259,Depressive Symptoms,Depression
NCT03527459,Depression,Depression
NCT03623880,Anxiety,Anxiety
NCT02088580,Non-Psychotic Unipolar Depression,Depression
NCT02088580,Bipolar Depression,Depression
NCT01659320,Depression,Depression
NCT05953779,Depression and/or Anxiety in the Mild-to-moderate Range,Depression
NCT01699997,Schizophrenia,Schizophrenia & psychosis
NCT05673382,Depressive Symptoms,Depression
NCT05673382,Anxiety Symptoms,Anxiety
NCT06957223,Major Depressive Disorder (MDD),Depression
NCT04451759,Eating Disorders,Eating disorders
NCT04467320,Posttraumatic Stress Disorder,PTSD
NCT01069159,Posttraumatic Stress Disorder,PTSD
NCT01133080,Schizophrenia,Schizophrenia & psychosis
NCT03751852,Psychosis,Schizophrenia & psychosis
NCT01775852,Depression,Depression
NCT04895852,Anxiety,Anxiety
NCT01811147,Bipolar Disorder,Bipolar disorder
NCT01811147,Major Depression,Depression
NCT04664855,"Depression, Anxiety",Depression
NCT05356026,Postpartum Depression,Depression
NCT05046184,Major Depressive Disorder,Depression
NCT04388748,Major Depression,Depression
NCT04724447,Major Depressive Disorder,Depression
NCT01248052,Bipolar Disorder,Bipolar disorder
NCT06315049,Schizophrenia,Schizophrenia & psychosis
NCT06315049,Bipolar Disorder,Bipolar disorder
NCT06315049,Anxiety,Anxiety
NCT03084055,Depressive Symptoms,Depression
NCT04344678,Major Depressive Disorder,Depression
NCT07116785,Obsessive-Compulsive Disorder,OCD
NCT06460285,Anxiety,Anxiety
NCT03816215,Depression,Depression
NCT03816215,Depressive Symptoms,Depression
NCT04804358,Anorexia Nervosa,Eating disorders
NCT04433858,Treatment Resistant Depression,Depression
NCT05727358,Acute Stroke Patients With Depression,Depression
NCT05764148,"Schizophrenia, Latent",Schizophrenia & psychosis
NCT05764148,Negative Symptoms in Schizophrenia,Schizophrenia & psychosis
NCT06909526,Anxiety,Anxiety
NCT03226743,Depressive Disorder,Depression
NCT03226743,Anxiety Disorder,Anxiety
NCT03226743,Alcohol Use Disorder,Substance use
NCT01619384,Posttraumatic Stress Disorder,PTSD
NCT01626833,Anorexia Nervosa,Eating disorders
NCT06278038,Major Depression Disorder,Depression
NCT02203838,Schizophrenia,Schizophrenia & psychosis
NCT01507155,Treatment Resistant Depression,Depression
NCT01507155,Generalized Anxiety Disorder,Anxiety
NCT04143126,Schizophrenia,Schizophrenia & psychosis
NCT05842343,Anorexia Nervosa,Eating disorders
NCT01220635,Depression,Depression
NCT04946955,Depression,Depression
NCT04946955,Anxiety Disorders,Anxiety
NCT01870843,"Depressive Disorder, Major",Depression
NCT03647826,Mental Depression,Depression
NCT03957525,Anxiety,Anxiety
NCT03932825,Depressive Disorder,Depression
NCT03932825,Major Depressive Disorder,Depression
NCT03932825,Treatment Resistant Depression,Depression
NCT03932825,"Depressive Disorder, Major",Depression
NCT03932825,Depression,Depression
NCT06748950,Schizophrenia,Schizophrenia & psychosis
NCT06748950,Schizophrenia and Related Disorders,Schizophrenia & psychosis
NCT06748950,Bipolar Disorder,Bipolar disorder
NCT06748950,Bipolar and Related Disorders,Bipolar disorder
NCT06748950,Major Depressive Disorder,Depression
NCT06748950,Major Depression Severe,Depression
NCT03443635,Depression,Depression
NCT01098435,Binge Eating Disorder,Eating disorders
NCT02011750,Schizophrenia,Schizophrenia & psychosis
NCT07436117,Depression,Depression
NCT03261817,Schizophrenia,Schizophrenia & psychosis
NCT03261817,Schizo Affective Disorder,Schizophrenia & psychosis
NCT02615717,Posttraumatic Stress Disorder,PTSD
NCT07460817,Post Traumatic Stress Disorder,PTSD
NCT04620447,Phobias,Anxiety
NCT04620447,Acrophobia,Anxiety
NCT04620447,Anxiety,Anxiety
NCT02218138,Depression,Depression
NCT02844049,Obsessive-Compulsive Disorder,OCD
NCT06942858,Feeding and Eating Disorders,Eating disorders
NCT07217847,Binge Eating,Eating disorders
NCT07217847,Binge Eating Behaviour,Eating disorders
NCT07217847,Binge Eating/Loss of Control Eating,Eating disorders
NCT03707158,Child Anxiety,Anxiety
NCT03707158,Anxiety Disorders,Anxiety
NCT03707158,Anxiety,Anxiety
NCT03707158,Anxiety Symptoms,Anxiety
NCT03707158,"Anxiety, Mild to Moderate",Anxiety
NCT03707158,Pediatric Anxiety Disorders,Anxiety
NCT05564533,Depression,Depression
NCT05375214,Bipolar Depression,Depression
NCT05375214,Bipolar I Disorder,Bipolar disorder
NCT02816684,Anxiety Disorders,Anxiety
NCT07217652,Schizophrenia,Schizophrenia & psychosis
NCT04770584,Post Traumatic Stress Disorder,PTSD
NCT02634684,Schizophrenia,Schizophrenia & psychosis
NCT02652832,Depression,Depression
NCT02652832,Schizophrenia,Schizophrenia & psychosis
NCT04307563,Anxiety Depression,Depression
NCT02332798,Schizophrenia,Schizophrenia & psychosis
NCT02329587,Obsessive-Compulsive Disorder,OCD
NCT04636398,Postpartum Depression,Depression
NCT01108393,Obsessive Compulsive Disorder,OCD
NCT06974214,Anxiety,Anxiety
NCT06974214,Depression,Depression
NCT06974214,Posttraumatic Stress Disorder (PTSD),PTSD
NCT04132232,Tobacco Use Disorder,Substance use
NCT03620721,Depressive Symptoms,Depression
NCT02131116,Schizophrenia,Schizophrenia & psychosis
NCT02131116,Schizophreniform Disorder,Schizophrenia & psychosis
NCT02131116,Schizoaffective Disorder,Schizophrenia & psychosis
NCT02014363,Major Depressive Disorder,Depression
NCT02852616,Posttraumatic Stress Disorder (PTSD),PTSD
NCT03590106,Substance Use Disorders,Substance use
NCT05406414,Depression,Depression
NCT05406414,Bipolar Affective Disorder,Bipolar disorder
NCT01720316,Schizo-affective Disorder,Schizophrenia & psychosis
NCT01720316,Bipolar Disorder,Bipolar disorder
NCT02717052,Depression,Depression
NCT03610087,Psychosis,Schizophrenia & psychosis
NCT03168893,Anorexia Nervosa,Eating disorders
NCT03159793,Anxiety,Anxiety
NCT05224414,Obsessive-Compulsive Disorder,OCD
NCT06575816,Anxiety,Anxiety
NCT04937504,Posttraumatic Stress Disorder,PTSD
NCT02021214,PTSD,PTSD
NCT06746584,Anxiety,Anxiety
NCT02158533,Major Depressive Disorder,Depression
NCT07317206,Posttraumatic Stress Disorder (PTSD),PTSD
NCT02730806,Post-Traumatic Stress Disorders,PTSD
NCT05772104,Generalized Anxiety Disorder,Anxiety
NCT02898233,Depression,Depression
NCT07012200,Anxiety,Anxiety
NCT03712267,Anxiety Disorders,Anxiety
NCT03712267,Depression,Depression
NCT06080477,Psychosis,Schizophrenia & psychosis
NCT06722781,Anxiety,Anxiety
NCT06722781,Depression Disorders,Depression
NCT05937165,Depressive Symptoms,Depression
NCT01146730,Anxiety,Anxiety
NCT01146730,Depression,Depression
NCT05692219,Depression,Depression
NCT03684057,Anxiety,Anxiety
NCT03649581,Schizophrenia,Schizophrenia & psychosis
NCT04254965,Chronic Psychosis,Schizophrenia & psychosis
NCT05900271,Treatment Resistant Depression,Depression
NCT06858371,Depression Literacy,Depression
NCT06858371,Depression Disorders,Depression
NCT06989957,Posttraumatic Stress Disorder,PTSD
NCT05321628,Depression,Depression
NCT05321628,Panic Disorder,Anxiety
NCT05321628,Social Anxiety Disorder,Anxiety
NCT03855865,"Depressive Disorder, Major",Depression
NCT06605092,Anxiety,Anxiety
NCT05096611,Maternal Depression,Depression
NCT04082871,"Depression, Anxiety",Depression
NCT03882411,Depressive Symptoms,Depression
NCT04829292,Clinical High Risk for Developing Psychosis,Schizophrenia & psychosis
NCT05077644,Post-partum Depression,Depression
NCT04482244,Anxiety,Anxiety
NCT01568307,Major Depressive Disorder,Depression
NCT03333707,Anxiety,Anxiety
NCT03333707,Depression,Depression
NCT06311136,"Depressive Disorder, Major",Depression
NCT06311136,Persistent Depressive Disorder,Depression
NCT06266507,Feeding and Eating Disorders,Eating disorders
NCT06646692,Posttraumatic Stress Disorder (PTSD),PTSD
NCT06646692,Anxiety,Anxiety
NCT06646692,Depression - Major Depressive Disorder,Depression
NCT07144592,SCHIZOPHRENIA 1 (Disorder),Schizophrenia & psychosis
NCT04753944,Depression,Depression
NCT02970734,Anxiety,Anxiety
NCT03304392,Anxiety,Anxiety
NCT03304392,Depression,Depression
NCT03652311,Substance Use Disorders,Substance use
NCT05547711,Depressive Disorder,Depression
NCT05547711,Depression,Depression
NCT05547711,Depressive Symptoms,Depression
NCT05547711,Depressive Episode,Depression
NCT05547711,Major Depressive Disorder,Depression
NCT02511392,Obsessive Compulsive Disorders,OCD
NCT04304911,Anxiety Disorders,Anxiety
NCT04304911,Depressive Disorder,Depression
NCT04972136,Major Depressive Disorder,Depression
NCT06458192,Depression,Depression
NCT01121536,Depression,Depression
NCT06515236,Depression in Adolescence,Depression
NCT04127136,Binge-Eating Disorder,Eating disorders
NCT04414371,Anxiety,Anxiety
NCT04414371,Depression,Depression
NCT03605407,Anxiety,Anxiety
NCT03605407,Depression,Depression
NCT04819711,Perinatal Depression,Depression
NCT05067244,Post Traumatic Stress Disorder,PTSD
NCT05024136,Anxiety Depression Disorder,Depression
NCT03932136,Clinical High Risk Syndrome of Psychosis,Schizophrenia & psychosis
NCT03509844,Post-Traumatic Stress Disorder,PTSD
NCT05707234,Hypnotic; Anxiety Disorder,Anxiety
NCT02716584,Schizophrenia,Schizophrenia & psychosis
NCT04755998,Anxiety and Fear,Anxiety
NCT03539887,Depression,Depression
NCT03539887,Alcohol Abuse,Substance use
NCT03128021,Major Depressive Disorder,Depression
NCT01614093,Schizophrenia,Schizophrenia & psychosis
NCT01763216,Depressive Symptoms,Depression
NCT01763216,Clinical Depression,Depression
NCT05115604,Schizophrenia,Schizophrenia & psychosis
NCT01618552,Depression,Depression
NCT06626152,Major Depressive Disorder,Depression
NCT06826352,Anxiety,Anxiety
NCT03940898,Schizophrenia,Schizophrenia & psychosis
NCT01749098,Schizophrenia,Schizophrenia & psychosis
NCT03176004,Anxiety,Anxiety
NCT02837016,Anxiety,Anxiety
NCT03058952,Depression,Depression
NCT03402152,Bipolar Depression,Depression
NCT05526833,Schizophrenia and Related Disorders,Schizophrenia & psychosis
NCT03774433,Binge Eating,Eating disorders
NCT06919133,Depression - Major Depressive Disorder,Depression
NCT04043052,Depression,Depression
NCT01138007,"Depressive Disorder, Major",Depression
NCT02796144,Schizophrenia,Schizophrenia & psychosis
NCT02796144,Schizoaffective Disorder,Schizophrenia & psychosis
NCT03763292,Anxiety,Anxiety
NCT06075771,Anhedonia,Depression
NCT06075771,Depression,Depression
NCT06770244,Postpartum Depression (PPD),Depression
NCT06937892,Generalized Anxiety Disorder (GAD),Anxiety
NCT06937892,Social Anxiety Disorder (SAD),Anxiety
NCT06937892,Posttraumatic Stress Disorder (PTSD),PTSD
NCT01803711,Major Depression,Depression
NCT02840071,Anxiety,Anxiety
NCT02840071,Depression,Depression
NCT03395392,Bipolar Depression,Depression
NCT02878928,Depression,Depression
NCT02878928,Anxiety,Anxiety
NCT04748367,Anxiety,Anxiety
NCT02950467,Depression,Depression
NCT01564667,Posttraumatic Stress Disorder,PTSD
NCT06745700,Depression - Major Depressive Disorder,Depression
NCT06745700,Anxiety,Anxiety
NCT04188392,Post-traumatic Stress Disorder,PTSD
NCT06195436,Depressive Disorder,Depression
NCT03904511,Anxiety,Anxiety
NCT04985344,PTSD,PTSD
NCT07081438,Obsessive-Compulsive Disorder (OCD),OCD
NCT02189915,Depression,Depression
NCT02189915,Substance Use,Substance use
NCT07214415,PTSD - Post Traumatic Stress Disorder,PTSD
NCT04602936,Binge Eating Disorder,Eating disorders
NCT07101211,Anxiety,Anxiety
NCT07101211,Depression Anxiety Disorder,Depression
NCT03489811,Anxiety,Anxiety
NCT02785211,Depression,Depression
NCT05113771,Treatment Resistant Depression,Depression
NCT05771636,Depression,Depression
NCT05771636,Anhedonia,Depression
NCT07112092,Anxiety,Anxiety
NCT02451371,Schizophrenia,Schizophrenia & psychosis
NCT05819411,Substance Use Disorders,Substance use
NCT05040711,Anxiety,Anxiety
NCT01242371,Schizophrenia,Schizophrenia & psychosis
NCT01242371,Schizoaffective Disorder,Schizophrenia & psychosis
NCT03236467,FM and PTSD,PTSD
NCT05324865,Schizophrenic Psychoses,Schizophrenia & psychosis
NCT06013930,Anxiety,Anxiety
NCT06013930,Depression,Depression
NCT01764035,Bipolar Disorder,Bipolar disorder
NCT04577508,Bipolar Disorder,Bipolar disorder
NCT04009135,Major Depressive Disorder,Depression
NCT04438356,Anxiety,Anxiety
NCT01978782,Depression,Depression
NCT06705296,PTSD,PTSD
NCT02003261,Anxiety Disorders,Anxiety
NCT02003261,Depressive Disorders,Depression
NCT05666661,Depression,Depression
NCT04415541,Psychotic Disorders,Schizophrenia & psychosis
NCT02186366,Anxiety Disorders,Anxiety
NCT05149066,Eating Disorders,Eating disorders
NCT03221556,Post Partum Depression,Depression
NCT02477722,"Stress Disorders, Post-Traumatic",PTSD
NCT04318951,Post-stroke Depression,Depression
NCT02642029,Schizophrenia,Schizophrenia & psychosis
NCT02642029,Schizoaffective Disorder,Schizophrenia & psychosis
NCT02642029,Bipolar Disorder I,Bipolar disorder
NCT03348345,Eating Disorder Symptom,Eating disorders
NCT03051945,Major Depressive Disorder,Depression
NCT03369795,Schizophrenia,Schizophrenia & psychosis
NCT05538039,Anxiety,Anxiety
NCT01743339,"Stress Disorders, Post-Traumatic",PTSD
NCT01743339,Depression,Depression
NCT06086639,Feeding and Eating Disorders,Eating disorders
NCT05389657,Anorexia Nervosa,Eating disorders
NCT05389657,Atypical Anorexia Nervosa,Eating disorders
NCT06127758,Anxiety State,Anxiety
NCT06723249,Major Depressive Disorder (MDD),Depression
NCT02538549,Anxiety Disorder; Mixed With Depression (Mild),Depression
NCT05438758,Treatment Resistant Major Depressive Disorder,Depression
NCT06590038,"Depression, Unipolar",Depression
NCT06271733,PTSD,PTSD
NCT02028247,Obsessive-compulsive Disorder,OCD
NCT02028247,Social Phobia,Anxiety
NCT02028247,Generalized Anxiety Disorder,Anxiety
NCT02028247,Specific Phobia,Anxiety
NCT02028247,Separation Anxiety Disorder,Anxiety
NCT02712749,Anxiety,Anxiety
NCT06403449,PTSD,PTSD
NCT01955538,PTSD,PTSD
NCT01955538,Depression,Depression
NCT02453347,Anxiety,Anxiety
NCT02453347,PTSD,PTSD
NCT02453347,Depression,Depression
NCT07334249,"Major Depressive Disorder, Healthy Volunteer",Depression
NCT06136520,Postpartum Depression,Depression
NCT05539820,Anxiety,Anxiety
NCT01986296,Medication-refractory Obsessive Compulsive Disorder (OCD),OCD
NCT04106388,Depression,Depression
NCT04106388,Substance Use Disorder,Substance use
NCT04106388,Anxiety,Anxiety
NCT06970886,Anxiety,Anxiety
NCT03264170,Anxiety,Anxiety
NCT03264170,Depression,Depression
NCT01555970,Obsessive-Compulsive Disorder,OCD
NCT03329573,Anxiety Disorders,Anxiety
NCT05907369,Obsessive-Compulsive Disorder,OCD
NCT03935854,Bipolar Disorder,Bipolar disorder
NCT03935854,Schizophrenia,Schizophrenia & psychosis
NCT05830266,Postpartum Depression,Depression
NCT05830266,Postpartum Anxiety,Anxiety
NCT02256566,Major Depressive Disorder,Depression
NCT02256566,Depression,Depression
NCT02256566,Bipolar Disorder,Bipolar disorder
NCT02256566,Post-traumatic Stress Disorder,PTSD
NCT02256566,Generalized Anxiety Disorder,Anxiety
NCT02256566,Social Phobia,Anxiety
NCT05094531,Post Traumatic Stress Disorder,PTSD
NCT04244253,Major Depressive Disorder,Depression
NCT01949753,Obsessive-compulsive Disorder (OCD),OCD
NCT00995553,Schizophrenia,Schizophrenia & psychosis
NCT00995553,Schizoaffective Disorder,Schizophrenia & psychosis
NCT05181995,PTSD,PTSD
NCT06229977,Bipolar Depression,Depression
NCT04441879,Postpartum Depression,Depression
NCT04527627,Anxiety,Anxiety
NCT04527627,Depression,Depression
NCT06784388,Treatment-resistant Depression (TRD),Depression
NCT06939088,Alcohol Use Disorder,Substance use
NCT06939088,Alcohol Abuse/Dependence,Substance use
NCT06939088,Alcohol Dependence,Substance use
NCT06939088,Alcoholism,Substance use
NCT06939088,Schizophrenia Disorders,Schizophrenia & psychosis
NCT06939088,Schizophrenia and Disorders With Psychotic Features,Schizophrenia & psychosis
NCT06939088,Schizophrenia and Schizophrenia Spectrum Psychosis,Schizophrenia & psychosis
NCT06939088,Schizophrenia,Schizophrenia & psychosis
NCT07080827,Psychotic Disorders,Schizophrenia & psychosis
NCT03830827,Depression,Depression
NCT03840759,Depression,Depression
NCT04580082,Depression,Depression
NCT04580082,Anxiety,Anxiety
NCT05207982,Psychotic Disorders,Schizophrenia & psychosis
NCT07263659,Anxiety,Anxiety
NCT06820580,Schizophrenia,Schizophrenia & psychosis
NCT06945796,Eating Disorders Symptoms,Eating disorders
NCT06945796,Disordered Eating Behaviors,Eating disorders
NCT03240003,Social Anxiety Disorder,Anxiety
NCT06703827,Psychosis,Schizophrenia & psychosis
NCT01948596,Depression,Depression
NCT04870996,Schizophrenia,Schizophrenia & psychosis
NCT00734903,Substance Use Disorders,Substance use
NCT05227703,Schizophrenia,Schizophrenia & psychosis
NCT04364646,Depression,Depression
NCT04364646,Postpartum Depression,Depression
NCT01082588,Schizophrenia,Schizophrenia & psychosis
NCT01082588,Schizoaffective Disorders,Schizophrenia & psychosis
NCT01082588,Schizophreniform Disorders,Schizophrenia & psychosis
NCT05319080,Schizophrenia and Related Disorders,Schizophrenia & psychosis
NCT04033679,Schizophrenia;Schizoaffective,Schizophrenia & psychosis
NCT06771141,Pediatric Anxiety Disorders,Anxiety
NCT06629441,Anxiety Depression,Depression
NCT04236505,Anxiety,Anxiety
NCT07132905,PTSD - Post Traumatic Stress Disorder,PTSD
NCT07132905,Depression Disorder,Depression
NCT07132905,Anxiety,Anxiety
NCT06499129,Anxiety,Anxiety
NCT05947383,Major Depressive Disorder,Depression
NCT01372722,Bipolar Disorder,Bipolar disorder
NCT04239651,"Depressive Disorder, Treatment-Resistant",Depression
NCT05407051,Depression,Depression
NCT05407051,Teen Depression,Depression
NCT05964231,Anxiety Disorders,Anxiety
NCT04262895,Posttraumatic Stress Disorder,PTSD
NCT04045977,Depressive Symptoms,Depression
NCT04045977,Anxiety State,Anxiety
NCT05910775,Depressive Episode,Depression
NCT03201757,Schizophrenia,Schizophrenia & psychosis
NCT03201757,Schizophreniform Disorder,Schizophrenia & psychosis
NCT03201757,Bipolar I Disorder,Bipolar disorder
NCT02955719,Depression,Depression
NCT02955719,Anxiety,Anxiety
NCT02761330,Depression,Depression
NCT05723328,Bipolar Disorder,Bipolar disorder
NCT05723328,Depressive,Depression
NCT05723328,Schizophrenia Spectrum and Other Psychotic Disorders,Schizophrenia & psychosis
NCT05723328,Anxiety Disorder,Anxiety
NCT03999567,Major Depressive Episode,Depression
NCT04007367,Major Depressive Disorder,Depression
NCT03291600,Perinatal Depression,Depression
NCT03147924,Anxiety,Anxiety
NCT03147924,Depression,Depression
NCT02360280,Treatment-resistant Depression,Depression
NCT06992180,"Depression, Anxiety",Depression
NCT02082561,Panic Disorder,Anxiety
NCT02082561,Generalized Anxiety Disorder,Anxiety
NCT02082561,Social Anxiety Disorder,Anxiety
NCT05530642,Posttraumatic Stress Disorder,PTSD
NCT05530642,Major Depressive Disorder,Depression
NCT05530642,Panic Disorder,Anxiety
NCT05530642,Generalized Anxiety Disorder,Anxiety
NCT01620086,Schizophrenia,Schizophrenia & psychosis
NCT04656886,Remission in Depression,Depression
NCT05865405,Depression,Depression
NCT01584466,Schizophrenia,Schizophrenia & psychosis
NCT01182051,Anxiety,Anxiety
NCT04832451,Depressive Symptoms,Depression
NCT02476331,Bipolar Disorder,Bipolar disorder
NCT06093737,Anxiety,Anxiety
NCT06093737,Depression,Depression
NCT06088069,Anxiety,Anxiety
NCT05016154,Depression,Depression
NCT05016154,Anxiety,Anxiety
NCT03595254,Depression,Depression
NCT03595254,Anxiety,Anxiety
NCT01459705,Post-Traumatic Stress Disorder,PTSD
NCT02170194,Subthreshold PTSD,PTSD
NCT06363266,Anxiety,Anxiety
NCT03678766,Binge-Eating Disorder,Eating disorders
NCT05415566,Anxiety,Anxiety
NCT05435222,Major Depressive Disorder,Depression
NCT01685931,Schizophrenia,Schizophrenia & psychosis
NCT05709353,PTSD,PTSD
NCT05709353,Alcohol Use Disorder,Substance use
NCT05709353,Alcohol Dependence,Substance use
NCT05709353,Post-traumatic Stress Disorder,PTSD
NCT01124877,Bipolar Disorder,Bipolar disorder
NCT01838681,Major Depressive Disorder,Depression
NCT05902819,Post-traumatic Stress Disorder,PTSD
NCT05902819,Cocaine Use Disorder,Substance use
NCT05993728,Eating Disorders,Eating disorders
NCT03050853,Tobacco Dependence,Substance use
NCT03050853,Schizophrenia,Schizophrenia & psychosis
NCT03050853,Bipolar Disorder,Bipolar disorder
NCT03050853,Schizoaffective Disorder,Schizophrenia & psychosis
NCT05589337,Depression Symptoms,Depression
NCT05589337,Anxiety Symptoms,Anxiety
NCT07137845,PTSD - Post Traumatic Stress Disorder,PTSD
NCT04949945,Depression,Depression
NCT03167372,Depression,Depression
NCT06318195,Post Traumatic Stress Disorder,PTSD
NCT06318195,Acute Stress Disorder,PTSD
NCT07532512,Depressive Symptoms Mild to Moderate in Severity,Depression
NCT06958081,Performance Anxiety,Anxiety
NCT05132881,Anxiety,Anxiety
NCT07192367,Social Anxiety Disorder,Anxiety
NCT01909167,Anxiety,Anxiety
NCT01909167,Postpartum Depression,Depression
NCT01909167,Depressive Symptoms,Depression
NCT04993300,"Depression, Anxiety",Depression
NCT04993300,Amphetamine Addiction,Substance use
NCT05916053,Depressive Symptoms,Depression
NCT06786637,Depression - Major Depressive Disorder,Depression
NCT06786637,Anxiety,Anxiety
NCT05251337,Anxiety,Anxiety
NCT05212753,Anxiety,Anxiety
NCT06263257,Anxiety,Anxiety
NCT05234281,Mixed Anxiety Depression,Depression
NCT05824728,Parkinson Disease Psychosis,Schizophrenia & psychosis
NCT06310720,Postpartum Depression,Depression
NCT02506127,Major Depressive Disorder,Depression
NCT07180342,Major Depressive Disorder,Depression
NCT04646369,Depression,Depression
NCT02823041,Schizophrenia,Schizophrenia & psychosis
NCT02823041,Schizophreniform Disorder,Schizophrenia & psychosis
NCT02823041,Schizoaffective Disorder,Schizophrenia & psychosis
NCT05521854,Opioid Use Disorder,Substance use
NCT05521854,Methamphetamine Abuse,Substance use
NCT05521854,Cocaine Use Disorder,Substance use
NCT05050266,"Depression, Postpartum",Depression
NCT01348529,Obsessive Compulsive Disorder,OCD
NCT01250431,"Stress Disorders, Post-Traumatic",PTSD
NCT05894902,Major Depression,Depression
NCT05894902,Post Traumatic Stress Disorder,PTSD
NCT02648737,Generalized Anxiety Disorder,Anxiety
NCT02648737,Social Phobia,Anxiety
NCT02600637,Depression,Depression
NCT02600637,Anxiety,Anxiety
NCT04974645,Alcohol Use Disorder (AUD),Substance use
NCT04974645,Substance Use Disorders,Substance use
NCT06802939,Schizophrenia,Schizophrenia & psychosis
NCT04496557,Post-traumatic Stress Disorder,PTSD
NCT04928001,Depression Anxiety and Co-occurring Rural Youth,Depression
NCT03580967,Major Depressive Disorder,Depression
NCT03307967,Substance Use Disorders,Substance use
NCT03636880,Anxiety,Anxiety
NCT03636880,Depression,Depression
NCT06793488,Alcohol Use Disorder,Substance use
NCT05050227,Depression,Depression
NCT07060742,Psychosis,Schizophrenia & psychosis
NCT02597686,Bipolar Disorder,Bipolar disorder
NCT01377194,Major Depressive Disorder,Depression
NCT07510256,Addiction,Substance use
NCT07510256,Addiction Disorders,Substance use
NCT06093451,Schizophrenia Agitation,Schizophrenia & psychosis
NCT06093451,Schizo Affective Disorder,Schizophrenia & psychosis
NCT06093451,Bipolar Disorder,Bipolar disorder
NCT03154151,Post-Traumatic Stress Disorder,PTSD
NCT07216729,Anxiety Symptoms,Anxiety
NCT07216729,Depressive Symptoms,Depression
NCT03194295,Substance Use Disorders,Substance use
NCT04058795,Posttraumatic Stress Disorder,PTSD
NCT04278339,Schizophrenia,Schizophrenia & psychosis
NCT01773239,Schizophrenia,Schizophrenia & psychosis
NCT01357577,PTSD,PTSD
NCT01357577,Substance Use Disorders,Substance use
NCT03354975,Anxiety,Anxiety
NCT05988619,Major Depressive Disorder,Depression
NCT05921773,Anxiety Disorders,Anxiety
NCT06856083,Depression,Depression
NCT01825694,Substance Abuse,Substance use
NCT02631694,Panic Disorder,Anxiety
NCT02137369,Depression,Depression
NCT01280305,Schizophrenia,Schizophrenia & psychosis
NCT01280305,Schizoaffective Disorder,Schizophrenia & psychosis
NCT06552273,Public Speaking Anxiety,Anxiety
NCT02690441,Generalized Anxiety Disorder,Anxiety
NCT05133583,Postpartum Depression,Depression
NCT05384483,Social Anxiety Disorder,Anxiety
NCT05812469,Substance Use Disorders,Substance use
NCT05812469,Alcohol Use Disorder,Substance use
NCT03977441,Depression,Depression
NCT06570694,Depression,Depression
NCT06570694,Anxiety,Anxiety
NCT05177705,Binge Eating,Eating disorders
NCT01337973,Substance-Related Disorders,Substance use
NCT05384041,Major Depressive Disorder,Depression
NCT04784494,Depression,Depression
NCT04784494,Major Depressive Disorder,Depression
NCT05765656,Benzodiazepine Dependence,Substance use
NCT05765656,Anxiety,Anxiety
NCT02185612,Depression,Depression
NCT02185612,Anxiety,Anxiety
NCT02185612,Alcohol Abuse,Substance use
NCT06451965,Post-stroke Depression,Depression
NCT05371665,Anxiety Disorder,Anxiety
NCT05371665,Depressive Disorder,Depression
NCT05103657,Post-Traumatic Stress Disorder,PTSD
NCT06587139,Depressive Symptoms,Depression
NCT06587139,Anxiety,Anxiety
NCT06462612,"Bipolar Disorder, Manic",Bipolar disorder
NCT04414930,Schizophrenia,Schizophrenia & psychosis
NCT04414930,Schizoaffective Disorder,Schizophrenia & psychosis
NCT01310881,Depression,Depression
NCT05061381,Anxiety,Anxiety
NCT03836430,Postpartum Depression,Depression
NCT03531112,Binge Eating,Eating disorders
NCT06129981,Post-traumatic Stress Disorder,PTSD
NCT05876481,PTSD,PTSD
NCT02238730,Depression,Depression
NCT02238730,Depressive Disorder,Depression
NCT02238730,Treatment Resistant Depressive Disorder,Depression
NCT02238730,Bipolar Disorder,Bipolar disorder
NCT02238730,Major Depressive Disorder,Depression
NCT02637466,Unipolar Major Depression,Depression
NCT04913766,Depression,Depression
NCT04913766,Anxiety,Anxiety
NCT04913766,PTSD,PTSD
NCT02922556,Major Depressive Disorder,Depression
NCT03554694,Anxiety,Anxiety
NCT02415166,MAJOR DEPRESSIVE DISORDER,Depression
NCT07092956,Anxiety and Fear,Anxiety
NCT04785456,Major Depressive Disorder,Depression
NCT04785456,Opioid-use Disorder,Substance use
NCT04834622,Postnatal Depression,Depression
NCT05362305,Postpartum Depression,Depression
NCT05362305,Postpartum Anxiety,Anxiety
NCT02423694,Depression,Depression
NCT01412866,Nicotine Dependence,Substance use
NCT01412866,Schizophrenia,Schizophrenia & psychosis
NCT01412866,Tobacco Use Disorder,Substance use
NCT05778994,Anxiety Disorders,Anxiety
NCT05143866,Binge-Eating Disorder,Eating disorders
NCT05143866,Binge Eating,Eating disorders
NCT04512066,"Schizophrenia, Schizoaffective Disorder",Schizophrenia & psychosis
NCT04827056,Alcohol Use Disorder (AUD),Substance use
NCT04827056,Post Traumatic Stress Disorder (PTSD),PTSD
NCT04747756,Depression in Old Age,Depression
NCT01879956,Refractory Schizophrenia,Schizophrenia & psychosis
NCT03630822,Schizophrenia,Schizophrenia & psychosis
NCT03630822,Bipolar I Disorder,Bipolar disorder
NCT06743282,Substance Use Disorders,Substance use
NCT06743282,Substance Abuse,Substance use
NCT06037382,Depression,Depression
NCT06037382,Anxiety,Anxiety
NCT03785223,Generalized Anxiety Disorder,Anxiety
NCT03785223,Social Anxiety Disorder,Anxiety
NCT03785223,Panic Disorder,Anxiety
NCT03785223,Agoraphobia,Anxiety
NCT02998580,Major Depression,Depression
NCT01436162,Major Depressive Disorder,Depression
NCT01889342,Mixed Anxiety Disorders,Anxiety
NCT02351869,Bipolar Disorder,Bipolar disorder
NCT07071883,Addiction,Substance use
NCT07071883,Substance Use Disorders (SUD),Substance use
NCT04093154,Anxiety State,Anxiety
NCT01557894,"Phobia, Social",Anxiety
NCT04418856,Depression,Depression
NCT07147322,Stress and Anxiety,Anxiety
NCT05353751,Child Anxiety,Anxiety
NCT05353751,Depression,Depression
NCT05121831,Depressive Disorder,Depression
NCT03552237,Schizophrenia,Schizophrenia & psychosis
NCT04707495,Subthreshold Depression,Depression
NCT01161277,Psychosis,Schizophrenia & psychosis
NCT01161277,Schizophrenia,Schizophrenia & psychosis
NCT04935775,Anxiety,Anxiety
NCT04524975,Anxiety Disorder Generalized,Anxiety
NCT05832619,Major Depressive Disorder,Depression
NCT05071430,Panic Disorder,Anxiety
NCT03567330,Depressive Symptoms,Depression
NCT03567330,Anxiety,Anxiety
NCT03599479,Anxiety,Anxiety
NCT03219879,Depressive Disorder,Depression
NCT01754883,Combat Posttraumatic Stess Disorder,PTSD
NCT04786483,Anxiety,Anxiety
NCT03001154,Social Phobia,Anxiety
NCT03001154,Anxiety,Anxiety
NCT03203954,Major Depressive Disorder,Depression
NCT06653829,Negative Symptoms in Schizophrenia,Schizophrenia & psychosis
NCT06653829,Schizophrenia,Schizophrenia & psychosis
NCT06653829,Schizoaffective Disorder,Schizophrenia & psychosis
NCT06062472,Depression,Depression
NCT06062472,Anxiety,Anxiety
NCT03683472,Anxiety Disorders,Anxiety
NCT01573637,Schizophrenia in Post Menopausal Women,Schizophrenia & psychosis
NCT03144739,Depression,Depression
NCT03144739,Anxiety,Anxiety
NCT03144739,Substance Use,Substance use
NCT03742557,Treatment Resistant Depression,Depression
NCT07283757,PTSD,PTSD
NCT03069612,Cannabis Use Disorder,Substance use
NCT03069612,Psychosis,Schizophrenia & psychosis
NCT07462312,PTSD - Post Traumatic Stress Disorder,PTSD
NCT04445792,Depression,Depression
NCT05944536,Substance Use Disorders,Substance use
NCT02512367,Schizophrenia,Schizophrenia & psychosis
NCT05159336,Schizophrenia,Schizophrenia & psychosis
NCT02245607,Psychosis,Schizophrenia & psychosis
NCT02245607,Schizophrenia,Schizophrenia & psychosis
NCT03329144,Anxiety,Anxiety
NCT03329144,Depression,Depression
NCT03352011,Post-traumatic Stress Disorder,PTSD
NCT05372744,Social Anxiety,Anxiety
NCT05372744,Depression,Depression
NCT01896934,Major Depressive Disorder,Depression
NCT03702634,Anxiety,Anxiety
NCT03702634,PTSD,PTSD
NCT03702634,Depression,Depression
NCT02079844,Schizophrenia,Schizophrenia & psychosis
NCT06792071,Eating Disorders,Eating disorders
NCT06792071,Anorexia Nervosa,Eating disorders
NCT06792071,"Anorexia Nervosa, Atypical",Eating disorders
NCT06792071,Feeding and Eating Disorders,Eating disorders
NCT02883413,Anorexia Nervosa,Eating disorders
NCT04266223,Anxiety,Anxiety
NCT03958903,PTSD,PTSD
NCT03958903,Panic Disorder,Anxiety
NCT01148186,Anxiety,Anxiety
NCT01567670,Binge Eating Disorder,Eating disorders
NCT06704841,Anxiety,Anxiety
NCT01677182,Bipolar Disorder,Bipolar disorder
NCT02062762,Depression,Depression
NCT01390662,Depression,Depression
NCT03694327,Nicotine Addiction,Substance use
NCT03694327,Drug Addiction,Substance use
NCT03694327,Drug Dependence,Substance use
NCT03694327,Tobacco Dependence,Substance use
NCT03694327,Tobacco Use Disorder,Substance use
NCT03694327,Substance Use Disorder,Substance use
NCT06592573,Anxiety,Anxiety
NCT06592573,Depressive Symptoms,Depression
NCT06277973,Post-traumatic Stress Disorder,PTSD
NCT06277973,Acute Stress Disorder,PTSD
NCT02239094,Bipolar Depression,Depression
NCT01323699,Anxiety,Anxiety
NCT01323699,Depression,Depression
NCT06988332,Anxiety Disorders,Anxiety
NCT06988332,Depressive Disorder,Depression
NCT03056963,Depression,Depression
NCT06021821,Anxiety,Anxiety
NCT06021821,Depression,Depression
NCT06104904,Anxiety,Anxiety
NCT06104904,Anxiety Disorders,Anxiety
NCT07158684,Anxiety,Anxiety
NCT06811584,Anxiety,Anxiety
NCT06145984,Depression in Remission,Depression
NCT04953832,Anxiety Disorders,Anxiety
NCT03367533,"Depressive Disorder, Major",Depression
NCT03367533,Post Traumatic Stress Disorder,PTSD
NCT03367533,Bipolar Disorder,Bipolar disorder
NCT04418752,PTSD,PTSD
NCT02287038,Post Traumatic Stress Disorder,PTSD
NCT02203734,Depression,Depression
NCT04772664,"Depressive Disorder, Major",Depression
NCT02055287,Schizophrenia,Schizophrenia & psychosis
NCT02055287,Schizoaffective Disorder,Schizophrenia & psychosis
NCT04659993,"Depression, Anxiety",Depression
NCT04554706,Depression,Depression
NCT05895006,Posttraumatic Stress Disorder (PTSD),PTSD
NCT03920384,Psychosis,Schizophrenia & psychosis
NCT06256952,Alcohol Use Disorder,Substance use
NCT06256952,Alcoholism,Substance use
NCT06256952,Substance Use Disorders,Substance use
NCT07246044,Bipolar Depression,Depression
NCT07246044,Bipolar Disorder Depression,Depression
NCT04182334,Anxiety,Anxiety
NCT06706232,Bipolar II Disorder,Bipolar disorder
NCT06706232,"Depression, Bipolar",Depression
NCT06113887,Bipolar Disorder,Bipolar disorder
NCT05849493,Generalized Anxiety Disorder,Anxiety
NCT05730504,Substance Use Disorders,Substance use
NCT05730504,"Addiction, Alcohol",Substance use
NCT05730504,"Addiction, Substance",Substance use
NCT05356364,Depression,Depression
NCT07185464,Depression - Major Depressive Disorder,Depression
NCT07794709,Anxiety,Anxiety
NCT07424209,Anxiety,Anxiety
NCT01952132,Schizophrenia,Schizophrenia & psychosis
NCT06920706,Post-stroke Depression,Depression
NCT03416504,Obsessive-Compulsive Disorder,OCD
NCT05853744,Anxiety,Anxiety
NCT06206798,Chronic Schizophrenia,Schizophrenia & psychosis
NCT07099521,Social Anxiety Disorder,Anxiety
NCT06562504,Patients With Schizophrenia,Schizophrenia & psychosis
NCT05206292,Schizophrenia,Schizophrenia & psychosis
NCT02452892,Depression,Depression
NCT02452892,Depressive Disorder,Depression
NCT02452892,"Depressive Disorder, Treatment-resistant",Depression
NCT02452892,"Depressive Disorder, Major",Depression
NCT02545634,Anxiety,Anxiety
NCT03869463,Depressive Symptoms,Depression
NCT06391216,Depression,Depression
NCT06391216,Anxiety,Anxiety
NCT07203144,Depression - Major Depressive Disorder,Depression
NCT06026709,Depression,Depression
NCT06026709,Anxiety,Anxiety
NCT05140109,Eating Disorders,Eating disorders
NCT03283163,Posttraumatic Stress Disorder (PTSD),PTSD
NCT02272387,Depression,Depression
NCT02272387,Postpartum Depression,Depression
NCT04729244,Anxiety,Anxiety
NCT04729244,Opioid Use,Substance use
NCT05959434,Posttraumatic Stress Disorder,PTSD
NCT05959434,Alcohol Use Disorder,Substance use
NCT07690709,Anxiety,Anxiety
NCT02972632,Major Depressive Disorder,Depression
NCT04771767,Post-Traumatic Stress Disorder,PTSD
NCT03985267,Anxiety,Anxiety
NCT03985267,Depression,Depression
NCT02051192,Obsessive-compulsive Disorder,OCD
NCT02051192,Social Phobia,Anxiety
NCT02051192,Generalized Anxiety Disorder,Anxiety
NCT02051192,Specific Phobia,Anxiety
NCT02051192,Separation Anxiety Disorder,Anxiety
NCT02051192,"Anxiety Disorder, Not Otherwise Specified",Anxiety
NCT05833009,Schizophrenia,Schizophrenia & psychosis
NCT05696899,Anxiety and Fear,Anxiety
NCT02790398,Anxiety,Anxiety
NCT02790398,Depression,Depression
NCT02295787,Depression,Depression
NCT02627404,Bipolar Disorder,Bipolar disorder
NCT06128889,Depression,Depression
NCT06128889,Anxiety,Anxiety
NCT01487668,Bipolar Disorder,Bipolar disorder
NCT01487668,Schizophrenia,Schizophrenia & psychosis
NCT01487668,Major Depressive Disorder,Depression
NCT01487668,Schizoaffective Disorder,Schizophrenia & psychosis
NCT02813174,Postpartum Depression,Depression
NCT07804979,Major Depressive Disorder (MDD),Depression
NCT07804979,Treatment-resistant Depression (TRD),Depression
NCT05917379,Depression,Depression
NCT05917379,Anxiety,Anxiety
NCT03859973,Schizophrenia,Schizophrenia & psychosis
NCT01459068,Depression,Depression
NCT01459068,Anxiety,Anxiety
NCT01459068,Posttraumatic Stress,PTSD
NCT05326074,Anxiety,Anxiety
NCT05326074,Depression,Depression
NCT03142490,Anxiety,Anxiety
NCT05454410,Treatment-Resistant Depression,Depression
NCT02937259,Eating Disorders,Eating disorders
NCT02937259,Anorexia Nervosa,Eating disorders
NCT02937259,Bulimia Nervosa,Eating disorders
NCT03210480,Bipolar Disorder,Bipolar disorder
NCT04210973,Major Depressive Disorder,Depression
NCT03481673,Childhood Anxiety Disorder,Anxiety
NCT03481673,Childhood Depression,Depression
NCT05691140,Postpartum Anxiety,Anxiety
NCT03113968,Treatment Resistant Depression,Depression
NCT03113968,Depression,Depression
NCT03113968,Major Depressive Disorder,Depression
NCT03113968,Major Depressive Episode,Depression
NCT03113968,Unipolar Depression,Depression
NCT02971150,Treatment Resistant Depression,Depression
NCT04727697,Anxiety State,Anxiety
NCT07703397,Depression - Major Depressive Disorder,Depression
NCT01999010,Major Depressive Disorder,Depression
NCT04524260,Posttraumatic Stress Disorder,PTSD
NCT04524260,"Depression, Anxiety",Depression
NCT01627782,Major Depressive Disorder,Depression
NCT06942559,Obsessive Compulsive Disorder (OCD),OCD
NCT06942559,Treatment Resistant Obsessive Compulsive Disorder,OCD
NCT05810259,Anxiety,Anxiety
NCT05810259,Depression,Depression
NCT05474846,Anxiety,Anxiety
NCT05474846,Depression,Depression
NCT03321617,Clinical High Risk for Psychosis,Schizophrenia & psychosis
NCT02560389,"Stress Disorder, Post Traumatic",PTSD
NCT06000774,Anorexia Nervosa in Remission,Eating disorders
NCT06000774,Bulimia Nervosa,Eating disorders
NCT06000774,Anorexia Nervosa,Eating disorders
NCT03327974,Current Major Depressive Disorder,Depression
NCT07082790,Anxiety,Anxiety
NCT02916810,Schizophrenia and Related Disorders,Schizophrenia & psychosis
NCT05213013,Fear Anxiety,Anxiety
NCT03658824,Bipolar Depression,Depression
NCT03986827,Social Anxiety Disorder,Anxiety
NCT02774642,Posttraumatic Stress Disorders,PTSD
NCT02472470,Depressive Symptoms,Depression
NCT06631183,Self-reported Symptoms of Depression,Depression
NCT07077291,Treatment-resistant Depression (TRD),Depression
NCT03488290,Post Traumatic Stress Disorder,PTSD
NCT07149324,Disordered Eating Behaviors,Eating disorders
NCT07149324,Disordered Eating,Eating disorders
NCT05813080,Psychotic Disorders,Schizophrenia & psychosis
NCT05643170,Schizophrenia,Schizophrenia & psychosis
NCT06516991,Bipolar Depression,Depression
NCT04075890,OCD,OCD
NCT06530290,Anxiety,Anxiety
NCT04657380,Psychosis; Episode,Schizophrenia & psychosis
NCT05506462,Major Depressive Disorder,Depression
NCT03760627,"Mental Health Issue (E.G., Depression, Psychosis, Personality Disorder, Substance Abuse)",Depression
NCT06276361,Schizophrenia,Schizophrenia & psychosis
NCT04337242,Major Depressive Disorder,Depression
NCT04837989,Feeding and Eating Disorders,Eating disorders
NCT06102096,Depressive Symptoms,Depression
NCT06102096,Anxiety,Anxiety
NCT01804296,Major Depressive Disorder,Depression
NCT02348827,Major Depressive Disorder,Depression
NCT00560027,Postpartum Depression,Depression
NCT03808727,"PTSD, Post Traumatic Stress Disorder",PTSD
NCT05593276,Depression,Depression
NCT05593276,Depressive Disorder,Depression
NCT06776991,Social Anxiety Disorder (Social Phobia),Anxiety
NCT06776991,Public Speaking Anxiety,Anxiety
NCT06776991,Anhedonia,Depression
NCT06776991,ANXIETY DISORDERS (or Anxiety and Phobic Neuroses),Anxiety
NCT06776991,Phobic Disorders,Anxiety
NCT02346591,Depression,Depression
NCT02407691,Depression,Depression
NCT06489990,Depression,Depression
NCT06489990,High Risk of Depression,Depression
NCT04213820,Anorexia Nervosa,Eating disorders
NCT05081596,Depression,Depression
NCT07155876,Anxiety,Anxiety
NCT03673540,Bulimia Nervosa,Eating disorders
NCT03673540,Bulimia,Eating disorders
NCT03673540,Binge Eating,Eating disorders
NCT03673540,Eating Disorder,Eating disorders
NCT04338750,Anxiety,Anxiety
NCT04338750,Anxiety Generalized,Anxiety
NCT04338750,Anxiety Disorders and Symptoms,Anxiety
NCT01616797,"Depression, Anxiety",Depression
NCT06341413,Post Traumatic Stress Disorder,PTSD
NCT04567680,Post-traumatic Stress Disorder,PTSD
NCT05774379,Anxiety,Anxiety
NCT06745479,Schizophrenia,Schizophrenia & psychosis
NCT06745479,Schizoaffective Disorder,Schizophrenia & psychosis
NCT04706442,Postnatal Depression,Depression
NCT04706442,Anxiety,Anxiety
NCT03360942,Treatment Resistant Depression,Depression
NCT03360942,"Depressive Disorder, Treatment-Resistant",Depression
NCT03360942,"Depression, Bipolar",Depression
NCT03012724,Major Depressive Disorder (MDD),Depression
NCT07067424,Anxiety,Anxiety
NCT03606759,Addictive Behavior,Substance use
NCT03606759,Substance-Related Disorders,Substance use
NCT07003659,Anxiety,Anxiety
NCT04876196,Bulimia Nervosa,Eating disorders
NCT05721196,Bipolar Disorder,Bipolar disorder
NCT07272096,Depression,Depression
NCT07272096,Anxiety,Anxiety
NCT06569303,Depression,Depression
NCT06569303,Anxiety,Anxiety
NCT04050475,Depression,Depression
NCT05378581,Anxiety and Fear,Anxiety
NCT03882619,Schizophrenia,Schizophrenia & psychosis
NCT03000530,Major Depression,Depression
NCT03834207,Depression,Depression
NCT04751864,Anxiety,Anxiety
NCT04751864,Generalized Anxiety Disorder,Anxiety
NCT04751864,Generalized Anxiety,Anxiety
NCT04153864,Perinatal Depression,Depression
NCT05568498,Depression,Depression
NCT05074693,Anxiety Depression,Depression
NCT03786614,Treatment Resistant Depression,Depression
NCT01477931,"Depressive Disorder, Major",Depression
NCT05554172,Anorexia Nervosa,Eating disorders
NCT06444295,Posttraumatic Stress Symptom,PTSD
NCT01474395,Schizophrenia,Schizophrenia & psychosis
NCT01474395,Schizoaffective Disorder,Schizophrenia & psychosis
NCT05602012,Social Anxiety,Anxiety
NCT07225712,Schizophrenia,Schizophrenia & psychosis
NCT05025657,"Depression, Anxiety",Depression
NCT04630444,Posttraumatic Stress Disorder,PTSD
NCT03028545,"Schizophrenia, Undifferentiated",Schizophrenia & psychosis
NCT03028545,Bipolar Disorders,Bipolar disorder
NCT02381639,Anorexia Nervosa,Eating disorders
NCT01173601,Major Depressive Disorder,Depression
NCT06608030,"Depression, Anxiety",Depression
NCT02900092,Major Depressive Disorder,Depression
NCT01582945,Major Depressive Disorder,Depression
NCT05766475,Postpartum Depression,Depression
NCT03261557,Schizophrenia,Schizophrenia & psychosis
NCT03261557,Schizoaffective Disorder,Schizophrenia & psychosis
NCT03261557,Psychosis NOS,Schizophrenia & psychosis
NCT07313657,Anxiety,Anxiety
NCT07313657,Depression,Depression
NCT05300919,Bipolar Disorder,Bipolar disorder
NCT04769219,Anxiety,Anxiety
NCT06657807,Anxiety,Anxiety
NCT01342536,Major Depressive Disorder,Depression
NCT03550144,Anxiety,Anxiety
NCT01674244,PTSD Symptoms,PTSD
NCT04825171,Anxiety Symptoms,Anxiety
NCT05112432,Psychosis,Schizophrenia & psychosis
NCT04959032,Schizophrenia,Schizophrenia & psychosis
NCT05322863,Depression in Old Age,Depression
NCT01979263,Generalized Anxiety Disorder,Anxiety
NCT01979263,Separation Anxiety Disorder,Anxiety
NCT01979263,Social Phobia,Anxiety
NCT01979263,Specific Phobia,Anxiety
NCT01979263,Obsessive-Compulsive Disorder,OCD
NCT05417087,Major Depressive Disorder (MDD),Depression
NCT06414356,PTSD,PTSD
NCT06292637,Depression,Depression
NCT06710912,Major Depressive Disorder (MDD),Depression
NCT04714528,Depression,Depression
NCT04714528,Anxiety,Anxiety
NCT05054101,PTSD,PTSD
NCT06360107,Depression,Depression
NCT07201844,Generalized Anxiety Disorder (GAD),Anxiety
NCT03761732,Post Traumatic Stress Disorder,PTSD
NCT04545593,Depression,Depression
NCT04545593,Anxiety,Anxiety
NCT02449421,Post Traumatic Stress Disorder,PTSD
NCT03069677,Anxiety,Anxiety
NCT06814275,Stimulant Use,Substance use
NCT06814275,Depression,Depression
NCT04639557,Maternal Depression,Depression
NCT05786157,Alcohol Use Disorder,Substance use
NCT05786157,Posttraumatic Stress Disorder,PTSD
NCT04681807,Schizophrenia,Schizophrenia & psychosis
NCT05180136,Depression,Depression
NCT07061600,Depressive Disorder,Depression
NCT07061600,Depression - Major Depressive Disorder,Depression
NCT07061600,Depression in Adolescence,Depression
NCT06620900,Substance Use,Substance use
NCT06620900,Substance Use Disorder (SUD),Substance use
NCT04932434,Depression,Depression
NCT04932434,Anxiety,Anxiety
NCT01667822,Anxiety Disorders,Anxiety
NCT01667822,Major Depression,Depression
NCT05102929,Schizophrenia,Schizophrenia & psychosis
NCT03291431,Alcohol Use Disorder,Substance use
NCT03291431,Depressive Disorder,Depression
NCT02840045,Depression,Depression
NCT05282277,Depression,Depression
NCT05282277,Psychosis,Schizophrenia & psychosis
NCT05282277,Anhedonia,Depression
NCT04745065,Substance Use Disorders,Substance use
NCT03149107,Prodromal Schizophrenia,Schizophrenia & psychosis
NCT03160092,Attenuated Psychotic Symptoms,Schizophrenia & psychosis
NCT06924892,Depression,Depression
NCT01312571,Social Phobia,Anxiety
NCT01406444,Anorexia Nervosa,Eating disorders
NCT07007234,"Depression, Anxiety",Depression
NCT07698132,Binge Eating Disorder,Eating disorders
NCT07698132,Binge Eating Episodes,Eating disorders
NCT07698132,Binge Eating/Loss of Control Eating,Eating disorders
NCT07698132,Binge Eating Disorders,Eating disorders
NCT07698132,Binge Eating,Eating disorders
NCT07698132,Binge Eating Behaviour,Eating disorders
NCT07698132,Binge Eating Disorder Associated With Obesity,Eating disorders
NCT07698132,Eating Disorder Binge,Eating disorders
NCT07698132,Eating Disorders,Eating disorders
NCT03315793,Depressive Disorder,Depression
NCT06942429,Social Anxiety Disorder,Anxiety
NCT06942429,Separation Anxiety Disorder,Anxiety
NCT06942429,Specific Phobia,Anxiety
NCT06942429,Panic Disorder,Anxiety
NCT06942429,Generalized Anxiety Disorder,Anxiety
NCT06942429,Agoraphobia,Anxiety
NCT02667119,Substance Use Disorder,Substance use
NCT02667119,Posttraumatic Stress Disorder,PTSD
NCT02541630,PTSD,PTSD
NCT05774665,Treatment Resistant Depression,Depression
NCT04963907,"Depressive Disorder, Major",Depression
NCT07253207,Major Depressive Disorder (MDD),Depression
NCT06143800,Depression,Depression
NCT05212636,"Depressive Disorder, Major",Depression
NCT05126511,Anxiety,Anxiety
NCT07022171,Depressive Disorder,Depression
NCT07022171,Bipolar Disorder,Bipolar disorder
NCT04900272,Physical Dependence,Substance use
NCT05861739,Depression,Depression
NCT05861739,Anxiety,Anxiety
NCT04106375,Recurrent Major Depression,Depression
NCT02354001,Schizophrenia,Schizophrenia & psychosis
NCT02354001,Schizoaffective Disorder,Schizophrenia & psychosis
NCT02919501,"Depressive Disorder, Major",Depression
NCT06187428,Anxiety,Anxiety
NCT02694328,Schizophrenia,Schizophrenia & psychosis
NCT01828307,Substance Use Disorders,Substance use
NCT06003036,Schizophrenia,Schizophrenia & psychosis
NCT06003036,Schizoaffective Disorder,Schizophrenia & psychosis
NCT02871739,Depression,Depression
NCT03241277,Social Phobia,Anxiety
NCT05037175,Posttraumatic Stress Disorder,PTSD
NCT04184375,Bipolar Disorder,Bipolar disorder
NCT07080281,Anxiety,Anxiety
NCT06811311,Generalized Anxiety Disorder (GAD),Anxiety
NCT06811311,Anxiety Disorders,Anxiety
NCT05823922,Anxiety Disorders,Anxiety
NCT05823922,Depression,Depression
NCT05875337,Anxiety,Anxiety
NCT04611737,Schizophrenia,Schizophrenia & psychosis
NCT02305537,Social Anxiety Disorder,Anxiety
NCT02305537,Specific Phobia,Anxiety
NCT02305537,Separation Anxiety Disorder,Anxiety
NCT02305537,Panic Disorder,Anxiety
NCT02305537,Agoraphobia,Anxiety
NCT02305537,Obsessive-Compulsive Disorder,OCD
NCT05390775,Post Traumatic Stress Disorder,PTSD
NCT04123301,Depressive Episode,Depression
NCT04123301,Depressive Disorder,Depression
NCT04123301,Bipolar Disorder,Bipolar disorder
NCT06568081,Schizophrenia Spectrum and Other Psychotic Disorders,Schizophrenia & psychosis
NCT06568081,Affective Psychoses,Schizophrenia & psychosis
NCT02487381,Modeling Psychosis,Schizophrenia & psychosis
NCT01425619,Anxiety Disorder,Anxiety
NCT04008719,Post-stroke Depression,Depression
NCT02656966,Anxiety,Anxiety
NCT07355153,Depression,Depression
NCT06232057,Anxiety,Anxiety
NCT05913557,Anorexia Nervosa,Eating disorders
NCT05913557,Obsessive-Compulsive Disorder,OCD
NCT05913557,Social Phobia,Anxiety
NCT05913557,"Depression, Anxiety",Depression
NCT06864065,Binge-Eating Disorder,Eating disorders
NCT05292807,Social Anxiety,Anxiety
NCT05292807,Generalized Anxiety,Anxiety
NCT05292807,Obsessive-Compulsive Symptom,OCD
NCT05292807,Panic,Anxiety
NCT02007928,Schizophrenia,Schizophrenia & psychosis
NCT05306977,Generalized Anxiety Disorder,Anxiety
NCT03244475,Post-traumatic Stress Disorder,PTSD
NCT02833519,Depression,Depression
NCT06881030,Treatment Resistant Depression (TRD),Depression
NCT03733028,Posttraumatic Stress Disorder,PTSD
NCT01568528,Schizophrenia,Schizophrenia & psychosis
NCT02020265,Depression,Depression
NCT06700551,"Depression, Anxiety",Depression
NCT02346539,Depressive Disorder,Depression
NCT07126275,Depression Symptoms,Depression
NCT07126275,Anxiety Symptoms,Anxiety
NCT04775875,Obsessive-Compulsive Disorder,OCD
NCT06880328,Schizophrenia,Schizophrenia & psychosis
NCT04094792,Depression,Depression
NCT05580211,Schizophrenia,Schizophrenia & psychosis
NCT02690194,Anxiety,Anxiety
NCT03991572,Treatment Resistant Depression,Depression
NCT04423757,"Depressive Disorder, Major",Depression
NCT05954728,Avoidant/Restrictive Food Intake Disorder (ARFID),Eating disorders
NCT06854328,Post-Traumatic Stress Disorder in Adolescence,PTSD
NCT03411265,Opioid-Related Disorders,Substance use
NCT03411265,Opioid-use Disorder,Substance use
NCT03411265,Drug Addiction,Substance use
NCT03411265,Substance Use Disorders,Substance use
NCT02221336,Bipolar Disorder,Bipolar disorder
NCT01399671,Depression,Depression
NCT01399671,Major Depression,Depression
NCT05336344,Anxiety,Anxiety
NCT05336344,Depression,Depression
NCT06775054,Depression - Major Depressive Disorder,Depression
NCT03671005,Psychotic Disorder,Schizophrenia & psychosis
NCT07846072,Depression,Depression
NCT06454695,Major Depressive Disorder,Depression
NCT04945057,Bipolar Disorder,Bipolar disorder
NCT06200012,Substance Use Disorders,Substance use
NCT05292612,Social Anxiety Disorder,Anxiety
NCT05860101,Bipolar Affective Disorder,Bipolar disorder
NCT04847128,Anxiety,Anxiety
NCT04847128,Depression,Depression
NCT05675800,Major Depressive Disorder,Depression
NCT01680419,Depression,Depression
NCT01680419,PTSD,PTSD
NCT01998945,Posttraumatic Stress Disorder,PTSD
NCT01998945,Subsyndromal Posttraumatic Stress Disorder,PTSD
NCT05342077,Depression,Depression
NCT03343457,Anxiety,Anxiety
NCT05813457,Psychotic Episode,Schizophrenia & psychosis
NCT03423212,Depression,Depression
NCT03423212,Bipolar Disorder,Bipolar disorder
NCT03423212,Psychosis,Schizophrenia & psychosis
NCT03423212,Anxiety Disorders,Anxiety
NCT06494319,PTSD,PTSD
NCT03039530,"Depression, Postpartum",Depression
NCT05401019,Obsessive-Compulsive Disorder,OCD
NCT02480192,Menopausal Depression,Depression
NCT01381107,Major Depressive Disorder,Depression
NCT06456307,"Depression, Anxiety",Depression
NCT06456307,Antenatal Depression,Depression
NCT06456307,Postnatal Depression,Depression
NCT02650544,Depression,Depression
NCT02670551,Bipolar Disorder,Bipolar disorder
NCT02670551,Depression,Depression
NCT06639477,Depression,Depression
NCT05028075,Depressive Symptoms,Depression
NCT05028075,Anxiety,Anxiety
NCT01667601,Schizophrenia,Schizophrenia & psychosis
NCT05866107,Schizophrenia,Schizophrenia & psychosis
NCT05866107,Bipolar Disorder,Bipolar disorder
NCT04657107,Depression,Depression
NCT04054973,Schizo Affective Disorder,Schizophrenia & psychosis
NCT04054973,Schizophrenia,Schizophrenia & psychosis
NCT01291173,Binge Eating Disorder,Eating disorders
NCT04006756,Depression,Depression
NCT06002139,Anxiety,Anxiety
NCT02760927,Ventilatory Depression,Depression
NCT05826327,Postpartum Depression,Depression
NCT04017442,Postpartum Depression,Depression
NCT04017442,Opioid Consumption,Substance use
NCT06689254,Treatment-resistant PTSD,PTSD
NCT05823805,Schizophrenia,Schizophrenia & psychosis
NCT05823805,Bipolar Disorder,Bipolar disorder
NCT02136953,Obsessive-Compulsive Disorder,OCD
NCT03034356,Schizophrenia,Schizophrenia & psychosis
NCT02170051,Schizophrenia,Schizophrenia & psychosis
NCT03833531,Posttraumatic Stress Disorder (PTSD),PTSD
NCT03833531,Obsessive Compulsive Personality Disorder,OCD
NCT01494831,Post-traumatic Stress Disorder,PTSD
NCT01494831,Depression,Depression
NCT02377375,Obsessive-Compulsive Disorder,OCD
NCT06544512,Anxiety,Anxiety
NCT05570812,Major Depressive Disorder,Depression
NCT05570812,Anxiety Depression,Depression
NCT02634346,Schizophrenia,Schizophrenia & psychosis
NCT06610188,Depression Disorders,Depression
NCT03880227,Schizophrenia,Schizophrenia & psychosis
NCT03880227,Schizoaffective Disorder,Schizophrenia & psychosis
NCT03429166,PTSD,PTSD
NCT05411302,Major Depressive Disorder,Depression
NCT05411302,Generalized Anxiety Disorder,Anxiety
NCT05394753,"Depression, Anxiety",Depression
NCT03896945,Schizophrenia,Schizophrenia & psychosis
NCT05226351,Post Traumatic Stress Disorder,PTSD
NCT05500651,Schizophrenia,Schizophrenia & psychosis
NCT05500651,Negative Symptoms in Schizophrenia,Schizophrenia & psychosis
NCT02019329,Schizophrenia,Schizophrenia & psychosis
NCT05911529,Psychosis,Schizophrenia & psychosis
NCT05911529,Schizophrenia,Schizophrenia & psychosis
NCT05839431,Specific Phobia,Anxiety
NCT05839431,Social Anxiety Disorder,Anxiety
NCT03148639,Treatment-resistant Schizophrenia,Schizophrenia & psychosis
NCT02142439,Eating Disorders,Eating disorders
NCT05310175,Post-stroke Depression,Depression
NCT05725161,Depression,Depression
NCT02497027,Depression,Depression
NCT01301183,Anorexia Nervosa,Eating disorders
NCT03271866,Schizophrenia,Schizophrenia & psychosis
NCT06796166,Anxiety,Anxiety
NCT01237366,Substance Use Disorders,Substance use
NCT02484456,Major Depression,Depression
NCT03062202,Depression,Depression
NCT03062202,Anxiety,Anxiety
NCT06876103,Death Anxiety,Anxiety
NCT05218031,Post Traumatic Stress Disorder,PTSD
NCT05218031,Depression,Depression
NCT05218031,Anxiety Disorders,Anxiety
NCT04528095,Treatment-resistant Schizophrenia,Schizophrenia & psychosis
NCT04160377,Depressive Disorder,Depression
NCT04160377,Endogenous Depression,Depression
NCT01519557,Schizophrenia,Schizophrenia & psychosis
NCT01519557,Schizoaffective Disorder,Schizophrenia & psychosis
NCT03601312,Obsessive-Compulsive Disorder,OCD
NCT06701942,Depressive Disorder,Depression
NCT06701942,Anxiety Disorder (Panic Disorder or GAD),Anxiety
NCT07380061,Perinatal Depression,Depression
NCT07380061,Perinatal Anxiety,Anxiety
NCT03408873,Bipolar Disorder,Bipolar disorder
NCT07150741,Anxiety State,Anxiety
NCT03581305,Depression,Depression
NCT01514422,Bipolar Depression,Depression
NCT05974631,Post-traumatic Stress Disorder (PTSD),PTSD
NCT01507753,Bipolar Disorder,Bipolar disorder
NCT04173572,Schizophrenia,Schizophrenia & psychosis
NCT04173572,Schizoaffective Disorder,Schizophrenia & psychosis
NCT04173572,Brief Psychotic Disorder,Schizophrenia & psychosis
NCT04173572,Schizophreniform Disorders,Schizophrenia & psychosis
NCT04173572,Unspecified Schizophrenia Spectrum and Other Psychotic Disorder,Schizophrenia & psychosis
NCT03720795,Anxiety Disorders,Anxiety
NCT03720795,Obsessive-Compulsive Disorder,OCD
NCT03720795,Social Anxiety Disorder,Anxiety
NCT03720795,Generalized Anxiety Disorder,Anxiety
NCT03720795,Specific Phobia,Anxiety
NCT02057042,Depression,Depression
NCT02176473,Depression,Depression
NCT01805583,Anxiety Disorders,Anxiety
NCT01805583,Depression,Depression
NCT03480841,Depression,Depression
NCT06823141,Anxiety,Anxiety
NCT05839054,Anxiety,Anxiety
NCT04864353,Major Depression in Remission,Depression
NCT05443139,Anxiety,Anxiety
NCT05443139,Depression,Depression
NCT04580901,Postpartum Depression,Depression
NCT04588883,"Depression, Anxiety",Depression
NCT04588883,PTSD,PTSD
NCT04128202,Depression,Depression
NCT04333277,Depression,Depression
NCT06066112,Schizophrenia,Schizophrenia & psychosis
NCT03627195,Schizophrenia,Schizophrenia & psychosis
NCT01228539,PTSD,PTSD
NCT01986101,Bipolar Depression,Depression
NCT03172728,Obsessive-Compulsive Disorder,OCD
NCT05937867,Postpartum Depression,Depression
NCT02170467,Anorexia Nervosa,Eating disorders
NCT06883734,Schizophenia Disorder,Schizophrenia & psychosis
NCT05933109,PTSD,PTSD
NCT02097563,Psychotic Disorders,Schizophrenia & psychosis
NCT05306626,"Depression, Anxiety",Depression
NCT02134691,Posttraumatic Stress Disorder,PTSD
NCT02709018,Posttraumatic Stress Disorder,PTSD
NCT04372537,Anxiety,Anxiety
NCT06213701,Depression,Depression
NCT04016428,Depression,Depression
NCT01621828,Anxiety,Anxiety
NCT02944136,Depression,Depression
NCT01955564,Schizophrenia,Schizophrenia & psychosis
NCT01976832,Anxiety,Anxiety
NCT01976832,Depression,Depression
NCT03481699,Depression,Depression
NCT03441399,Depression,Depression
NCT06672432,Perinatal Depression,Depression
NCT06399263,Anorexia Nervosa,Eating disorders
NCT06836063,Major Depressive Disorder (MDD),Depression
NCT06251193,Schizophrenia,Schizophrenia & psychosis
NCT06251193,Schizoaffective Disorder,Schizophrenia & psychosis
NCT04291547,Depression,Depression
NCT04754958,Claustrophobia,Anxiety
NCT04719858,Depressive Symptoms,Depression
NCT03569878,PTSD,PTSD
NCT02590185,Major Depressive Disorders,Depression
NCT05435508,Anxiety,Anxiety
NCT06928740,Anxiety,Anxiety
NCT05598450,Schizophrenia,Schizophrenia & psychosis
NCT01799291,Bipolar Disorder,Bipolar disorder
NCT01566591,Bipolar Depression,Depression
NCT03765138,PTSD,PTSD
NCT03765138,MDD,Depression
NCT01497548,Depression,Depression
NCT06636058,Depression,Depression
NCT03461055,Anxiety,Anxiety
NCT03262376,Anxiety,Anxiety
NCT06957340,Post Stroke Depression,Depression
NCT07179068,Eating Disorders,Eating disorders
NCT03609749,Anxiety,Anxiety
NCT03609749,Depression,Depression
NCT01942148,Schizophrenia,Schizophrenia & psychosis
NCT01492348,Posttraumatic Stress Disorder (PTSD),PTSD
NCT01492348,Depression,Depression
NCT02188485,Depression,Depression
NCT05457985,PTSD,PTSD
NCT05812443,Anxiety Disorders,Anxiety
NCT05812443,Depressive Disorder,Depression
NCT03945617,Anxiety Disorders,Anxiety
NCT04622150,Bipolar Disorder,Bipolar disorder
NCT02507349,Schizophrenia,Schizophrenia & psychosis
NCT02507349,Bipolar Disorder,Bipolar disorder
NCT02507349,Major Depression,Depression
NCT07847138,Anxiety,Anxiety
NCT01145755,Major Depressive Disorder,Depression
NCT02687555,Post-Traumatic Stress Disorder,PTSD
NCT04150055,Anxiety,Anxiety
NCT06145555,Depression,Depression
NCT06552026,Depression,Depression
NCT07027085,Schizophrenia Disorders,Schizophrenia & psychosis
NCT03863925,Depression,Depression
NCT03863925,Schizophrenia,Schizophrenia & psychosis
NCT03863925,Bipolar Disorder,Bipolar disorder
NCT05081947,Depression,Depression
NCT05081947,Anxiety,Anxiety
NCT03044249,Psychosis,Schizophrenia & psychosis
NCT02040649,"Stress Disorders, Post-Traumatic",PTSD
NCT02040649,Depression,Depression
NCT02040649,Anxiety,Anxiety
NCT04786548,Obsessive-Compulsive Disorder,OCD
NCT01609348,Depression,Depression
NCT03529435,Posttraumatic Stress Disorder (PTSD),PTSD
NCT06119438,Anxiety,Anxiety
NCT02442843,Posttraumatic Stress Disorder (PTSD),PTSD
NCT01244815,"Bipolar Disorder, Pediatric",Bipolar disorder
NCT02697435,Depression,Depression
NCT02697435,Anxiety,Anxiety
NCT03158558,PTSD,PTSD
NCT02911285,Posttraumatic Stress Disorder (PTSD),PTSD
NCT02911285,Alcohol Use Disorder (AUD),Substance use
NCT02911285,Substance Use Disorder (SUD),Substance use
NCT04217408,Obsessive-Compulsive Disorder,OCD
NCT05366088,Depression in Old Age,Depression
NCT04422327,"Depression, Anxiety",Depression
NCT04551027,Schizophrenia,Schizophrenia & psychosis
NCT04551027,Schizoaffective Disorder,Schizophrenia & psychosis
NCT02950961,Anxiety,Anxiety
NCT02950961,Depression,Depression
NCT02950961,"Stress Disorders, Post Traumatic",PTSD
NCT06139770,Anorexia Nervosa,Eating disorders
NCT02886351,Anxiety,Anxiety
NCT02654366,Substance Use Disorders,Substance use
NCT03871842,Depressive Symptoms,Depression
NCT04769986,Alcohol Use Disorder,Substance use
NCT04769986,Posttraumatic Stress Disorder,PTSD
NCT06063369,Bipolar Depression,Depression
NCT06063369,Major Depressive Disorder,Depression
NCT05508854,Anxiety,Anxiety
NCT01163266,"Depressive Disorder, Major",Depression
NCT03257397,Treatment Resistant Depression,Depression
NCT04276259,Major Depressive Disorder,Depression
NCT04276259,Depression,Depression
NCT03721380,Substance Use Disorders,Substance use
NCT04138680,Major Depressive Disorder,Depression
NCT01174927,Opiate,Substance use
NCT01804270,Major Depressive Disorder,Depression
NCT02305394,Depressive Symptoms,Depression
NCT01995422,Major Depressive Disorder,Depression
NCT05890222,Depression,Depression
NCT06902727,Depressive Symptoms,Depression
NCT04929561,Anxiety Disorders,Anxiety
NCT05645042,PTSD,PTSD
NCT05622383,Anxiety,Anxiety
NCT06538922,Substance Use,Substance use
NCT05658796,Anxiety,Anxiety
NCT05658796,Depressive Symptoms,Depression
NCT05658796,Depression,Depression
NCT05658796,Anxiety Disorders,Anxiety
NCT05658796,Anxiety Depression,Depression
NCT06234696,Depression,Depression
NCT03004027,Social Anxiety,Anxiety
NCT03610542,Anxiety,Anxiety
NCT02790970,Depression,Depression
NCT01435759,Major Depressive Disorder,Depression
NCT02594696,Major Depression,Depression
NCT02594696,Schizophrenia,Schizophrenia & psychosis
NCT02594696,Bipolar Disorder,Bipolar disorder
NCT03546946,Anxiety,Anxiety
NCT06370988,Bipolar Depression,Depression
NCT06370988,Bipolar Disorder,Bipolar disorder
NCT06370988,Treatment- Resistant Bipolar Disorder,Bipolar disorder
NCT06370988,Type 2 Bipolar Disorder,Bipolar disorder
NCT06094088,Depression,Depression
NCT05275842,PTSD,PTSD
NCT05380661,Anxiety State,Anxiety
NCT07212673,Binge Eating Disorder,Eating disorders
NCT06817980,SCHIZOPHRENIA 1 (Disorder),Schizophrenia & psychosis
NCT06848127,Complex Post-Traumatic Stress Disorder (CPTSD),PTSD
NCT06848127,Post-traumatic Stress Disorder (PTSD),PTSD
NCT03064061,Anxiety,Anxiety
NCT05290142,"Depression, Anxiety",Depression
NCT02186769,Schizophrenia,Schizophrenia & psychosis
NCT02186769,Schizoaffective Disorder,Schizophrenia & psychosis
NCT04470869,Post Traumatic Stress Disorder,PTSD
NCT07259005,Social Anxiety,Anxiety
NCT05858294,Social Anxiety,Anxiety
NCT05858294,Social Anxiety Disorder,Anxiety
NCT05858294,Social Anxiety Disorder (Social Phobia),Anxiety
NCT04200196,Anxiety Disorders,Anxiety
NCT05723588,Tobacco Use Disorder,Substance use
NCT04248686,Eating Disorders,Eating disorders
NCT04276883,Agitation Associated With Bipolar Disorder,Bipolar disorder
NCT04276883,Bipolar Disorder,Bipolar disorder
NCT02824666,Schizophrenia,Schizophrenia & psychosis
NCT03101553,Social Anxiety Disorder,Anxiety
NCT03490786,Feeding and Eating Disorders,Eating disorders
NCT05155969,Postoperative Depression,Depression
NCT05701137,PTSD,PTSD
NCT02105376,Depressive Symptoms,Depression
NCT06574074,Depression,Depression
NCT04092010,Maternal Depression,Depression
NCT06085313,Depressive Symptoms,Depression
NCT06705179,Depressive Disorder,Depression
NCT06705179,Anxiety Disorders,Anxiety
NCT06705179,Obsessive Compulsive Disorder (OCD),OCD
NCT06436079,Anxiety and Fear,Anxiety
NCT04000646,Anxiety Acute,Anxiety
NCT03667846,Post Traumatic Stress Disorder,PTSD
NCT03667846,Alcohol Use Disorder,Substance use
NCT07217925,Post Traumatic Stress Symptoms,PTSD
NCT05525390,Major Depressive Disorder,Depression
NCT05525390,MDD,Depression
NCT05525390,Depression,Depression
NCT05839613,Patients With Schizophrenia,Schizophrenia & psychosis
NCT03211013,Posttraumatic Stress Disorder,PTSD
NCT04254120,Anxiety Disorders and Symptoms,Anxiety
NCT04254120,Depression,Depression
NCT04220346,Anxiety,Anxiety
NCT04375917,Anxiety,Anxiety
NCT04375917,Depressive Symptoms,Depression
NCT01429740,Schizophrenia,Schizophrenia & psychosis
NCT01032018,Depression,Depression
NCT03591224,Depression,Depression
NCT03591224,Anxiety,Anxiety
NCT03591224,Major Depressive Disorder,Depression
NCT03591224,Generalized Anxiety Disorder,Anxiety
NCT02387424,Postpartum Depression,Depression
NCT02387424,Depression,Depression
NCT04343924,Post-traumatic Stress Disorder,PTSD
NCT05505188,Anxiety Disorder/Anxiety State,Anxiety
NCT05505188,Alcohol Use Disorder,Substance use
NCT05505188,Psychoactive Substance Use,Substance use
NCT05505188,Addiction Nicotine,Substance use
NCT06640803,Clinical High Risk for Psychosis,Schizophrenia & psychosis
NCT06640803,Ultra High Risk for Psychosis,Schizophrenia & psychosis
NCT04915040,Depression,Depression
NCT07144540,Anxiety,Anxiety
NCT04405791,Major Depressive Disorder(MDD),Depression
NCT01892982,Depression,Depression
NCT06077279,Psychotic Disorders,Schizophrenia & psychosis
NCT07512479,Eating Disorders,Eating disorders
NCT07512479,Anorexia Nervosa,Eating disorders
NCT07512479,Bulimia Nervosa,Eating disorders
NCT05163496,Depression,Depression
NCT05163496,Post Traumatic Stress Disorder,PTSD
NCT03492203,Major Depression,Depression
NCT04343703,Depression,Depression
NCT03593889,Depressive Symptoms,Depression
NCT02221518,Obsessive-Compulsive Disorder,OCD
NCT07748910,Bipolar Affective Disorder; Remission in,Bipolar disorder
NCT02409810,Anxiety,Anxiety
NCT03593213,Schizophrenia,Schizophrenia & psychosis
NCT06416059,Alcohol Abuse,Substance use
NCT06416059,Anxiety,Anxiety
NCT02456896,Bipolar Disorder,Bipolar disorder
NCT05168696,Anxiety,Anxiety
NCT02552108,Generalized Anxiety Disorder,Anxiety
NCT03219008,Depressive Disorder,Depression
NCT06022913,Bipolar Depression,Depression
NCT06542224,Obsessive-Compulsive Disorder,OCD
NCT01599624,Anxiety,Anxiety
NCT01599624,Depression,Depression
NCT01599624,PTSD,PTSD
NCT03225859,Posttraumatic Stress Disorder,PTSD
NCT01396876,Anxiety,Anxiety
NCT04512768,Anxiety,Anxiety
NCT04512768,Depression,Depression
NCT06248710,Depressive Symptoms,Depression
NCT01678196,PTSD,PTSD
NCT01678196,Alcohol Abuse,Substance use
NCT03220776,Alcohol Use Disorder,Substance use
NCT03220776,Bipolar Disorder,Bipolar disorder
NCT01979289,Major Depressive Disorder,Depression
NCT01979289,Major Depressive Episode,Depression
NCT02953990,Depression,Depression
NCT05021224,Depression,Depression
NCT03870880,Schizophrenia,Schizophrenia & psychosis
NCT04028635,Anorexia Nervosa,Eating disorders
NCT04018391,Depression,Depression
NCT03894774,"Stress Disorders, Post-Traumatic",PTSD
NCT03332290,Ptsd,PTSD
NCT04780620,Depression,Depression
NCT04921982,Post Traumatic Stress Disorder,PTSD
NCT04782180,Substance Use Disorders,Substance use
NCT03972735,Schizophrenia,Schizophrenia & psychosis
NCT03972735,Bipolar Disorder,Bipolar disorder
NCT03946735,Social Anxiety Disorder,Anxiety
NCT06251908,Schizophreniform Disorders,Schizophrenia & psychosis
NCT06251908,Bipolar Disorder,Bipolar disorder
NCT06251908,Severe Depression,Depression
NCT06251908,Ptsd,PTSD
NCT06251908,Psychosis,Schizophrenia & psychosis
NCT07378150,Schizophrenia and Related Disorders,Schizophrenia & psychosis
NCT01448720,Schizophrenia,Schizophrenia & psychosis
NCT04924023,Anxiety,Anxiety
NCT05081323,Specific Phobia,Anxiety
NCT05081323,Anxiety Disorder,Anxiety
NCT05458999,Anxiety,Anxiety
NCT02108899,Schizophrenia,Schizophrenia & psychosis
NCT06199206,Anxiety and Fear,Anxiety
NCT05541406,Depression,Depression
NCT05541406,Anxiety,Anxiety
NCT05541406,Post Traumatic Stress Disorder,PTSD
NCT05541406,Substance Use,Substance use
NCT04738084,Depression,Depression
NCT06177470,Obsessive-Compulsive Disorder,OCD
NCT04481373,Depression,Depression
NCT04481373,Anxiety,Anxiety
NCT07384741,Anxiety,Anxiety
NCT02506322,Bipolar Disorder,Bipolar disorder
NCT06148831,Postpartum Depression,Depression
NCT04684277,Depression,Depression
NCT06019377,Depression,Depression
NCT06019377,Anxiety,Anxiety
NCT06019377,"Stress Disorders, Post-Traumatic",PTSD
NCT07774481,Anxiety,Anxiety
NCT07774481,Anxiety Acute,Anxiety
NCT07774481,Anxiety Chronic,Anxiety
NCT07774481,Anxiety and Mood Disorders,Anxiety
NCT07774481,Social Anxiety Disorder,Anxiety
NCT07774481,Panic Disorder (With or Without Agoraphobia),Anxiety
NCT07774481,Generalized Anxiety Disorder,Anxiety
NCT07774481,Obsessive-Compulsive Disorder,OCD
NCT07774481,Specific Phobia,Anxiety
NCT03901430,Depression,Depression
NCT01187511,Alcohol Dependence,Substance use
NCT02593734,Schizophrenia,Schizophrenia & psychosis
NCT02593734,Anxiety Disorder,Anxiety
NCT06822244,Anxiety,Anxiety
NCT02607514,Depression,Depression
NCT02607514,Major Depressive Disorder,Depression
NCT04959916,Anxiety,Anxiety
NCT07203716,Anxiety,Anxiety
NCT06940583,Anxiety,Anxiety
NCT01796054,Anxiety,Anxiety
NCT01796054,Depression,Depression
NCT04496505,Clinical Depression,Depression
NCT06230237,Depression,Depression
NCT02829645,Eating Disorders,Eating disorders
NCT06888336,Posttraumatic Stress Disorder (PTSD),PTSD
NCT05979844,PTSD,PTSD
NCT03013400,Bipolar Disorder,Bipolar disorder
NCT03013400,"Bipolar Disorder, Manic",Bipolar disorder
NCT07413692,Depressive Symptoms,Depression
NCT02304432,Schizophrenia,Schizophrenia & psychosis
NCT02304432,Bipolar Disorder,Bipolar disorder
NCT07156487,Anxiety in Children,Anxiety
NCT03271814,Schizophrenia,Schizophrenia & psychosis
NCT04296604,Major Depressive Disorder,Depression
NCT04296604,Bipolar Disorder,Bipolar disorder
NCT04296604,Schizophrenia,Schizophrenia & psychosis
NCT04296604,Substance Use Disorders,Substance use
NCT03156504,Major Depression,Depression
NCT03156504,Bipolar I Disorder,Bipolar disorder
NCT03156504,Bipolar II Disorder,Bipolar disorder
NCT03156504,Unipolar Depression,Depression
NCT02144844,Depression,Depression
NCT02022709,Obsessive-Compulsive Disorder,OCD
NCT02022709,Anxiety Disorders,Anxiety
NCT06693609,Social Anxiety Disorder,Anxiety
NCT03445598,Depressive Symptoms,Depression
NCT03132298,Anxiety Symptoms,Anxiety
NCT03132298,Depressive Symptoms,Depression
NCT05847621,Substance Use Disorders,Substance use
NCT02213016,Major Depression,Depression
NCT06500533,Major Depression,Depression
NCT06500533,Treatment Resistant Depression,Depression
NCT04393896,Schizophrenia,Schizophrenia & psychosis
NCT02951988,"Depressive Disorder, Major",Depression
NCT03263351,Depression,Depression
NCT03557931,Schizophrenia,Schizophrenia & psychosis
NCT01850953,Schizophrenia,Schizophrenia & psychosis
NCT01491035,Depressive Disorder,Depression
NCT01491035,Anxiety Disorder,Anxiety
NCT02704117,Obsessive-Compulsive Disorder,OCD
NCT04200976,Posttraumatic Stress Disorder,PTSD
NCT05534568,Substance Use Disorders,Substance use
NCT05534568,Alcohol Use Disorder (AUD),Substance use
NCT05534568,"Alcohol Use Complicating Pregnancy, First Trimester",Substance use
NCT05534568,"Alcohol Use Complicating Pregnancy, Second Trimester",Substance use
NCT05534568,"Alcohol Use Complicating Pregnancy, Third Trimester",Substance use
NCT05534568,"Alcohol Use Complicating Pregnancy, Unspecified Trimester",Substance use
NCT05534568,"Alcohol Use Complicating Pregnancy, Childbirth, and the Puerperium",Substance use
NCT05534568,Drug Use Disorders,Substance use
NCT02467374,Obsessive Compulsive Disorder,OCD
NCT02986490,Schizophrenia,Schizophrenia & psychosis
NCT02986490,Schizoaffective Disorder,Schizophrenia & psychosis
NCT02986490,Bipolar Disorder,Bipolar disorder
NCT02389660,Depression,Depression
NCT06558344,"Depressive Disorder, Major",Depression
NCT01275144,Major Depressive Disorder,Depression
NCT02363634,Anxiety,Anxiety
NCT02891564,Major Depression,Depression
NCT05059834,Anxiety Generalized,Anxiety
NCT07409298,Depression Anxiety Disorder,Depression
NCT02837432,Depression,Depression
NCT02935504,Perinatal Depression,Depression
NCT02942004,Postpartum Depression,Depression
NCT07228884,Anxiety,Anxiety
NCT02139540,Depression,Depression
NCT02139540,Major Depressive Disorder,Depression
NCT03565874,Anxiety,Anxiety
NCT05266560,Depressive Disorder,Depression
NCT03701724,Treatment-resistant Depression,Depression
NCT05211635,Schizophrenia Spectrum and Other Psychotic Disorders,Schizophrenia & psychosis
NCT03986125,Anxiety,Anxiety
NCT01625117,Posttraumatic Stress Disorder,PTSD
NCT05726617,Psychotic Disorders,Schizophrenia & psychosis
NCT05726617,Cannabis Use Disorder,Substance use
NCT07037017,Eating Disorders (Excluding Anorexia Nervosa),Eating disorders
NCT01963689,Anxiety,Anxiety
NCT04260750,"Depressive Disorder, Major",Depression
NCT04260750,Depressive Symptoms,Depression
NCT06018974,Depressive Symptoms,Depression
NCT03349918,Depression,Depression
NCT06494397,Schizophrenia,Schizophrenia & psychosis
NCT06494397,Bipolar I Disorder,Bipolar disorder
NCT06996340,"WHITE NOISE, INVITRO FERTILIZATION, PAIN, ANXIETY, COMFORT",Anxiety
NCT03859297,Major Depressive Disorder,Depression
NCT01988610,Depression,Depression
NCT01235520,Schizophrenia,Schizophrenia & psychosis
NCT06487520,Anxiety Management,Anxiety
NCT06601140,Major Depressive Disorder (MDD),Depression
NCT03887689,Post Traumatic Stress Disorder,PTSD
NCT06693089,Eating Disorders,Eating disorders
NCT01658150,Schizophrenia,Schizophrenia & psychosis
NCT01658150,Schizoaffective Disorder,Schizophrenia & psychosis
NCT07082218,"Depression, Anxiety",Depression
NCT01862913,Depression,Depression
NCT04559360,"Depression, Anxiety",Depression
NCT04267289,Depression,Depression
NCT02640690,"Stress Disorders, Post-traumatic",PTSD
NCT05383313,Treatment Resistant Depression,Depression
NCT05148260,Postnatal Depression,Depression
NCT01175135,Schizophrenia,Schizophrenia & psychosis
NCT03907917,Anxiety Disorders,Anxiety
NCT02640950,Bipolar Depression,Depression
NCT03609190,Major Depressive Disorder,Depression
NCT06858189,"Depression, Anxiety",Depression
NCT01588717,Depression,Depression
NCT03574974,Post-Traumatic Stress Disorder,PTSD
NCT01065597,Depressive Disorder,Depression
NCT01065597,Bipolar Disorder,Bipolar disorder
NCT01065597,Schizoaffective Disorder,Schizophrenia & psychosis
NCT06274008,Opioid Misuse,Substance use
NCT06274008,Anxiety,Anxiety
NCT05131425,Anxiety,Anxiety
NCT02976025,Perinatal Depression,Depression
NCT01170117,Anorexia Nervosa,Eating disorders
NCT02918318,Depression,Depression
NCT01725308,Bipolar Disorder,Bipolar disorder
NCT04621708,Major Depressive Disorder,Depression
NCT01028508,Depression,Depression
NCT05137925,Postpartum Depression,Depression
NCT05137925,Postpartum Anxiety,Anxiety
NCT06528925,Anxiety,Anxiety
NCT02942017,Postpartum Depression,Depression
NCT02742597,Depression,Depression
NCT02742597,Anxiety,Anxiety
NCT06450184,Parkinson Disease Psychosis,Schizophrenia & psychosis
NCT05196152,Perinatal Depression,Depression
NCT05196152,Postpartum Depression,Depression
NCT03481452,Anxiety,Anxiety
NCT03771664,Major Depressive Disorder,Depression
NCT05986409,Schizophrenia Relapse,Schizophrenia & psychosis
NCT01370499,Major Depressive Disorder,Depression
NCT03606304,Depression,Depression
NCT03093584,Anxiety,Anxiety
NCT06317636,Depression,Depression
NCT02110771,Schizophrenia,Schizophrenia & psychosis
NCT04172909,Anxiety,Anxiety
NCT07469098,PTSD,PTSD
NCT02720263,Schizophrenia,Schizophrenia & psychosis
NCT02478593,Anxiety,Anxiety
NCT07106593,PTSD - Post Traumatic Stress Disorder,PTSD
NCT07106593,Posttraumatic Stress Disorder (PTSD),PTSD
NCT03249116,Social Anxiety Disorder,Anxiety
NCT03249116,Social Anxiety,Anxiety
NCT03249116,Social Anxiety Disorder of Childhood,Anxiety
NCT05063604,Major Depressive Episode,Depression
NCT07074704,Negative Symptoms in Schizophrenia,Schizophrenia & psychosis
NCT03452384,Major Depressive Disorder,Depression
NCT05320107,Major Depressive Disorder,Depression
NCT01383811,Treatment Resistant Depression,Depression
NCT04787809,Depressive Symptoms,Depression
NCT04787809,Anxiety,Anxiety
NCT04511663,Schizophrenia,Schizophrenia & psychosis
NCT06988787,Post Traumatic Stress Disorder,PTSD
NCT02280304,"Stress Disorders, Post-Traumatic",PTSD
NCT06745934,Anxiety Symptoms,Anxiety
NCT06745934,Depressive Symptoms,Depression
NCT03511599,Major Depressive Disorder,Depression
NCT05715593,"Health Education, COVID-19, Quarantine, Anxiety, Pandemic",Anxiety
NCT04932421,Anxiety Disorders,Anxiety
NCT04932421,"Emotional; Disorder, Childhood, With Anxiety and Fearfulness",Anxiety
NCT02787135,Schizophrenia,Schizophrenia & psychosis
NCT02787135,Psychotic Disorders,Schizophrenia & psychosis
NCT04268589,Depression,Depression
NCT07711444,Depression - Major Depressive Disorder,Depression
NCT06725771,Generalised Anxiety Disorder,Anxiety
NCT01538199,Major Depressive Disorder,Depression
NCT02802293,Major Depressive Disorder,Depression
NCT04129476,Post Partum Depression,Depression
NCT04208217,PTSD,PTSD
NCT04208217,Depression,Depression
NCT04208217,Opioid Use Disorder,Substance use
NCT04248517,Schizophrenia,Schizophrenia & psychosis
NCT04248517,First-Episode Psychosis,Schizophrenia & psychosis
NCT01485887,Major Depressive Disorder,Depression
NCT06050421,Anorexia Nervosa,Eating disorders
NCT06050421,Anorexia Nervosa in Remission,Eating disorders
NCT06050421,Anorexia Nervosa Restricting Type,Eating disorders
NCT01882452,Major Depressive Disorder,Depression
NCT01882452,Depressive Symptoms,Depression
NCT05618652,Post Traumatic Stress Disorder,PTSD
NCT04019119,Depression,Depression
NCT06804928,Anxiety,Anxiety
NCT04978792,Depression,Depression
NCT04978792,Anxiety,Anxiety
NCT01033136,PTSD,PTSD
NCT01033136,Panic Attacks,Anxiety
NCT06313736,Depression,Depression
NCT06486701,Anxiety,Anxiety
NCT02132481,Substance Use Disorder (SUD),Substance use
NCT02582528,Depression,Depression
NCT02582528,Psychosis,Schizophrenia & psychosis
NCT02582528,Anxiety,Anxiety
NCT04476667,Anxiety Disorders,Anxiety
NCT04476667,Depression,Depression
NCT03960892,Anxiety,Anxiety
NCT03960892,Depression,Depression
NCT03960892,Posttraumatic Stress Disorder,PTSD
NCT06094907,Depressive Disorder,Depression
NCT06094907,"Depression, Unipolar",Depression
NCT01815099,Generalized Anxiety Disorder,Anxiety
NCT01551199,PTSD,PTSD
NCT01551199,Panic Attacks,Anxiety
NCT02677987,Depression,Depression
NCT04327557,Anxiety,Anxiety
NCT04181957,Binge Eating,Eating disorders
NCT06971328,Schizophrenia Patients,Schizophrenia & psychosis
NCT06110728,Substance Use Disorders,Substance use
NCT06110728,Anxiety Disorders,Anxiety
NCT06110728,Depression,Depression
NCT05106309,Schizophrenia,Schizophrenia & psychosis
NCT03521999,PTSD,PTSD
NCT03521999,Posttraumatic Stress Disorder,PTSD
NCT07617701,Eating Disorder Prevention,Eating disorders
NCT07617701,Eating Disorders Symptoms,Eating disorders
NCT07329764,Anxiety,Anxiety
NCT03254719,PTSD,PTSD
NCT03254719,Depression,Depression
NCT03254719,Anxiety,Anxiety
NCT01642628,Anxiety,Anxiety
NCT01642628,Depression,Depression
NCT01180400,Major Depressive Disorder,Depression
NCT01180400,Depression,Depression
NCT01186471,Schizophrenia,Schizophrenia & psychosis
NCT03654599,Depression,Depression
NCT03654599,Anxiety,Anxiety
NCT05591898,Anxiety,Anxiety
NCT01385163,Depression,Depression
NCT01385163,Anxiety,Anxiety
NCT01385163,PTSD,PTSD
NCT04618263,Major Depressive Disorder,Depression
NCT03465787,Schizophrenia,Schizophrenia & psychosis
NCT06995612,PTSD,PTSD
NCT02355067,Postpartum Depression,Depression
NCT02155699,Attenuated Psychosis Syndrome,Schizophrenia & psychosis
NCT03730532,Anxiety,Anxiety
NCT04038957,Schizophrenia,Schizophrenia & psychosis
NCT02711800,Anxiety,Anxiety
NCT06917300,Anxiety and Fear,Anxiety
NCT07171944,Anxiety and Depression,Depression
NCT03960944,Anxiety Disorder of Childhood,Anxiety
NCT04310475,Psychosis,Schizophrenia & psychosis
NCT04310475,Social Anxiety,Anxiety
NCT01943019,Schizophrenia,Schizophrenia & psychosis
NCT04978428,Obsessive-Compulsive Disorder,OCD
NCT03506867,Nicotine Dependence,Substance use
NCT03506867,Substance Use Disorders,Substance use
NCT03388736,Anxiety,Anxiety
NCT05379244,Anxiety Disorders,Anxiety
NCT05379244,PTSD,PTSD
NCT03953664,Schizophrenia,Schizophrenia & psychosis
NCT02818075,Postpartum Depression,Depression
NCT05931107,Depression,Depression
NCT05931107,Anxiety,Anxiety
NCT05744336,Anxiety,Anxiety
NCT04247711,Psychosis,Schizophrenia & psychosis
NCT01679457,Obsessive-compulsive Disorders and Symptoms,OCD
NCT03011619,Depression,Depression
NCT01446328,Schizophrenia,Schizophrenia & psychosis
NCT01446328,Psychotic Disorders,Schizophrenia & psychosis
NCT05755165,Depression,Depression
NCT03796936,Posttraumatic Stress Disorder,PTSD
NCT02723344,Post Traumatic Stress Disorder,PTSD
NCT03632434,Major Depressive Disorder,Depression
NCT07591363,Anxiety,Anxiety
NCT07591363,Depression,Depression
NCT03683706,Depression,Depression
NCT07174947,Anxiety Disorders,Anxiety
NCT07174947,Depression Disorders,Depression
NCT06740747,Schizophrenia Patients,Schizophrenia & psychosis
NCT07223398,Substance Use Disorders,Substance use
NCT05219955,Depressive Symptoms,Depression
NCT06081426,Bipolar Disorder,Bipolar disorder
NCT05647499,School Phobia,Anxiety
NCT05647499,"Depression, Anxiety",Depression
NCT05058963,Post Traumatic Stress Disorder,PTSD
NCT05058963,Substance Use Disorders,Substance use
NCT06617663,Depression,Depression
NCT06617663,Anxiety,Anxiety
NCT05324449,Anxiety,Anxiety
NCT01568216,Schizophrenia,Schizophrenia & psychosis
NCT02556606,Treatment Resistant Depressive Disorder,Depression
NCT02268084,"Stress Disorders, Post-Traumatic",PTSD
NCT05518149,"Depressive Disorder, Major",Depression
NCT05577338,Early-onset Schizophrenia,Schizophrenia & psychosis
NCT03684434,Anxiety,Anxiety
NCT03684434,Depression,Depression
NCT04951609,"Depressive Disorder, Major",Depression
NCT07073521,"Depression, Anxiety",Depression
NCT07073521,Adjustment Disorder With Anxious Mood,Anxiety
NCT07073521,Adjustment Disorder With Depressed Mood,Depression
NCT04453514,Anxiety,Anxiety
NCT01739049,Binge Eating Behaviour,Eating disorders
NCT06926049,Depressive Symptoms,Depression
NCT06185244,Posttraumatic Stress Disorder,PTSD
NCT05931432,"Depression, Anxiety",Depression
NCT01467804,Depressive Disorder,Depression
NCT04063384,Bipolar Disorder,Bipolar disorder
NCT04063384,Alcohol Use Disorder,Substance use
NCT05845164,Substance Use Disorders,Substance use
NCT05845164,Substance Abuse,Substance use
NCT05845164,Substance Use,Substance use
NCT02105064,Schizophrenia,Schizophrenia & psychosis
NCT02105064,Obsessive-Compulsive Symptoms,OCD
NCT06475716,Posttraumatic Stress Disorder,PTSD
NCT01710306,PTSD,PTSD
NCT01624584,Anxiety,Anxiety
NCT06143293,Depressive Disorder,Depression
NCT07263321,Depressive Disorder,Depression
NCT07263321,Depression - Major Depressive Disorder,Depression
NCT07263321,"Depressive Disorder, Major Depressive Disorder",Depression
NCT07263321,Depressive Disorders,Depression
NCT07263321,Depression,Depression
NCT07263321,Depressive Episodes,Depression
NCT07263321,Depressive Episode,Depression
NCT02507206,Schizotypal Personality Disorder,Schizophrenia & psychosis
NCT06056284,Anxiety Disorder/Anxiety State,Anxiety
NCT01377233,Schizophrenia,Schizophrenia & psychosis
NCT06135064,PTSD,PTSD
NCT02949232,Schizophrenia,Schizophrenia & psychosis
NCT02949232,Schizoaffective Disorder,Schizophrenia & psychosis
NCT02949232,Schizophreniform Disorder,Schizophrenia & psychosis
NCT02949232,Psychotic Disorder NOS,Schizophrenia & psychosis
NCT02960763,Treatment Resistant Depression,Depression
NCT02960763,Major Depressive Disorder,Depression
NCT02960763,Treatment-Refractory Depression,Depression
NCT02960763,Late Life Depression,Depression
NCT02960763,Geriatric Depression,Depression
NCT04451187,"Depressive Disorder, Major",Depression
NCT02051387,Schizophrenia,Schizophrenia & psychosis
NCT01522287,Obsessive Compulsive Disorder,OCD
NCT01545414,Depression,Depression
NCT01545414,Anxiety,Anxiety
NCT03510533,Eating Disorder,Eating disorders
NCT06175052,Depression,Depression
NCT05655052,Anxiety,Anxiety
NCT02813447,Anxiety,Anxiety
NCT02813447,Depression,Depression
NCT04818047,Post Partum Depression,Depression
NCT06934330,Unipolar Depression,Depression
NCT05185921,Anxiety,Anxiety
NCT05185921,Depression,Depression
NCT02502604,Major Depressive Disorder,Depression
NCT02502604,Post-traumatic Stress Disorder,PTSD
NCT04348604,Bipolar Disorder,Bipolar disorder
NCT06980233,Substance Use Disorder (SUD),Substance use
NCT05724849,Depression,Depression
NCT03220438,Schizophrenia,Schizophrenia & psychosis
NCT02108678,Depression,Depression
NCT02967835,Depression,Depression
NCT05061706,Major Depressive Disorder,Depression
NCT07233278,Anxiety,Anxiety
NCT07294443,Anxiety,Anxiety
NCT07294443,Depression,Depression
NCT07767032,Bipolar Disorder (BD),Bipolar disorder
NCT01278498,Depression,Depression
NCT05373121,Anxiety,Anxiety
NCT05373121,Anxiety Disorder,Anxiety
NCT05373121,Depression,Depression
NCT04760652,Depression and Suicide,Depression
NCT07256093,Anxiety,Anxiety
NCT07256093,Depression,Depression
NCT07204314,Major Depressive Disorder,Depression
NCT07084233,Anxiety,Anxiety
NCT07084233,Depression Disorder,Depression
NCT07084233,PTSD - Post Traumatic Stress Disorder,PTSD
NCT05299749,Schizophrenia,Schizophrenia & psychosis
NCT05299749,Treatment-resistant Schizophrenia,Schizophrenia & psychosis
NCT03574155,Anxiety Disorders,Anxiety
NCT03265015,Obsessive-Compulsive Disorder,OCD
NCT02335125,Posttraumatic Stress Disorder,PTSD
NCT02335125,Depression,Depression
NCT02335125,Substance-Related Disorders,Substance use
NCT04889976,Major Depressive Disorder,Depression
NCT04889976,Unipolar Depression,Depression
NCT01801787,Schizophrenia,Schizophrenia & psychosis
NCT01390493,Anorexia Nervosa,Eating disorders
NCT03328052,Depression,Depression
NCT02720016,Post Traumatic Stress Disorder,PTSD
NCT06920238,Cannabis Use Disorder,Substance use
NCT06920238,Anxiety,Anxiety
NCT06920238,"Depression, Anxiety",Depression
NCT06920238,Depression - Major Depressive Disorder,Depression
NCT06888726,Schizophrenia; Negative Type,Schizophrenia & psychosis
NCT05340478,Anxiety Disorder,Anxiety
NCT01717508,Major Depressive Disorder,Depression
NCT05408858,Anxiety Disorders,Anxiety
NCT05408858,Depression,Depression
NCT07210255,Postpartum Depression (PPD),Depression
NCT06941155,Obsessive Compulsive Disorder (OCD),OCD
NCT02059226,Anxiety,Anxiety
NCT03854578,"Depressive Disorder, Major",Depression
NCT01684085,Post Traumatic Stress Disorder,PTSD
NCT05950035,Posttraumatic Stress Disorder,PTSD
NCT01803204,Anxiety,Anxiety
NCT04162184,Substance-Related Disorders,Substance use
NCT04162184,Opiate Substitution Treatment,Substance use
NCT03917433,Specific Phobia,Anxiety
NCT03917433,Anxiety Disorders,Anxiety
NCT03917433,Acrophobia,Anxiety
NCT03048552,Substance Use,Substance use
NCT03048552,Substance Abuse,Substance use
NCT03048552,Substance Use Disorders,Substance use
NCT03048552,Substance-Related Disorders,Substance use
NCT03048552,Substance Dependence,Substance use
NCT03048552,Substance Related Problem,Substance use
NCT07024758,Obsessive Compulsive Disorder (OCD),OCD
NCT07024758,Anxiety Disorder of Childhood or Adolescence,Anxiety
NCT07024758,Social Anxiety Disorder of Childhood,Anxiety
NCT07024758,Generalized Anxiety Disorder (GAD),Anxiety
NCT07024758,Separation Anxiety Disorder,Anxiety
NCT07024758,Panic Disorder,Anxiety
NCT07024758,Panic Attacks,Anxiety
NCT07024758,Panic Disorder (With or Without Agoraphobia),Anxiety
NCT07024758,"Phobia, Specific",Anxiety
NCT04980326,Depression,Depression
NCT04980326,Anxiety,Anxiety
NCT03515226,Depression,Depression
NCT06132178,Treatment Resistant Depression,Depression
NCT06132178,MDD,Depression
NCT06132178,Major Depressive Disorder,Depression
NCT06132178,Recurrent Depression,Depression
NCT06132178,Depression,Depression
NCT06990035,Major Depressive Disorder (MDD),Depression
NCT05932095,Anxiety State,Anxiety
NCT06678295,Social Anxiety Disorder,Anxiety
NCT02255175,Perimenopausal Depression,Depression
NCT05423275,"Major Depressive Disorder, Recurrent, in Remission",Depression
NCT06140030,Anxiety,Anxiety
NCT05127369,Depression,Depression
NCT01277354,Post-traumatic Stress Disorder,PTSD
NCT01277354,Anxiety,Anxiety
NCT01277354,Depression,Depression
NCT01473394,Major Depressive Disorder,Depression
NCT05015166,Social Anxiety Disorder,Anxiety
NCT07273253,Post-Traumatic Stress Disorder in Old Age,PTSD
NCT07273253,Depression in Adults,Depression
NCT03667872,Treatment Resistant Depressive Disorder,Depression
NCT06960057,Anxiety,Anxiety
NCT04591912,Eating Disorders in Adolescence,Eating disorders
NCT02232854,Depression,Depression
NCT02482805,Social Anxiety Disorder,Anxiety
NCT04265131,Eating Disorders,Eating disorders
NCT04265131,Anorexia Nervosa,Eating disorders
NCT04265131,Bulimia Nervosa,Eating disorders
NCT04265131,Binge-Eating Disorder,Eating disorders
NCT01683539,Schizophrenia,Schizophrenia & psychosis
NCT01683539,Schizoaffective Disorder,Schizophrenia & psychosis
NCT01683539,Major Depression,Depression
NCT01683539,Bipolar Disorder,Bipolar disorder
NCT04982757,Depression,Depression
NCT04982757,OCD,OCD
NCT01399112,Psychosis,Schizophrenia & psychosis
NCT04177966,Anxiety,Anxiety
NCT05693922,Major Depressive Disorder,Depression
NCT03722095,Major Depressive Disorder,Depression
NCT05317481,Bipolar Disorder,Bipolar disorder
NCT05317481,Major Depressive Disorder,Depression
NCT04574219,Anxiety,Anxiety
NCT02279966,Major Depressive Disorder,Depression
NCT05516095,Depression,Depression
NCT02095457,Anxiety Disorders,Anxiety
NCT02095457,Psychotic Disorders,Schizophrenia & psychosis
NCT03324828,Anxiety,Anxiety
NCT05925400,Anxiety,Anxiety
NCT04863300,Depressive Symptoms,Depression
NCT02544607,Depression,Depression
NCT02544607,Anxious Depression,Depression
NCT02544607,Major Depressive Disorder,Depression
NCT05166707,Obsessive-compulsive Disorders and Symptoms,OCD
NCT05166707,Obsessive-Compulsive Disorder,OCD
NCT03118011,Substance Use Disorders,Substance use
NCT05545111,Schizophrenia,Schizophrenia & psychosis
NCT05908565,Depression,Depression
NCT05908565,Anxiety,Anxiety
NCT05337800,Clinical Anxiety,Anxiety
NCT02719392,Bipolar Disorder,Bipolar disorder
NCT02719392,Bipolar Depression,Depression
NCT05964036,Depression,Depression
NCT05964036,Major Depressive Disorder,Depression
NCT05964036,Severe Depression,Depression
NCT06184165,Schizophrenia,Schizophrenia & psychosis
NCT06053307,Anxiety,Anxiety
NCT06053307,Depression,Depression
NCT02162030,Mild to Moderate Anxiety and/or Depression,Depression
NCT06842992,Major Depressive Disorder (MDD),Depression
NCT05964192,Major Depression,Depression
NCT01470092,Menopausal Depression,Depression
NCT03297411,Depression,Depression
NCT03018340,Adjunctive Treatment of Major Depressive Disorder,Depression
NCT01552889,Depression,Depression
NCT04745429,Depression,Depression
NCT06708715,Anxiety,Anxiety
NCT05160935,Anxiety,Anxiety
NCT04839835,Anxiety,Anxiety
NCT05537376,Psychotic Disorders,Schizophrenia & psychosis
NCT05537376,Bipolar Disorders,Bipolar disorder
NCT01185340,Major Depressive Disorder,Depression
NCT07340840,Depression in Older Adults,Depression
NCT02811133,Bipolar Disorder,Bipolar disorder
NCT02811133,Anxiety Disorders,Anxiety
NCT02811133,Anxiety,Anxiety
NCT05023252,Schizophrenia,Schizophrenia & psychosis
NCT05023252,Bipolar Disorder,Bipolar disorder
NCT05023252,Schizoaffective Disorder,Schizophrenia & psychosis
NCT05023252,Post-traumatic Stress Disorder,PTSD
NCT03709225,Anxiety,Anxiety
NCT05171218,Anxiety,Anxiety
NCT01491490,Schizophrenia,Schizophrenia & psychosis
NCT04088097,Binge Eating,Eating disorders
NCT04088097,Eating Disorders in Adolescence,Eating disorders
NCT01545310,Schizophrenia,Schizophrenia & psychosis
NCT06126224,Psychosis Associated With Alzheimer's Disease,Schizophrenia & psychosis
NCT07024979,Depressive Symptoms,Depression
NCT07024979,Anxiety,Anxiety
NCT01883479,Postpartum Depression,Depression
NCT05444179,Postpartum Depression,Depression
NCT06729918,Self-confidence in Clinical Decision Making and Anxiety,Anxiety
NCT05220410,Treatment Resistant Depression,Depression
NCT05753410,Anorexia Nervosa,Eating disorders
NCT05753410,Bulimia Nervosa,Eating disorders
NCT05753410,"Anorexia Nervosa, Atypical",Eating disorders
NCT05753410,Bulimia; Atypical,Eating disorders
NCT05157620,Schizophrenia,Schizophrenia & psychosis
NCT05157620,Schizoaffective,Schizophrenia & psychosis
NCT05157620,Bipolar Disorder 1,Bipolar disorder
NCT03953417,Treatment Resistant Depression,Depression
NCT06546917,"Depressive Disorder, Major",Depression
NCT01049789,Depression,Depression
NCT02019940,PTSD,PTSD
NCT01661517,Substance Use,Substance use
NCT06961968,Schizophrenia,Schizophrenia & psychosis
NCT02209597,Major Depressive Disorder,Depression
NCT06704568,Postpartum Anxiety,Anxiety
NCT05376150,Major Depressive Disorder,Depression
NCT05688891,ANXIETY,Anxiety
NCT05688891,PAIN ANXIETY,Anxiety
NCT02177474,Depressive Symptoms,Depression
NCT07669090,Maternal Anxiety Level,Anxiety
NCT03995420,Psychosis,Schizophrenia & psychosis
NCT03995420,Schizophrenia,Schizophrenia & psychosis
NCT03209882,Post-traumatic Stress Disorder (PTSD),PTSD
NCT05364450,Anxiety,Anxiety
NCT05138068,Social Anxiety Disorder,Anxiety
NCT04121091,"Depression, Bipolar",Depression
NCT04121091,"Depression, Unipolar",Depression
NCT04121091,Dysthymia,Depression
NCT04121091,Anhedonia,Depression
NCT01917318,Post Traumatic Stress Disorder,PTSD
NCT04745260,Anxiety,Anxiety
NCT02711020,Depressive Symptoms,Depression
NCT05592782,Anxiety,Anxiety
NCT05592782,Depression,Depression
NCT06542640,Psychosis; Schizophrenia-Like,Schizophrenia & psychosis
NCT01434940,Depression,Depression
NCT04267068,"Depression, Anxiety",Depression
NCT05123690,Post-traumatic Stress Disorder,PTSD
NCT02511210,Anxiety Disorders,Anxiety
NCT01665950,Bipolar Disorder,Bipolar disorder
NCT03605420,Anxiety,Anxiety
NCT03605420,Depression,Depression
NCT07466979,Anxiety Symptoms,Anxiety
NCT07466979,Depression Symptoms,Depression
NCT04979546,Anxiety,Anxiety
NCT04979546,Depression,Depression
NCT03336788,the Treatment of Depression,Depression
NCT05674591,Depression,Depression
NCT05674591,Anxiety,Anxiety
NCT05674591,PTSD,PTSD
NCT05531591,Depression,Depression
NCT05531591,Treatment Resistant Depression,Depression
NCT05531591,Major Depressive Disorder,Depression
NCT05531591,Treatment-Refractory Depression,Depression
NCT05531591,Late Life Depression,Depression
NCT05531591,Geriatric Depression,Depression
NCT04356274,PTSD,PTSD
NCT04356274,Depression,Depression
NCT04356274,Alcohol Use Disorder,Substance use
NCT04356274,Opioid Use Disorder,Substance use
NCT04190290,Anorexia Nervosa,Eating disorders
NCT07213596,PTSD,PTSD
NCT07213596,PTSD Symptoms,PTSD
NCT04783246,Schizophrenia Spectrum Disorder (SSD),Schizophrenia & psychosis
NCT03446703,Schizophrenia,Schizophrenia & psychosis
NCT02953691,Anxiety,Anxiety
NCT01456897,Schizophrenia,Schizophrenia & psychosis
NCT06854224,Major Depressive Disorder (MDD),Depression
NCT03800368,Schizophrenia and Related Disorders,Schizophrenia & psychosis
NCT03800368,Psychotic Disorders,Schizophrenia & psychosis
NCT01948674,Substance Use Disorders,Substance use
NCT07008482,Anxiety,Anxiety
NCT06504823,Anxiety,Anxiety
NCT06318962,Depression/Anxiety,Depression
NCT06641297,Schizophrenia Disorders,Schizophrenia & psychosis
NCT06442462,Schizophrenia,Schizophrenia & psychosis
NCT05084924,Major Depressive Disorder,Depression
NCT05084924,Anhedonia,Depression
NCT07359950,Anxiety,Anxiety
NCT05381974,Treatment-Resistant Major Depressive Disorder,Depression
NCT06480474,Depression,Depression
NCT06618118,Major Depressive Disorder (MDD),Depression
NCT04647318,Depression,Depression
NCT04647318,Anxiety Disorders,Anxiety
NCT04637724,Schizophrenia,Schizophrenia & psychosis
NCT04637724,Schizo Affective Disorder,Schizophrenia & psychosis
NCT04310423,Alcohol Use Disorder,Substance use
NCT04310423,Depressed Mood,Depression
NCT01058096,Bipolar Disorder,Bipolar disorder
NCT01058096,Mania,Bipolar disorder
NCT03565562,Suicide and Depression,Depression
NCT03565562,Anxiety Disorders,Anxiety
NCT05300217,Depressive Disorder,Depression
NCT05300217,Depression in Adolescence,Depression
NCT04829240,Anxiety,Anxiety
NCT01696617,Major Depressive Disorder,Depression
NCT06576440,Major Depressive Disorder,Depression
NCT05535101,"Depression, Anxiety",Depression
NCT05535101,Amphetamine Addiction,Substance use
NCT02829671,Major Depressive Disorders,Depression
NCT01989871,Feeding and Eating Disorders of Childhood,Eating disorders
NCT04712734,Schizophrenia,Schizophrenia & psychosis
NCT02932605,Schizophrenia,Schizophrenia & psychosis
NCT03758105,Depression,Depression
NCT02440594,Depression,Depression
NCT06943105,Anxiety,Anxiety
NCT06943105,Depression Symptom,Depression
NCT05989451,Anxiety Disorder,Anxiety
NCT05989451,Depressive Disorder,Depression
NCT06178731,Major Depressive Disorder,Depression
NCT04136301,Anxiety,Anxiety
NCT06224530,Psychosis,Schizophrenia & psychosis
NCT06484400,"Depression, Anxiety",Depression
NCT06699719,Major Depression,Depression
NCT06699719,Generalized Anxiety Disorder (GAD),Anxiety
NCT06389175,"Depressive Disorder, Major",Depression
NCT03077919,PostTraumatic Stress Disorder,PTSD
NCT04405219,Anxiety,Anxiety
NCT06496230,Opioid Use Disorder,Substance use
NCT02715765,Schizophrenia,Schizophrenia & psychosis
NCT02389465,Depression,Depression
NCT02928965,Schizophrenia and Disorders With Psychotic Features,Schizophrenia & psychosis
NCT07214467,Substance Use Disorder (SUD),Substance use
NCT07214467,Opioid Use Disorder (OUD),Substance use
NCT03113201,Depression,Depression
NCT05220228,Depression in Remission,Depression
NCT02217436,Anxiety,Anxiety
NCT03768544,Generalized Anxiety Disorder,Anxiety
NCT03151681,Posttraumatic Stress Disorder,PTSD
NCT07289581,Anorexia Nervosa,Eating disorders
NCT05963581,Depression,Depression
NCT05963581,Depressive Disorder,Depression
NCT05963581,Depressive Symptoms,Depression
NCT02219867,"Depressive Disorder, Major",Depression
NCT05059392,Depression,Depression
NCT05059392,Anxiety,Anxiety
NCT06064201,Anorexia Nervosa,Eating disorders
NCT05881681,Anxiety,Anxiety
NCT05860192,Test Anxiety,Anxiety
NCT05860192,Anxiety State,Anxiety
NCT03346395,Depression,Depression
NCT03346395,Anxiety Disorders,Anxiety
NCT07020975,Anxiety,Anxiety
NCT02660775,Schizophrenia,Schizophrenia & psychosis
NCT02332954,Major Depressive Disorder,Depression
NCT07039305,Post-stroke Depression,Depression
NCT04183205,Posttraumatic Stress Disorder,PTSD
NCT04183205,Major Depressive Disorder,Depression
NCT01427894,Maternal Anxiety,Anxiety
NCT02600494,Bipolar Depression,Depression
NCT01765829,Psychosis Nos/Other,Schizophrenia & psychosis
NCT04781231,Anxiety,Anxiety
NCT02705898,Alcohol Dependence,Substance use
NCT03206463,Bipolar Disorder,Bipolar disorder
NCT06777563,Postpartum Depression (PPD),Depression
NCT06283693,Depression Anxiety Disorder,Depression
NCT07028216,Anxiety Disorders,Anxiety
NCT07028216,Generalized Anxiety Disorder,Anxiety
NCT07028216,Social Anxiety Disorder,Anxiety
NCT07028216,Panic Disorder,Anxiety
NCT07028216,Agoraphobia,Anxiety
NCT07028216,Major Depressive Disorder,Depression
NCT07028216,Persistent Depressive Disorder (Dysthymia),Depression
NCT04201106,Depression,Depression
NCT04510909,Depression,Depression
NCT06279598,"Stress Disorders, Post-Traumatic",PTSD
NCT06507787,Bipolar Disorder,Bipolar disorder
NCT06507787,Major Depressive Disorder,Depression
NCT01626716,Depression,Depression
NCT06373016,Bipolar Disorder,Bipolar disorder
NCT06373016,Bipolar Disorder Type 1,Bipolar disorder
NCT04946916,Schizophrenia,Schizophrenia & psychosis
NCT04946916,Bipolar Disorder,Bipolar disorder
NCT01901016,Depressive Symptoms,Depression
NCT05855421,Depressive Symptoms,Depression
NCT05855421,Depression,Depression
NCT05855421,Anxiety,Anxiety
NCT07309016,Anxiety,Anxiety
NCT01243606,Anxiety Disorders,Anxiety
NCT06644833,Major Depressive Disorder,Depression
NCT06630884,Posttraumatic Stress Disorder (PTSD),PTSD
NCT01128309,Generalized Anxiety Disorder,Anxiety
NCT05252598,Anxiety,Anxiety
NCT06292663,Anxiety,Anxiety
NCT04402216,Anxiety,Anxiety
NCT01975584,Schizophrenia,Schizophrenia & psychosis
NCT01975584,Schizoaffective Disorder,Schizophrenia & psychosis
NCT06013384,Major Depressive Disorder,Depression
NCT06013384,Treatment Resistant Depression,Depression
NCT04240899,Anxiety,Anxiety
NCT05303064,Schizophrenia,Schizophrenia & psychosis
NCT05303064,Bipolar I Disorder,Bipolar disorder
NCT01595464,Posttraumatic Stress Disorder,PTSD
NCT06213298,Anxiety,Anxiety
NCT06213298,Depression,Depression
NCT07051616,Anxiety,Anxiety
NCT03528109,Obsessive-Compulsive Disorder,OCD
NCT03528109,Anxiety Disorders,Anxiety
NCT03528109,Anxiety,Anxiety
NCT03528109,OCD,OCD
NCT03528109,Phobia,Anxiety
NCT03528109,Agoraphobia,Anxiety
NCT03528109,Generalized Anxiety,Anxiety
NCT03528109,Generalized Anxiety Disorder,Anxiety
NCT03528109,Separation Anxiety,Anxiety
NCT03528109,Social Anxiety,Anxiety
NCT03528109,Social Anxiety Disorder,Anxiety
NCT03528109,Panic Disorder,Anxiety
NCT02978599,Schizophrenia,Schizophrenia & psychosis
NCT02978599,Schizoaffective Disorder,Schizophrenia & psychosis
NCT07091032,"Depression, Anxiety",Depression
NCT05242263,PTSD,PTSD
NCT01179516,"Depressive Disorder, Major",Depression
NCT03128099,Schizophrenia,Schizophrenia & psychosis
NCT06107764,Schizophrenia,Schizophrenia & psychosis
NCT06107764,Schizoaffective Disorder,Schizophrenia & psychosis
NCT06107764,Bipolar Disorder I,Bipolar disorder
NCT06107764,Psychosis,Schizophrenia & psychosis
NCT03921632,Eating Disorder,Eating disorders
NCT05972798,Late Life Depression,Depression
NCT01624987,Post-traumatic Stress Disorder,PTSD
NCT06958887,Depression - Major Depressive Disorder,Depression
NCT06958887,ANXIETY DISORDERS (or Anxiety and Phobic Neuroses),Anxiety
NCT03722771,Sedative; Anxiety Disorder,Anxiety
NCT05543265,Depressive Disorder,Depression
NCT05543265,Anxiety Disorders,Anxiety
NCT01394471,Schizophrenia,Schizophrenia & psychosis
NCT01394471,Schizoaffective Disorder,Schizophrenia & psychosis
NCT04091971,Major Depressive Disorder,Depression
NCT01932749,Bipolar Disorder,Bipolar disorder
NCT02793258,Major Depressive Disorder,Depression
NCT04945278,Psychosis of Childhood Borderline,Schizophrenia & psychosis
NCT04945278,Psychotic Disorder,Schizophrenia & psychosis
NCT03358433,Depression,Depression
NCT06617949,Substance Use Disorder (SUD),Substance use
NCT07153549,Feeding and Eating Disorders of Childhood,Eating disorders
NCT03358238,Bipolar Disorder,Bipolar disorder
NCT04512378,Generalized Anxiety Disorder,Anxiety
NCT04512378,Anxiety,Anxiety
NCT02614443,Depression,Depression
NCT02614443,Anxiety,Anxiety
NCT07175025,PTSD - Post Traumatic Stress Disorder,PTSD
NCT07175025,PTSD (Childbirth-Related),PTSD
NCT06522776,Anxiety,Anxiety
NCT06522776,Depressive Symptoms,Depression
NCT01174004,Parkinson's Disease Psychosis,Schizophrenia & psychosis
NCT06222684,Anxiety,Anxiety
NCT01809626,Depression,Depression
NCT04916678,Post-Traumatic Stress Disorder,PTSD
NCT02932943,"Depressive Disorder, Major",Depression
NCT07699835,"Psychological Stress, Anxiety, and Depression Associated With Academic Pressure",Depression
NCT07699835,Anxiety,Anxiety
NCT05324735,Resistant Major Depression,Depression
NCT02538835,Depression,Depression
NCT05377125,Obsessive-Compulsive Disorder,OCD
NCT04107025,Anxiety,Anxiety
NCT04107025,Depression,Depression
NCT04347525,Depression,Depression
NCT04469049,Anxiety,Anxiety
NCT04469049,Depression,Depression
NCT01312649,Schizophrenia,Schizophrenia & psychosis
NCT01312649,Bipolar Disorders,Bipolar disorder
NCT02852538,Anorexia Nervosa,Eating disorders
NCT06263738,Depression,Depression
NCT02970825,Depression,Depression
NCT02970825,Anxiety,Anxiety
NCT03510325,Schizophrenia,Schizophrenia & psychosis
NCT02867449,Obsessive-Compulsive Disorder (OCD),OCD
NCT05016843,Anxiety Disorders,Anxiety
NCT05016843,Depression,Depression
NCT05105308,ARFID,Eating disorders
NCT05105308,Eating Disorders in Children,Eating disorders
NCT06110715,Depression,Depression
NCT04889508,Depressive Symptoms,Depression
NCT04889508,Anxious Symptoms,Anxiety
NCT02951208,Clinical High Risk for Psychosis,Schizophrenia & psychosis
NCT05053451,Schizophrenia,Schizophrenia & psychosis
NCT06718231,Depression After Video-assisted Thoracoscopic Surgery,Depression
NCT01644851,Posttraumatic Stress Disorders,PTSD
NCT03048929,Posttraumatic Stress Disorder,PTSD
NCT03857581,Psychosis,Schizophrenia & psychosis
NCT03857581,Substance Use Disorders,Substance use
NCT07137377,Anxiety,Anxiety
NCT04500301,Depression,Depression
NCT06968312,Post Traumatic Stress Disorder (PTSD),PTSD
NCT04076319,Depression,Depression
NCT06792981,Eating Disorders in Adolescence,Eating disorders
NCT06792981,Food Addiction,Substance use
NCT01870219,Major Depression,Depression
NCT05203731,Generalized Anxiety Disorder,Anxiety
NCT05203731,Social Anxiety Disorder,Anxiety
NCT05203731,Panic Disorder,Anxiety
NCT02935595,Treatment Resistant Depression,Depression
NCT07466277,Social Anxiety Disorder (SAD),Anxiety
NCT07345377,"Depressive Disorder, Major, Moderate",Depression
NCT02925481,PTSD,PTSD
NCT04985019,Panic Disorder,Anxiety
NCT05347719,Major Depressive Disorder,Depression
NCT05490628,Fear Anxiety,Anxiety
NCT06085937,Depression,Depression
NCT02505737,Depression,Depression
NCT03633357,Bipolar Disorder,Bipolar disorder
NCT06651801,Anxiety and Depression,Depression
NCT03492619,Mental Depression,Depression
NCT02926365,Anxiety Disorder,Anxiety
NCT02926365,Obsessive-Compulsive Disorder,OCD
NCT04058600,Anxiety,Anxiety
NCT05571592,Social Anxiety Disorder,Anxiety
NCT01681771,Depressive Symptoms,Depression
NCT06242665,Depression,Depression
NCT02325167,Depression,Depression
NCT07217444,Major Depressive Disorder (MDD),Depression
NCT02835144,Substance Use Disorder,Substance use
NCT06364436,PostPartum Depression,Depression
NCT06902636,Geriatric Depression,Depression
NCT06979778,Anxiety,Anxiety
NCT03875378,Anorexia Nervosa,Eating disorders
NCT03899285,Major Depressive Disorder,Depression
NCT02310568,Generalized Anxiety Disorder,Anxiety
NCT06138782,Anorexia Nervosa,Eating disorders
NCT02297282,Depression,Depression
NCT06044324,Treatment Resistant Depression,Depression
NCT05458479,Depression,Depression
NCT03668379,Depression,Depression
NCT05091580,Depression,Depression
NCT06842862,Eating Disorders,Eating disorders
NCT02229903,Obsessive Compulsive Disorder,OCD
NCT04949061,Depressive Symptoms,Depression
NCT04949061,Anxiety,Anxiety
NCT02417142,Schizophrenia,Schizophrenia & psychosis
NCT02417142,Schizoaffective Disorder,Schizophrenia & psychosis
NCT04530942,Major Depressive Disorder,Depression
NCT02567370,Schizophrenia or Schizoaffective Disorder,Schizophrenia & psychosis
NCT02975973,Schizophrenia,Schizophrenia & psychosis
NCT02975973,Psychosis,Schizophrenia & psychosis
NCT05117983,Depression,Depression
NCT04026594,Depression,Depression
NCT04885569,Substance Use Disorder (SUD),Substance use
NCT00748956,Anxiety Disorders,Anxiety
NCT04685148,Major Depressive Disorder,Depression
NCT04685148,Postpartum Depression,Depression
NCT05772897,Postpartum Depression,Depression
NCT04847310,Depression,Depression
NCT04847310,Anxiety Disorders,Anxiety
NCT04182113,Schizophrenia,Schizophrenia & psychosis
NCT04073524,Anxiety,Anxiety
NCT04073524,Depression,Depression
NCT02267980,Depressive Disorder,Depression
NCT05527379,Anxiety,Anxiety
NCT02474862,Depressive Symptoms,Depression
NCT06094803,Depressive Symptoms,Depression
NCT06094803,Anxiety,Anxiety
NCT04860661,Postpartum Depression,Depression
NCT03904342,Depression Chronic,Depression
NCT03904342,Anxiety,Anxiety
NCT02370173,PTSD,PTSD
NCT02955654,Obsessive-Compulsive Disorder,OCD
NCT01687478,Treatment Resistant Depression,Depression
NCT04521478,"Depressive Disorder, Major",Depression
NCT05503017,Anxiety Disorders,Anxiety
NCT05503017,Generalized Anxiety Disorder,Anxiety
NCT05503017,Social Anxiety Disorder,Anxiety
NCT05503017,Obsessive-Compulsive Disorder,OCD
NCT02957591,Severe Depression,Depression
NCT07740291,Addiction,Substance use
NCT07740291,Eating Disorders,Eating disorders
NCT04653974,Needle Phobia,Anxiety
NCT04653974,Anxiety,Anxiety
NCT03352713,Binge Eating,Eating disorders
NCT07462013,Major Depressive Disorder (MDD),Depression
NCT05942560,Depression,Depression
NCT05942560,Anxiety,Anxiety
NCT04632082,Depressive Symptoms,Depression
NCT04632082,Anxiety Symptoms,Anxiety
NCT06911723,Schizophrenia Disorders,Schizophrenia & psychosis
NCT06385223,Depression,Depression
NCT01169480,"Mental State, Reported as Depression, Anxiety or Stress",Depression
NCT01901796,Anxiety,Anxiety
NCT01901796,Depression,Depression
NCT03971903,"Depressive Disorder, Major",Depression
NCT04536727,Depression,Depression
NCT06858527,Substance-related Disorder,Substance use
NCT04086342,Social Anxiety Disorder,Anxiety
NCT02636842,Schizophrenia,Schizophrenia & psychosis
NCT02636842,Schizoaffective Disorder,Schizophrenia & psychosis
NCT05832983,Anxiety Related to Pain Related to an Intraarticular Injection,Anxiety
NCT06580041,Major Depressive Disorder,Depression
NCT06580041,Depression,Depression
NCT06580041,"Depressive Disorder, Major",Depression
NCT05829941,Binge-Eating Disorder,Eating disorders
NCT01509573,Depressive Symptoms,Depression
NCT01509573,Anxiety,Anxiety
NCT03047915,Anxiety,Anxiety
NCT05073640,Schizophrenia,Schizophrenia & psychosis
NCT05619510,Depressive Symptoms,Depression
NCT05619510,Depression,Depression
NCT07098013,Anxiety,Anxiety
NCT06353282,"PTSD, Post Traumatic Stress Disorder",PTSD
NCT03668223,Anxiety,Anxiety
NCT03668223,Depression,Depression
NCT01667159,Depression,Depression
NCT01667159,Alcohol Use,Substance use
NCT02641496,PTSD,PTSD
NCT02641496,Posttraumatic Stress Disorder,PTSD
NCT07316088,PTSD,PTSD
NCT07316088,Post Traumatic Stress Disorder,PTSD
NCT01517503,Major Depressive Disorder,Depression
NCT05119062,Perinatal Depression,Depression
NCT05951803,Anxiety,Anxiety
NCT05951803,Depression,Depression
NCT05784961,Schizophrenia,Schizophrenia & psychosis
NCT05784961,Cannabis Use Disorder,Substance use
NCT02656342,Obsessive-Compulsive Disorder,OCD
NCT05316883,Schizophrenia,Schizophrenia & psychosis
NCT05316883,Psychosis,Schizophrenia & psychosis
NCT03962348,First-Episode Psychosis,Schizophrenia & psychosis
NCT05990855,Major Depressive Disorder,Depression
NCT05990855,Persistent Depressive Disorder,Depression
NCT07185126,Post Traumatic Stress Disorder PTSD,PTSD
NCT01337726,Depression,Depression
NCT05501626,"Bipolar Disorder, Type 1",Bipolar disorder
NCT06624878,Depressive Symptom,Depression
NCT01710943,Post-Traumatic Stress Symptoms,PTSD
NCT05190640,Anxiety,Anxiety
NCT05760040,Anxiety,Anxiety
NCT04430868,Schizophrenia,Schizophrenia & psychosis
NCT02458690,Depression,Depression
NCT02458690,Major Depressive Disorder,Depression
NCT02458690,Dysthymic Disorder,Depression
NCT02458690,Depressive Symptoms,Depression
NCT06945497,Anxiety,Anxiety
NCT06945497,Posttraumatic Stress Disorder,PTSD
NCT06526260,Social Anxiety Disorder,Anxiety
NCT01375920,Depression,Depression
NCT02987582,Depression,Depression
NCT02987582,Anxiety,Anxiety
NCT02314624,Depression,Depression
NCT06442423,Depression - Major Depressive Disorder,Depression
NCT06442423,Anxiety,Anxiety
NCT06442423,PTSD Symptoms,PTSD
NCT06442423,PTSD,PTSD
NCT06442423,Substance Use,Substance use
NCT06442423,Substance Use Disorder (SUD),Substance use
NCT06442423,OCD,OCD
NCT01378923,Substance Abuse,Substance use
NCT01378923,Anxiety,Anxiety
NCT01378923,Depression,Depression
NCT06198023,Eating Disorders,Eating disorders
NCT06198023,Anorexia Nervosa,Eating disorders
NCT06198023,Bulimia Nervosa,Eating disorders
NCT06198023,Atypical Anorexia Nervosa,Eating disorders
NCT06198023,Purging (Eating Disorders),Eating disorders
NCT06198023,Other Specified Feeding or Eating Disorder,Eating disorders
NCT06198023,Social Anxiety Disorder,Anxiety
NCT06198023,Generalized Anxiety Disorder (GAD),Anxiety
NCT01794559,Depressive Disorder,Depression
NCT02130596,Psychotic Illnesses,Schizophrenia & psychosis
NCT03610503,Anxiety,Anxiety
NCT03178903,Depression,Depression
NCT04703725,"Depression, Anxiety",Depression
NCT01829789,Substance Use Disorders,Substance use
NCT07139574,Anxiety,Anxiety
NCT04011774,Schizophrenia,Schizophrenia & psychosis
NCT03390218,Anxiety Disorders,Anxiety
NCT03390218,Depression,Depression
NCT03887390,Depression,Depression
NCT06870110,Opioid Use Disorder,Substance use
NCT02202213,Schizophrenia,Schizophrenia & psychosis
NCT06058013,Major Depressive Disorder,Depression
NCT02272959,Anxiety Disorders,Anxiety
NCT02027259,Depression,Depression
NCT05632679,Anxiety,Anxiety
NCT01590862,Obsessive Compulsive Disorder,OCD
NCT01590862,Major Depressive Disorder,Depression
NCT06136546,"Depressive Disorder, Major",Depression
NCT02685488,Depression,Depression
NCT02685488,Anxiety Disorders,Anxiety
NCT06190327,Depressive Symptoms,Depression
NCT04985942,Major Depressive Disorder,Depression
NCT04621786,Major Depressive Disorder,Depression
NCT05492942,Alcohol Use Disorder (AUD),Substance use
NCT07007247,Depressive Disorder,Depression
NCT07007247,"Depression, Unipolar",Depression
NCT06336538,Mild Depression,Depression
NCT06336538,Moderate Depression,Depression
NCT01206517,Schizophrenia,Schizophrenia & psychosis
NCT01206517,Bipolar I Disorder,Bipolar disorder
NCT05820568,Generalized Anxiety Disorder,Anxiety
NCT05573074,Major Depressive Disorder,Depression
NCT05302518,Social Anxiety,Anxiety
NCT05302518,Social Phobia,Anxiety
NCT05823090,Depression,Depression
NCT04370990,Anxiety,Anxiety
NCT04370990,Depression,Depression
NCT05049759,Anxiety,Anxiety
NCT05049759,Depression,Depression
NCT06973759,"Depression, Unipolar",Depression
NCT03727659,Substance Abuse,Substance use
NCT03727659,Depression,Depression
NCT02421679,PTSD,PTSD
NCT01234779,Schizophrenia,Schizophrenia & psychosis
NCT01546896,Anxiety Disorder,Anxiety
NCT05794646,Substance Use Disorders,Substance use
NCT04400227,Substance Use Disorders,Substance use
NCT04832178,Major Depressive Disorder,Depression
NCT02218008,Major Depressive Disorder,Depression
NCT01437189,Depression,Depression
NCT07178691,Depression - Major Depressive Disorder,Depression
NCT07178691,Anxiety,Anxiety
NCT04859790,Social Anxiety,Anxiety
NCT07184697,Major Depression,Depression
NCT06504810,Anxiety,Anxiety
NCT07367360,Anxiety Disorders,Anxiety
NCT05575960,Major Depression,Depression
NCT02529462,"Depressive Disorder, Major",Depression
NCT02012335,Depression,Depression
NCT06831708,Generalized Anxiety Disorder,Anxiety
NCT01789125,Anxiety Disorders,Anxiety
NCT07604389,Anxiety,Anxiety
NCT07604389,Depression,Depression
NCT01730768,Schizophrenia,Schizophrenia & psychosis
NCT07188597,Individuals at Risk of First Episode Psychosis,Schizophrenia & psychosis
NCT02472613,Post-stroke Depression,Depression
NCT07447310,"Psychological Stress, Anxiety, and Depression Associated With Academic Pressure",Depression
NCT03711123,Major Depressive Disorder,Depression
NCT06454123,Binge Eating,Eating disorders
NCT02115880,Depression,Depression
NCT02704962,Schizophrenia,Schizophrenia & psychosis
NCT04263558,Anxiety Depression,Depression
NCT04159285,Depression Chronic,Depression
NCT04159285,"Depression, Unipolar",Depression
NCT04159285,Treatment Resistant Depression,Depression
NCT06037668,Social Anxiety Disorder (SAD),Anxiety
NCT01483391,Bipolar Disorder,Bipolar disorder
NCT01483391,Major Depressive Disorder,Depression
NCT04283591,Post-stroke Depression,Depression
NCT04283591,Anxiety Disorders,Anxiety
NCT02797210,Depression,Depression
NCT01787513,Depression,Depression
NCT02189213,Generalized Anxiety Disorder,Anxiety
NCT02189213,Separation Anxiety Disorder,Anxiety
NCT02189213,Social Phobia,Anxiety
NCT05528224,Obsessive-Compulsive Disorder,OCD
NCT05973123,Anxiety,Anxiety
NCT05973123,"Stress Disorder, Posttraumatic",PTSD
NCT03285659,Depression,Depression
NCT02469545,Depression,Depression
NCT02469545,Anxiety Disorder,Anxiety
NCT03691402,Depression,Depression
NCT05030272,Tobacco Use Disorder,Substance use
NCT05030272,Recurring Major Depressive Disorder,Depression
NCT05030272,Bipolar Disorder,Bipolar disorder
NCT05030272,Schizophrenia,Schizophrenia & psychosis
NCT05030272,Schizoaffective Disorder,Schizophrenia & psychosis
NCT05030272,Persistent Depressive Disorder,Depression
NCT05144477,Post Traumatic Stress Syndrome,PTSD
NCT03548402,Anxiety,Anxiety
NCT04522453,Depression,Depression
NCT06625437,Anxiety,Anxiety
NCT01883739,Parental Anxiety,Anxiety
NCT06061653,Depressive Disorder,Depression
NCT05036772,Anxiety,Anxiety
NCT02731053,Depression,Depression
NCT06595953,Anxiety Disorders,Anxiety
NCT03748121,Posttraumatic Stress Disorder,PTSD
NCT06054321,Major Depressive Disorder,Depression
NCT04913584,Postpartum Depression,Depression
NCT02347033,Generalised Anxiety Disorder,Anxiety
NCT07101172,Anxiety,Anxiety
NCT06419439,Depression,Depression
NCT02296437,Depression,Depression
NCT02497677,Maternal Postnatal Depression,Depression
NCT03620253,Major Depressive Disorder,Depression
NCT04850937,Depression,Depression
NCT02153502,"Depressive Disorder, Treatment-Resistant",Depression
NCT06983002,PTSD,PTSD
NCT06983002,PTSD - Post Traumatic Stress Disorder,PTSD
NCT06983002,PTSD and Trauma-related Symptoms,PTSD
NCT02678845,Depression,Depression
NCT01948895,Dysthymic Disorder,Depression
NCT05746572,PTSD,PTSD
NCT04959695,Posttraumatic Stress Disorder,PTSD
NCT06901739,Anxiety,Anxiety
NCT06901739,Depressive Disorder,Depression
NCT02667353,Depression,Depression
NCT04427137,Bipolar Depression,Depression
NCT01552772,Schizophrenia,Schizophrenia & psychosis
NCT04747249,Post Traumatic Stress Disorder,PTSD
NCT06026826,Anxiety Disorder,Anxiety
NCT06303778,Alcohol Use Disorder (AUD),Substance use
NCT01642550,Anorexia Nervosa,Eating disorders
NCT04172974,"Depression, Anxiety",Depression
NCT02624713,Eating Disorders Symptoms,Eating disorders
NCT04772820,Depression,Depression
NCT04772820,Anxiety,Anxiety
NCT01162382,Major Depressive Disorder,Depression
NCT01659359,Pain and Anxiety,Anxiety
NCT05254379,Post Traumatic Stress Disorder (PTSD),PTSD
NCT05254379,Depression,Depression
NCT01102803,Phobic Disorders,Anxiety
NCT03804242,"Depression, Anxiety",Depression
NCT02957773,Depressive Symptoms,Depression
NCT04004169,Major Depressive Disorder,Depression
NCT05419869,Major Depressive Disorder,Depression
NCT01570972,Schizophrenia,Schizophrenia & psychosis
NCT01570972,Schizoaffective Disorder,Schizophrenia & psychosis
NCT01570972,Bipolar Disorder With Psychotic Features,Bipolar disorder
NCT01570972,Major Depression With Psychotic Features,Depression
NCT01570972,Psychotic Disorder Not Otherwise Specified (NOS),Schizophrenia & psychosis
NCT05245539,Schizophrenia,Schizophrenia & psychosis
NCT05720637,Major Depressive Disorder,Depression
NCT01309945,Depression,Depression
NCT02466477,"Depressive Disorder, Major",Depression
NCT02466477,Depression,Depression
NCT02466477,Depressive Disorder,Depression
NCT04772677,Maternal Depression,Depression
NCT04751331,Major Depressive Disorder,Depression
NCT01920451,Posttraumatic Stress Disorder,PTSD
NCT01799837,Posttraumatic Stress Disorder,PTSD
NCT05945277,Psychotic Disorders,Schizophrenia & psychosis
NCT05945277,Schizophrenia,Schizophrenia & psychosis
NCT05945277,Bipolar Disorder,Bipolar disorder
NCT05945277,Schizo Affective Disorder,Schizophrenia & psychosis
NCT01841502,Depression,Depression
NCT06250153,Substance Use Disorders,Substance use
NCT06597695,Depression,Depression
NCT07088939,Depression - Major Depressive Disorder,Depression
NCT07088939,Anxiety,Anxiety
NCT07088939,Depression,Depression
NCT01321177,Schizophrenia,Schizophrenia & psychosis
NCT01321177,Schizoaffective Disorder,Schizophrenia & psychosis
NCT01321177,Schizophreniform Disorder,Schizophrenia & psychosis
NCT01321177,Brief Psychotic Disorder,Schizophrenia & psychosis
NCT01321177,Psychotic Disorder NOS,Schizophrenia & psychosis
NCT06162624,Anxiety,Anxiety
NCT06162624,Depression,Depression
NCT06162624,"Depression, Anxiety",Depression
NCT06162624,Anxiety Disorders,Anxiety
NCT01993459,Anxiety,Anxiety
NCT01993459,Depression,Depression
NCT06422559,Depressive Disorder,Depression
NCT07296679,Anxiety,Anxiety
NCT03060096,Anxiety,Anxiety
NCT03060096,Depressive Symptoms,Depression
NCT01152996,"Depressive Disorder, Major",Depression
NCT05453162,PTSD,PTSD
NCT02173561,Posttraumatic Stress Disorder,PTSD
NCT06959342,Alcohol Use Disorder,Substance use
NCT06959342,Substance Use Disorders,Substance use
NCT04309370,Schizophrenia,Schizophrenia & psychosis
NCT06641973,Anorexia Nervosa,Eating disorders
NCT06641973,Bulimia Nervosa,Eating disorders
NCT03784573,Anxiety,Anxiety
NCT03784573,Opioid Use,Substance use
NCT07014683,Major Depressive Disorder (MDD),Depression
NCT01573741,Major Depressive Disorder,Depression
NCT02819141,Anxiety,Anxiety
NCT06852066,Anxiety,Anxiety
NCT04418466,Schizophrenia,Schizophrenia & psychosis
NCT02565056,Depression,Depression
NCT04907656,Anxiety,Anxiety
NCT06393322,Depression,Depression
NCT06393322,Anxiety,Anxiety
NCT06100731,Post Traumatic Stress Disorder,PTSD
NCT05783531,Depression,Depression
NCT05783531,Anxiety Disorders,Anxiety
NCT03476902,Obsessive Compulsive Disorder (OCD),OCD
NCT00976859,Posttraumatic Stress Disorder,PTSD
NCT02562703,Depressive Disorder,Depression
NCT01927042,Eating Disorders,Eating disorders
NCT06296186,"Stress Disorders, Post-Traumatic",PTSD
NCT06296186,Substance Use Disorders,Substance use
NCT01397786,Schizophrenia,Schizophrenia & psychosis
NCT02039973,Depression,Depression
NCT01401569,Depression,Depression
NCT05295069,"Sleep Quality, Depression, Postnatal Care, Single-Blind Method, Fatigue, Social Support",Depression
NCT01512641,Schizophrenia,Schizophrenia & psychosis
NCT01080105,Individuals at Risk for Depression,Depression
NCT01360866,Depressive Disorder,Depression
NCT01360866,Depression,Depression
NCT01360866,"Depressive Disorder, Major",Depression
NCT06982651,Postpartum Depression,Depression
NCT05560529,Binge Eating Disorder,Eating disorders
NCT03242655,Substance Use Disorders,Substance use
NCT07202715,Anxiety Disorder of Adolescence,Anxiety
NCT03420755,Perinatal Depression,Depression
NCT03420755,Postpartum Depression,Depression
NCT05057585,Anxiety,Anxiety
NCT05306015,Anxiety,Anxiety
NCT05306015,Depression,Depression
NCT06181825,Depression,Depression
NCT06181825,Anxiety,Anxiety
NCT02269540,Major Depressive Disorder,Depression
NCT02469389,Schizophrenia,Schizophrenia & psychosis
NCT05584215,Psychosis,Schizophrenia & psychosis
NCT04711915,Major Depressive Disorder,Depression
NCT04711915,Depression,Depression
NCT04099940,Psychosis,Schizophrenia & psychosis
NCT04099940,Schizophrenia,Schizophrenia & psychosis
NCT04099940,Schizo Affective Disorder,Schizophrenia & psychosis
NCT05225740,Elevated Anxiety Sensitivity,Anxiety
NCT04779437,Depression,Depression
NCT06239740,Major Depressive Disorders,Depression
NCT05281640,Psychosis,Schizophrenia & psychosis
NCT05281640,Complex Post-Traumatic Stress Disorder,PTSD
NCT05281640,Schizophrenia,Schizophrenia & psychosis
NCT06760689,Anxiety,Anxiety
NCT05865652,Patients With Ultra High Risk of Psychotic Transition,Schizophrenia & psychosis
NCT05699226,Depression,Depression
NCT03893825,Schizophrenia,Schizophrenia & psychosis
NCT01093976,Obsessive Compulsive Disorder,OCD
NCT05106868,Major Depressive Disorder,Depression
NCT04508868,Depression,Depression
NCT04508868,Depressive Symptoms,Depression
NCT03509597,Schizophrenia,Schizophrenia & psychosis
NCT01668797,Acute Schizophrenia,Schizophrenia & psychosis
NCT02459210,Psychosis,Schizophrenia & psychosis
NCT04744259,Depression,Depression
NCT01101659,Schizophrenia,Schizophrenia & psychosis
NCT03774927,Schizophrenia,Schizophrenia & psychosis
NCT04972227,Schizophrenia,Schizophrenia & psychosis
NCT05136027,"Resistant Depression, Treatment",Depression
NCT06482242,Mental Depression,Depression
NCT01239173,Posttraumatic Stress Disorder,PTSD
NCT05032469,Anxiety,Anxiety
NCT07065669,Obsessive-Compulsive Disorder,OCD
NCT04932369,Anxiety,Anxiety
NCT01807741,Bipolar Depression,Depression
NCT02148354,Internet-based Treatment for Depression,Depression
NCT05165654,Psychosis,Schizophrenia & psychosis
NCT03434405,Schizophrenia and Disorders With Psychotic Feature,Schizophrenia & psychosis
NCT03434405,Psychotic Episode,Schizophrenia & psychosis
NCT03191994,Major Depressive Disorder,Depression
NCT02892422,Schizophrenia,Schizophrenia & psychosis
NCT06887751,Depression/Anxiety,Depression
NCT03754829,Depressive Symptoms,Depression
NCT01568229,Schizophrenia,Schizophrenia & psychosis
NCT06363981,Unipolar Depression,Depression
NCT06363981,Bipolar Disorder,Bipolar disorder
NCT05169736,Depression and Quality of Life,Depression
NCT02410109,Depressive Symptoms,Depression
NCT06481787,Depression,Depression
NCT02098148,Obsessive-Compulsive Disorder,OCD
NCT04412343,Depression,Depression
NCT03590015,"Recruitment, Invitation Letters, Patients With Schizophrenia",Schizophrenia & psychosis
NCT01188135,Major Depressive Disorder,Depression
NCT03680625,Anxiety,Anxiety
NCT05180617,Substance Use Disorders,Substance use
NCT05778591,Schizophrenia,Schizophrenia & psychosis
NCT04030897,Depression,Depression
NCT03985813,Depression,Depression
NCT05435820,Major Depressive Disorder,Depression
NCT05435820,Depression Disorders,Depression
NCT04349423,Anxiety,Anxiety
NCT04349423,Depression,Depression
NCT04523779,Anxiety,Anxiety
NCT02673827,Depression,Depression
NCT05799586,"Depressive, Symptoms Depressive Disorder, Depression",Depression
NCT03112369,PTSD and Substance Use Disorder,PTSD
NCT01952041,Schizophrenia,Schizophrenia & psychosis
NCT01952041,Schizoaffective Disorder,Schizophrenia & psychosis
NCT05260541,Post-traumatic Stress Disorder,PTSD
NCT05260541,Post Traumatic Stress Disorder,PTSD
NCT05260541,"Stress Disorders, Post-Traumatic",PTSD
NCT03526354,Schizophrenia,Schizophrenia & psychosis
NCT03526354,Schizoaffective Disorder,Schizophrenia & psychosis
NCT03526354,Substance Use Disorders,Substance use
NCT07084454,Depression,Depression
NCT03823456,Anxiety,Anxiety
NCT03823456,Depression,Depression
NCT03632356,Panic Attacks and Disorders,Anxiety
NCT04609722,Anxiety,Anxiety
NCT01982422,Anxiety,Anxiety
NCT04469322,Depression,Depression
NCT04469322,Depressive Disorder,Depression
NCT04469322,"Depressive Disorder, Major",Depression
NCT04469322,"Depression, Bipolar",Depression
NCT04469322,Depressive Episode,Depression
NCT04291196,Anxiety,Anxiety
NCT04291196,Depression,Depression
NCT03652870,Depression,Depression
NCT04392869,Anxiety,Anxiety
NCT05795569,Feeding or Eating Disorder,Eating disorders
NCT01281969,Obsessive-Compulsive Disorder,OCD
NCT01281969,Anxiety Disorder,Anxiety
NCT05560854,Post Traumatic Stress Disorder,PTSD
NCT01536756,Depressive Disorders,Depression
NCT01256151,Anxiety Disorder,Anxiety
NCT01990131,Anxiety,Anxiety
NCT07621731,"Stress Disorders, Post-Traumatic",PTSD
NCT07621731,Depression,Depression
NCT07621731,Anxiety,Anxiety
NCT07621731,Substance-related Disorders,Substance use
NCT07344948,Schizophrenia Diagnosis,Schizophrenia & psychosis
NCT03022526,"Depression, Postpartum",Depression
NCT06070168,"Depression, Postpartum",Depression
NCT06583668,Anxiety,Anxiety
NCT02313818,Posttraumatic Stress Disorder,PTSD
NCT07228013,State Anxiety,Anxiety
NCT03745820,Cognitive Impairment Associated With Schizophrenia,Schizophrenia & psychosis
NCT04586647,Eating Disorder Symptom,Eating disorders
NCT03440255,Generalized Anxiety Disorder,Anxiety
NCT01149655,Schizophrenia,Schizophrenia & psychosis
NCT06226155,"Depression, Anxiety",Depression
NCT03708315,Schizophrenia,Schizophrenia & psychosis
NCT03708315,Schizoaffective Disorder,Schizophrenia & psychosis
NCT05294835,Depression,Depression
NCT05294835,Post Traumatic Stress Disorder,PTSD
NCT01293825,Bipolar Disorder,Bipolar disorder
NCT02185976,Anxiety,Anxiety
NCT06937476,Major Depressive Disorder (MDD),Depression
NCT06095817,Alcohol Use Disorder,Substance use
NCT06095817,Depression,Depression
NCT07190417,Anxiety,Anxiety
NCT03487991,Posttraumatic Stress Disorder,PTSD
NCT01205191,Anxiety,Anxiety
NCT03573713,"Depression, Postpartum",Depression
NCT03831360,Depression,Depression
NCT02236390,PTSD,PTSD
NCT06751290,Avoidant Restrictive Food Intake Disorder,Eating disorders
NCT05227690,Schizophrenia,Schizophrenia & psychosis
NCT02185482,Depression,Depression
NCT03898648,Depression,Depression
NCT06977178,Anxiety,Anxiety
NCT06977178,Substance Use,Substance use
NCT02199743,Schizophrenia,Schizophrenia & psychosis
NCT02199743,Schizoaffective Disorder,Schizophrenia & psychosis
NCT07305415,Depressive Symptom,Depression
NCT01533415,Anxiety,Anxiety
NCT01450150,Major Depressive Disorder,Depression
NCT02797691,"Depression, Anxiety",Depression
NCT03346291,Schizophrenia,Schizophrenia & psychosis
NCT03346291,Schizo Affective Disorder,Schizophrenia & psychosis
NCT02535390,Depression,Depression
NCT06077370,Obsessive-Compulsive Disorder,OCD
NCT03182283,Psychosis,Schizophrenia & psychosis
NCT02252341,Bipolar Disorder,Bipolar disorder
NCT04883554,Anorexia Nervosa,Eating disorders
NCT01527305,Schizophrenia,Schizophrenia & psychosis
NCT04506905,Schizophrenia,Schizophrenia & psychosis
NCT01373866,Schizophrenia,Schizophrenia & psychosis
NCT01981018,Bipolar Disorder,Bipolar disorder
NCT04376697,Depressive Disorder,Depression
NCT03105973,Depression,Depression
NCT03105973,Anxiety,Anxiety
NCT01190254,"Schizophrenia, Paranoid",Schizophrenia & psychosis
NCT01190254,"Schizophrenia, Disorganized",Schizophrenia & psychosis
NCT01190254,"Schizophrenia, Undifferentiated",Schizophrenia & psychosis
NCT06767566,Postpartum Depression,Depression
NCT05515302,Anxiety,Anxiety
NCT06419842,Anxiety,Anxiety
NCT03452670,Depression,Depression
NCT01971073,Schizophrenia,Schizophrenia & psychosis
NCT01830881,Anxiety,Anxiety
NCT06417619,"Depressive Disorder, Major",Depression
NCT03672565,Obsessive-Compulsive Disorder,OCD
NCT01389765,"Depressive Disorder, Major",Depression
NCT04853407,Major Depressive Disorder (MDD),Depression
NCT04031105,Depression Minor,Depression
NCT03415022,Social Anxiety Disorder,Anxiety
NCT05973851,Major Depressive Disorder,Depression
NCT05973851,Treatment Resistant Depression,Depression
NCT03667729,Psychotic Disorder,Schizophrenia & psychosis
NCT07287839,Treatment Resistant Depression (TRD),Depression
NCT05271357,Major Depressive Disorder,Depression
NCT03509181,Depression,Depression
NCT03509181,Bipolar Disorder,Bipolar disorder
NCT03509181,Anxiety Disorders,Anxiety
NCT07527312,Depression - Major Depressive Disorder,Depression
NCT05344365,Parkinson Disease Psychosis,Schizophrenia & psychosis
NCT06673407,Social Anxiety Disorder,Anxiety
NCT06673407,Public Speaking Anxiety,Anxiety
NCT01718483,Binge Eating Disorder,Eating disorders
NCT03460756,Depressive Disorder,Depression
NCT03460756,Depression,Depression
NCT03460756,"Depression, Postpartum",Depression
NCT07047651,Treatment Resistant Schizophrenia,Schizophrenia & psychosis
NCT07047651,Treatment Resistant Bipolar Disorder,Bipolar disorder
NCT04690257,Anxiety,Anxiety
NCT07441928,Schizophenia Disorder,Schizophrenia & psychosis
NCT05081167,Major Depressive Disorder,Depression
NCT05221567,Chronic Depression,Depression
NCT05221567,Persistent Depressive Disorder,Depression
NCT05221567,Recurrent Major Depression,Depression
NCT03037983,Schizophrenia,Schizophrenia & psychosis
NCT03037983,Schizoaffective Disorder,Schizophrenia & psychosis
NCT06597305,Anorexia Nervosa,Eating disorders
NCT06597305,Atypical Anorexia Nervosa,Eating disorders
NCT04902066,Paranoid Schizophrenia,Schizophrenia & psychosis
NCT04902066,Schizophrenia and Related Disorders,Schizophrenia & psychosis
NCT04902066,Schizophrenia Prodromal,Schizophrenia & psychosis
NCT04902066,Schizotypal Disorder,Schizophrenia & psychosis
NCT04902066,Psychosis Paranoid,Schizophrenia & psychosis
NCT04902066,Psychotic Disorders,Schizophrenia & psychosis
NCT04902066,Psychotic Paranoia,Schizophrenia & psychosis
NCT04902066,"Psychotic; Disorder, Delusional",Schizophrenia & psychosis
NCT03457675,Obsessive-Compulsive Disorder,OCD
NCT06895330,Anxiety,Anxiety
NCT04673383,Major Depressive Disorder,Depression
NCT01149772,Anxiety,Anxiety
NCT01149772,Depression,Depression
NCT05591677,Major Depressive Disorder,Depression
NCT01331330,"Depressive Disorder, Major",Depression
NCT06091527,Depression Mild,Depression
NCT06091527,Depression Moderate,Depression
NCT02385786,Major Depressive Disorder,Depression
NCT04537195,Anxiety,Anxiety
NCT04537195,Depression,Depression
NCT04595539,"Depression, Anxiety",Depression
NCT07108257,Treatment-Resistant Depression,Depression
NCT07108257,Bipolar Depression,Depression
NCT01126801,Menopausal Depression,Depression
NCT02507219,Major Depressive Disorder,Depression
NCT04845230,Post Partum Depression,Depression
NCT03101527,Major Depressive Disorder in Pregnancy,Depression
NCT02574273,Anxiety,Anxiety
NCT07013669,Anxiety,Anxiety
NCT06434883,Depression Anxiety Disorder,Depression
NCT06925841,Anxiety,Anxiety
NCT02554929,Social Anxiety Disorder,Anxiety
NCT05617495,Depression in Adolescence,Depression
NCT05770375,Schizophrenia,Schizophrenia & psychosis
NCT01393301,Nicotine Dependence,Substance use
NCT01393301,Symptoms of Anxiety,Anxiety
NCT07424781,Depression - Major Depressive Disorder,Depression
NCT07424781,Depression,Depression
NCT05660070,Schizophrenia,Schizophrenia & psychosis
NCT05660070,Schizoaffective Disorder,Schizophrenia & psychosis
NCT05660070,"Mood Disorder, Psychotic",Schizophrenia & psychosis
NCT02702154,Depression,Depression
NCT03711266,PTSD,PTSD
NCT04394156,Post Traumatic Stress Disorder,PTSD
NCT04394156,"Stress Disorders, Post-Traumatic",PTSD
NCT02538445,Schizophrenia,Schizophrenia & psychosis
NCT06559501,Depression,Depression
NCT06559501,Anxiety,Anxiety
NCT07337512,Postpartum Depression (PPD),Depression
NCT05495919,Anxiety,Anxiety
NCT03973229,PTSD,PTSD
NCT05863637,Anxiety Disorders,Anxiety
NCT06038357,Posttraumatic Stress Disorder,PTSD
NCT05683028,Depressive Episode,Depression
NCT02421965,Schizophrenia,Schizophrenia & psychosis
NCT02421965,Schizoaffective Disorder,Schizophrenia & psychosis
NCT02421965,Bipolar Disorder,Bipolar disorder
NCT02421965,Major Depressive Disorder,Depression
NCT01152307,Depression,Depression
NCT02398136,PTSD,PTSD
NCT02839837,Depression,Depression
NCT02839837,Depressive Disorder,Depression
NCT06239545,Depression,Depression
NCT06239545,Anxiety,Anxiety
NCT05503745,Eating Disorders,Eating disorders
NCT02213900,Post-traumatic Stress Disorder,PTSD
NCT02213900,Depression,Depression
NCT02213900,Anxiety,Anxiety
NCT04534907,Obsessive-Compulsive Disorder,OCD
NCT04801589,Post Traumatic Stress Disorder,PTSD
NCT03078790,Anxiety,Anxiety
NCT03652597,Major Depressive Disorder,Depression
NCT05883397,PTSD,PTSD
NCT05680220,Major Depressive Disorder,Depression
NCT05680220,Treatment Resistant Depression,Depression
NCT06729580,Treatment Resistant Depression (TRD),Depression
NCT06295185,Depression,Depression
NCT06289543,Anxiety,Anxiety
NCT03623815,Anxiety State,Anxiety
NCT03934385,Anxiety Disorders,Anxiety
NCT03934385,Arachnophobia,Anxiety
NCT06419868,Depression/Anxiety,Depression
NCT04752618,PTSD,PTSD
NCT04752618,Depression,Depression
NCT06628518,Depression,Depression
NCT06628518,Anxiety,Anxiety
NCT03624218,Posttraumatic Stress Disorder,PTSD
NCT04846790,Posttraumatic Stress Disorder,PTSD
NCT04846790,Anxiety,Anxiety
NCT04846790,Depression,Depression
NCT07264452,Treatment Resistant Depression (TRD),Depression
NCT05956249,Depressive Symptoms,Depression
NCT05956249,Anxiety State,Anxiety
NCT03196726,Postnatal Depression,Depression
NCT04124276,Major Depressive Disorder,Depression
NCT04124276,Depression,Depression
NCT04124276,Depressive Disorder,Depression
NCT04236674,Anxiety,Anxiety
NCT03560518,"Depressive Disorder, Major",Depression
NCT01702220,Generalized Anxiety Disorder,Anxiety
NCT01702220,Anxiety Disorder NOS,Anxiety
NCT03881449,Schizophrenia,Schizophrenia & psychosis
NCT03881449,Major Depressive Disorder,Depression
NCT03881449,Schizo Affective Disorder,Schizophrenia & psychosis
NCT03327038,Depression,Depression
NCT03327038,Anxiety,Anxiety
NCT05285215,"Depression, Postpartum",Depression
NCT01988935,Post-Traumatic Stress Disorder,PTSD
NCT03794076,Schizophrenia,Schizophrenia & psychosis
NCT03794076,Schizo Affective Disorder,Schizophrenia & psychosis
NCT05766540,Difference in the Change in Cardiovascular Risk in Treatment Resistant Schizophrenia,Schizophrenia & psychosis
NCT01787240,Major Depressive Disorder,Depression
NCT01822418,Schizophrenia,Schizophrenia & psychosis
NCT01822418,Schizoaffective Disorder,Schizophrenia & psychosis
NCT03265210,Depression,Depression
NCT05018260,Social Anxiety Disorder (Social Phobia),Anxiety
NCT05018260,Social Anxiety,Anxiety
NCT05018260,Social Anxiety Disorder,Anxiety
NCT02176824,Major Depressive Disorder,Depression
NCT02176824,Bipolar Depression,Depression
NCT01583023,Bipolar Disorder,Bipolar disorder
NCT07713225,Fear Anxiety,Anxiety
NCT01826240,"Monopolar Depression, Single Episode or Unspecified",Depression
NCT03545074,Depression,Depression
NCT02576613,Schizophrenia,Schizophrenia & psychosis
NCT02576613,Schizoaffective Disorder,Schizophrenia & psychosis
NCT06404320,Treatment-resistant Depression,Depression
NCT06404320,Major Depressive Disorder,Depression
NCT07350226,Depression Disorder,Depression
NCT04228289,PTSD,PTSD
NCT02357797,Schizophrenia,Schizophrenia & psychosis
NCT07025720,Major Depressive Disorder (MDD),Depression
NCT03062215,Depression,Depression
NCT03892876,Schizophrenia,Schizophrenia & psychosis
NCT04029740,Panic Disorder,Anxiety
NCT04290650,Psychotic Disorders,Schizophrenia & psychosis
NCT01674543,Schizophrenia,Schizophrenia & psychosis
NCT03004443,Depression,Depression
NCT04497350,Major Depressive Disorder,Depression
NCT06399991,Anxiety,Anxiety
NCT06399991,Depression,Depression
NCT03315897,Bipolar Disorder,Bipolar disorder
NCT03315897,Unipolar Depression,Depression
NCT02982538,PTSD,PTSD
NCT01473615,Major Depressive Disorder,Depression
NCT01473615,Dysthymic Disorder,Depression
NCT01473615,Depressive Disorder NOS,Depression
NCT06345040,Eating Disorders,Eating disorders
NCT06345040,Anorexia Nervosa,Eating disorders
NCT06345040,Bulimia Nervosa,Eating disorders
NCT01572389,Depression,Depression
NCT02889250,Treatment Resistant Depression,Depression
NCT03110991,Depression,Depression
NCT05150574,Anxiety Depression,Depression
NCT01778790,Major Depression,Depression
NCT06968390,Perinatal Depression,Depression
NCT06968390,Post Partum Depression,Depression
NCT06968390,Major Depressive Disorder,Depression
NCT04460976,Anxiety,Anxiety
NCT04460976,Depression,Depression
NCT04038840,Schizophrenia,Schizophrenia & psychosis
NCT04730518,Psychotic Disorders,Schizophrenia & psychosis
NCT01453790,Depressive Symptoms,Depression
NCT07163013,Depressive Symptom,Depression
NCT02387320,Anxiety,Anxiety
NCT06315972,Schizophrenia,Schizophrenia & psychosis
NCT04868201,Anxiety Disorders,Anxiety
NCT03200028,Alcohol Use Disorder,Substance use
NCT03200028,Post Traumatic Stress Disorder,PTSD
NCT05724511,Depression Mild,Depression
NCT03367234,Opioid-use Disorder,Substance use
NCT03367234,Substance Use Disorders,Substance use
NCT06054412,Post Traumatic Stress Disorder,PTSD
NCT05176392,Depression,Depression
NCT02186392,Depression,Depression
NCT02186392,Anxiety,Anxiety
NCT01343732,Obsessive Compulsive Disorder,OCD
NCT04211493,Depression,Depression
NCT04035057,Anxiety Disorders,Anxiety
NCT01851967,Major Depressive Disorder,Depression
NCT05456607,Depression,Depression
NCT04037111,Major Depressive Disorder,Depression
NCT06941844,Major Depressive Disorder,Depression
NCT01743664,Posttraumatic Stress Disorders,PTSD
NCT05577598,Obsessive-Compulsive Disorder,OCD
NCT02458521,Post-Traumatic Stress Disorder,PTSD
NCT01211704,Bipolar Disorder,Bipolar disorder
NCT05426304,Depression,Depression
NCT01681628,Post-traumatic Stress Disorder,PTSD
NCT02569307,Psychosis,Schizophrenia & psychosis
NCT01985711,Depression,Depression
NCT04857944,Depressive Symptoms,Depression
NCT04857944,Depressive Disorder,Depression
NCT04657432,Depression,Depression
NCT04657432,Anxiety,Anxiety
NCT07127432,Pain and Anxiety,Anxiety
NCT01944293,Bipolar Disorder,Bipolar disorder
NCT01944293,Major Depressive Episode,Depression
NCT05340504,Bipolar Disorder,Bipolar disorder
NCT05340504,Bipolar I Disorder,Bipolar disorder
NCT05340504,Bipolar II Disorder,Bipolar disorder
NCT02180984,Binge Eating,Eating disorders
NCT06978257,Mild to Moderate Anxiety and Depression,Depression
NCT01273701,Amphetamine Dependence,Substance use
NCT01273701,Methamphetamine Abuse,Substance use
NCT01273701,Methamphetamine Dependence,Substance use
NCT06450665,Social Anxiety,Anxiety
NCT05302167,Anxiety,Anxiety
NCT06833567,Anxiety Disorders,Anxiety
NCT06833567,Depression,Depression
NCT06925867,PTSD - Post Traumatic Stress Disorder,PTSD
NCT01947244,"Depression, Postpartum",Depression
NCT02235064,"Depression, Postpartum",Depression
NCT04914299,Perinatal Depression,Depression
NCT04914299,Perinatal Anxiety,Anxiety
NCT06351514,Schizophrenia; Negative Type,Schizophrenia & psychosis
NCT05477706,Depression,Depression
NCT05477706,PTSD,PTSD
NCT05477706,Anxiety,Anxiety
NCT02722967,Schizophrenia,Schizophrenia & psychosis
NCT02722967,Major Depressive Disorder,Depression
NCT02722967,Bipolar I Disorder,Bipolar disorder
NCT04333667,Post-traumatic Stress Disorder,PTSD
NCT06995807,Depressive Disorder,Depression
NCT03667807,Obsessive-Compulsive Disorder,OCD
NCT01606592,Panic Disorder (With or Without Agoraphobia),Anxiety
NCT06737744,Substance Use Disorder,Substance use
NCT06737744,Addiction,Substance use
NCT05839509,Bipolar II Disorder,Bipolar disorder
NCT04953806,Depression,Depression
NCT04953806,Anxiety,Anxiety
NCT07234006,Anxiety,Anxiety
NCT03393039,Bulimia Nervosa,Eating disorders
NCT03393039,Binge-Eating Disorder,Eating disorders
NCT03393039,Eating Disorder,Eating disorders
NCT04429412,Brief Psychotic Disorder,Schizophrenia & psychosis
NCT04429412,Psychosis; Episode,Schizophrenia & psychosis
NCT03852628,Post Traumatic Stress Disorder,PTSD
NCT03852628,Alcohol Abuse,Substance use
NCT06887192,Psychosis Associated With Alzheimer's Disease,Schizophrenia & psychosis
NCT05828264,Anxiety and Fear,Anxiety
NCT04335487,Posttraumatic Stress,PTSD
NCT04335487,Depression,Depression
NCT04335487,Anxiety,Anxiety
NCT01851863,Depression,Depression
NCT03543865,Substance Use,Substance use
NCT03543865,Depressive Symptoms,Depression
NCT07033832,"Depression, Anxiety",Depression
NCT06049706,Obsessive-Compulsive Disorder,OCD
NCT06252909,Depression,Depression
NCT06252909,Anxiety,Anxiety
NCT06252909,PTSD,PTSD
NCT06941298,Cannabis Use,Substance use
NCT06941298,Depression,Depression
NCT07120893,Depression in Adults,Depression
NCT06548893,Obsessive-Compulsive Disorder,OCD
NCT01880593,Depression,Depression
NCT06466993,Performance Anxiety,Anxiety
NCT05390593,"Depressive Disorder, Treatment-Resistant",Depression
NCT05306093,Anhedonia,Depression
NCT05306093,Depressed Mood,Depression
NCT06346730,Anxiety,Anxiety
NCT05398107,"Depression, Anxiety",Depression
NCT06698107,Postpartum Depression (PPD),Depression
NCT01701284,Depression,Depression
NCT01701284,Anxiety,Anxiety
NCT02398279,Schizophrenia,Schizophrenia & psychosis
NCT02398279,Schizoaffective Disorder,Schizophrenia & psychosis
NCT05000788,Depression,Depression
NCT03751488,Schizo Affective Disorder,Schizophrenia & psychosis
NCT03751488,Schizophrenia,Schizophrenia & psychosis
NCT03751488,Schizoaffective Disorder,Schizophrenia & psychosis
NCT01446146,Posttraumatic Stress Disorder (PTSD),PTSD
NCT06800027,Depression,Depression
NCT06800027,Anxiety,Anxiety
NCT01477203,Major Depressive Disorder (MDD),Depression
NCT01477203,Anxiety Disorder,Anxiety
NCT07316803,Schizophrenia,Schizophrenia & psychosis
NCT07316803,Bipolar Disorder,Bipolar disorder
NCT07316803,Major Depressive Disorder,Depression
NCT05753527,Anxiety,Anxiety
NCT05349513,Patients With Schizophrenia-like Disorders,Schizophrenia & psychosis
NCT06171620,Anxiety,Anxiety
NCT07033520,Depression,Depression
NCT07033520,Anxiety,Anxiety
NCT03126682,MDD,Depression
NCT05995496,Bulimia Nervosa,Eating disorders
NCT07016646,Depression Symptoms,Depression
NCT02659488,Binge Eating Disorder,Eating disorders
NCT02755103,"Stress Disorders, Post-Traumatic",PTSD
NCT02755103,Substance-Related Disorders,Substance use
NCT06603896,Anxiety,Anxiety
NCT04339296,Anxiety Depression,Depression
NCT02543203,Anxiety,Anxiety
NCT03811327,Depression,Depression
NCT04414696,Postpartum Depression,Depression
NCT05516862,PTSD,PTSD
NCT05516862,Post Traumatic Stress Disorder,PTSD
NCT01761396,Anxiety Disorders,Anxiety
NCT03936946,Depression,Depression
NCT03936946,Anxiety,Anxiety
NCT02635178,Obsessive-Compulsive Disorder and Symptoms,OCD
NCT02392468,Schizophrenia,Schizophrenia & psychosis
NCT06496750,Substance Use Disorders,Substance use
NCT06496750,Substance Use,Substance use
NCT06496750,Methamphetamine Abuse,Substance use
NCT07064733,Anxiety,Anxiety
NCT02709733,Schizophrenia,Schizophrenia & psychosis
NCT01816152,Depression,Depression
NCT02561949,Anxiety Disorder/Anxiety State,Anxiety
NCT02561949,Depressive Disorder/Psychology,Depression
NCT03123991,Anxiety,Anxiety
NCT03123991,Depression,Depression
NCT07086040,Schizophrenia and Schizoaffective Disorder,Schizophrenia & psychosis
NCT03201640,Anxiety,Anxiety
NCT05698589,Bipolar Disorder,Bipolar disorder
NCT05698589,Schizophrenia,Schizophrenia & psychosis
NCT05698589,Depression,Depression
NCT04935489,Treatment Resistant Depression,Depression
NCT03261050,Eating Disorder,Eating disorders
NCT06228391,"PTSD, Post Traumatic Stress Disorder",PTSD
NCT06228391,Major Depressive Disorder,Depression
NCT03393026,Schizophrenia,Schizophrenia & psychosis
NCT02655926,Obsessive-Compulsive Disorder,OCD
NCT06338215,Depression,Depression
NCT03677635,Psychosis,Schizophrenia & psychosis
NCT01427608,Psychotic Depression,Depression
NCT01596608,Depressive Disorder,Depression
NCT01596608,Schizophrenia,Schizophrenia & psychosis
NCT01596608,Schizoaffective Disorder,Schizophrenia & psychosis
NCT01596608,Obsessive-Compulsive Disorder,OCD
NCT05193955,State Anxiety,Anxiety
NCT06548126,Post Traumatic Stress Disorder,PTSD
NCT02943278,Depression,Depression
NCT06439043,Major Depressive Disorder 1,Depression
NCT01109693,Unipolar Major Depressive Episode,Depression
NCT04626804,Anxiety,Anxiety
NCT04626804,Depression,Depression
NCT04626804,Anxiety Generalized,Anxiety
NCT05315648,"Depression, Anxiety",Depression
NCT07074652,Anxiety,Anxiety
NCT07293806,Depression,Depression
NCT03954184,Substance Use Disorders,Substance use
NCT03231358,Depression,Depression
NCT04663243,Post Partum Depression,Depression
NCT04010643,Depression,Depression
NCT06747793,Anxiety,Anxiety
NCT04956016,"Depressive Disorder, Treatment-Resistant",Depression
NCT01963806,Panic Disorder,Anxiety
NCT01963806,Phobic Disorders,Anxiety
NCT05142384,Depression,Depression
NCT03548155,Schizophrenia,Schizophrenia & psychosis
NCT01178385,Generalized Anxiety Disorder,Anxiety
NCT01178385,Social Phobia,Anxiety
NCT01178385,Separation Anxiety Disorder,Anxiety
NCT01178385,Obsessive-compulsive Disorder,OCD
NCT04910516,"Anxiety, Covid-19 Fear",Anxiety
NCT01157416,Posttraumatic Stress Disorders,PTSD
NCT01157416,PTSD,PTSD
NCT03925038,Depressive Disorder,Depression
NCT03925038,Anxiety Disorders,Anxiety
NCT03925038,Bipolar Affective Disorder,Bipolar disorder
NCT03663452,Posttraumatic Stress Disorder,PTSD
NCT05729347,Anxiety,Anxiety
NCT05729347,State Anxiety,Anxiety
NCT05729347,Trait Anxiety,Anxiety
NCT01330485,Major Depressive Disorder,Depression
NCT05920252,Anhedonia,Depression
NCT01725048,Major Depressive Disorder,Depression
NCT03393078,Obsessive-Compulsive Disorder,OCD
NCT01156415,Major Depressive Disorder,Depression
NCT04839926,Schizophrenia,Schizophrenia & psychosis
NCT01086748,Schizophrenia,Schizophrenia & psychosis
NCT03768726,Bipolar Disorder,Bipolar disorder
NCT05593315,Anxiety,Anxiety
NCT01582815,Major Depressive Disorder,Depression
NCT02553915,Major Depressive Disorder,Depression
NCT04571593,Insomnia Due to Anxiety and Fear,Anxiety
NCT01355952,Schizophrenia,Schizophrenia & psychosis
NCT07219992,Anxiety Disorder of Adolescence,Anxiety
NCT04812899,Eating Disorders,Eating disorders
NCT05166798,Major Depression in Remission,Depression
NCT02192593,"Schizophrenia, Schizoaffective Disorder",Schizophrenia & psychosis
NCT04135014,Anxiety,Anxiety
NCT02627716,Schizophrenia,Schizophrenia & psychosis
NCT01892306,Bipolar Disorder,Bipolar disorder
NCT01892306,Anxiety Disorders,Anxiety
NCT01298804,Depression,Depression
NCT05365347,Psychosis,Schizophrenia & psychosis
NCT05365347,Alcohol Use Disorder,Substance use
NCT02803749,Anxiety,Anxiety
NCT02552758,Schizophrenia,Schizophrenia & psychosis
NCT05637658,Anxiety Disorders,Anxiety
NCT01623726,Schizophrenia,Schizophrenia & psychosis
NCT05476198,Anxiety,Anxiety
NCT06812221,Anxiety State,Anxiety
NCT06812221,Depression Anxiety Disorder,Depression
NCT06394284,"PTSD, Post Traumatic Stress Disorder",PTSD
NCT05845658,Anxiety,Anxiety
NCT02499055,Anxiety,Anxiety
NCT01072344,Generalized Anxiety Disorder,Anxiety
NCT03522987,Anxiety,Anxiety
NCT03522987,Depression,Depression
NCT02537093,Depression,Depression
NCT02537093,Anxiety Disorder,Anxiety
NCT02537093,Substance Use Disorder,Substance use
NCT01296321,Anxiety Disorders,Anxiety
NCT01296321,Depression,Depression
NCT02565316,Depression,Depression
NCT02565316,Anxiety,Anxiety
NCT06510504,Social Anxiety Disorder,Anxiety
NCT04939649,Major Depressive Episode,Depression
NCT04939649,Unipolar Depression,Depression
NCT04939649,Bipolar Depression,Depression
NCT06835855,Depression - Major Depressive Disorder,Depression
NCT04836533,Depression in Old Age,Depression
NCT04836533,Depression,Depression
NCT01396447,"Depression, Bipolar",Depression
NCT06766526,Depression - Major Depressive Disorder,Depression
NCT06766526,Anxiety,Anxiety
NCT04273685,Psychosis,Schizophrenia & psychosis
NCT03864484,Post-stroke Depression,Depression
NCT04524104,Depression,Depression
NCT04524104,Anxiety,Anxiety
NCT03961633,Depression,Depression
NCT03961633,Anxiety,Anxiety
NCT03961633,PTSD,PTSD
NCT03961633,Substance Use Disorders,Substance use
NCT01977326,Moderate Depression,Depression
NCT01977326,Clinical Depression,Depression
NCT01977326,Postpartum Depression,Depression
NCT01519193,Post-Traumatic Stress Disorder,PTSD
NCT04962321,Eating Disorders,Eating disorders
NCT04962321,"Depression, Anxiety",Depression
NCT01637584,Non PTSD,PTSD
NCT01637584,PTSD,PTSD
NCT04491149,Anxiety Acute,Anxiety
NCT05548244,Depression,Depression
NCT02523664,PTSD,PTSD
NCT06486064,Anxiety,Anxiety
NCT06486064,Depression,Depression
NCT06352463,Social Anxiety Disorder of Childhood,Anxiety
NCT01482806,Depression,Depression
NCT01482806,Generalized Anxiety Disorder,Anxiety
NCT01482806,Panic Disorder,Anxiety
NCT05087433,Anxiety,Anxiety
NCT02715349,Schizophrenia,Schizophrenia & psychosis
NCT04485455,Depression,Depression
NCT04587726,Eating Disorder Symptom,Eating disorders
NCT01912287,Generalized Anxiety Disorder,Anxiety
NCT06725147,Symptoms of Depression and Anxiety,Depression
NCT03544333,Schizophrenia,Schizophrenia & psychosis
NCT04125433,Substance Use Disorders,Substance use
NCT02185547,Moderate Depression,Depression
NCT05414058,Schizophrenia Schizoaffective,Schizophrenia & psychosis
NCT05440955,Schizophrenia,Schizophrenia & psychosis
NCT05440955,Psychotic Disorder,Schizophrenia & psychosis
NCT01762943,Postpartum Depression,Depression
NCT03229915,"Stress Disorders, Post-Traumatic",PTSD
NCT03400813,Post-Traumatic Stress Disorder,PTSD
NCT05436613,"Depression, Bipolar",Depression
NCT05436613,Bipolar Disorder,Bipolar disorder
NCT06929442,Psychotic Disorders,Schizophrenia & psychosis
NCT06929442,Anxiety Disorders,Anxiety
NCT03037905,Anxiety,Anxiety
NCT05965310,Depression,Depression
NCT01535846,Other Eating Disorders,Eating disorders
NCT07183969,Patients With Chronic Schizophrenia,Schizophrenia & psychosis
NCT04290754,Depression,Depression
NCT01626456,Schizophrenia,Schizophrenia & psychosis
NCT07246356,PTSD (Childbirth-Related),PTSD
NCT05455827,Depression,Depression
NCT07842627,Anxiety,Anxiety
NCT05491486,Schizophrenia Spectrum and Other Psychotic Disorders,Schizophrenia & psychosis
NCT00777205,Depression,Depression
NCT02615405,Major Depressive Disorder,Depression
NCT06437366,Substance Abuse,Substance use
NCT04052451,"Depression, Anxiety",Depression
NCT04386291,Generalized Anxiety,Anxiety
NCT04386291,Health Anxiety,Anxiety
NCT02744391,Major Depressive Disorder,Depression
NCT02744391,Dysthymia,Depression
NCT02744391,Depression Not Otherwise Specified,Depression
NCT04760418,PTSD,PTSD
NCT04760418,Opioid-use Disorder,Substance use
NCT04760418,Substance Use Disorders,Substance use
NCT01591720,Depression,Depression
NCT01591720,Anxiety Disorders,Anxiety
NCT04905524,"Depression, Anxiety",Depression
NCT06432959,Depression,Depression
NCT03153046,Schizophrenia,Schizophrenia & psychosis
NCT06692361,Major Depressive Disorder (MDD),Depression
NCT06692361,Depression - Major Depressive Disorder,Depression
NCT04117789,Major Depressive Disorder,Depression
NCT05648591,Schizophrenia,Schizophrenia & psychosis
NCT05648591,Bipolar I Disorder,Bipolar disorder
NCT04925596,Anxiety,Anxiety
NCT04015596,Anxiety Disorder,Anxiety
NCT04015596,Obsessive-Compulsive Disorder,OCD
NCT02269527,Anxiety,Anxiety
NCT02752542,Major Depressive Disorder,Depression
NCT02752542,Persistent Depressive Disorder,Depression
NCT01402570,Depression,Depression
NCT03078270,Anxiety Disorder Social,Anxiety
NCT03078270,Anxiety,Anxiety
NCT04490473,Anxiety,Anxiety
NCT04230668,Posttraumatic Stress Disorder,PTSD
NCT06876779,Social Anxiety Disorder (SAD),Anxiety
NCT06876779,Social Phobia,Anxiety
NCT05439603,Major Depressive Disorder,Depression
NCT05483842,Anxiety,Anxiety
NCT06998186,Anxiety,Anxiety
NCT07062783,Major Depression,Depression
NCT05634941,Depression,Depression
NCT05016388,Depression,Depression
NCT02761161,Post Traumatic Stress Disorder,PTSD
NCT02761161,Depression,Depression
NCT07526454,Major Depressive Disorder,Depression
NCT05857956,Anxiety,Anxiety
NCT01900522,Schizophrenia,Schizophrenia & psychosis
NCT06759402,Anorexia Nervosa,Eating disorders
NCT02968602,Schizophrenia,Schizophrenia & psychosis
NCT02391402,Posttraumatic Stress Disorder,PTSD
NCT01126918,Eating Disorders,Eating disorders
NCT03338413,Depression,Depression
NCT07667920,Anxiety,Anxiety
NCT03751020,Depression,Depression
NCT03751020,Substance Abuse,Substance use
NCT02843282,Bipolar Disorder,Bipolar disorder
NCT03079024,Schizophrenia,Schizophrenia & psychosis
NCT03079024,Psychosis,Schizophrenia & psychosis
NCT03079024,Schizoaffective Disorder,Schizophrenia & psychosis
NCT03079024,Schizophreniform Disorders,Schizophrenia & psychosis
NCT03079024,Psychosis NOS,Schizophrenia & psychosis
NCT03079024,Depression Psychotic Feature,Depression
NCT03079024,Bipolar Disorder With Psychotic Features,Bipolar disorder
NCT03079024,Unspecified Psychosis,Schizophrenia & psychosis
NCT02657941,Schizophrenia,Schizophrenia & psychosis
NCT07851168,Anxiety,Anxiety
NCT05533190,Anxiety,Anxiety
NCT05533190,Depressive Symptoms,Depression
NCT03372460,Post-Traumatic Stress Disorder,PTSD
NCT01201382,Depression,Depression
NCT02378896,Obsessive-Compulsive Disorder,OCD
NCT01559688,PTSD,PTSD
NCT02630888,Bipolar Disorder,Bipolar disorder
NCT03992027,Depression,Depression
NCT03992027,Anxiety,Anxiety
NCT04673370,"Depression, Anxiety",Depression
NCT03952494,Depression,Depression
NCT03953118,"Depression, Anxiety",Depression
NCT02114918,Obsessive Compulsive Disorder,OCD
NCT00837382,"Stress Disorders, Post-Traumatic",PTSD
NCT02807480,Generalized Anxiety Disorder,Anxiety
NCT03316196,Posttraumatic Stress Disorder,PTSD
NCT06424496,Postpartum Depression,Depression
NCT02452203,Anxiety,Anxiety
NCT04448327,Major Depressive Disorder,Depression
NCT07220486,Depression,Depression
NCT02966873,Post Traumatic Stress Disorder (PTSD),PTSD
NCT02966873,Addiction,Substance use
NCT02966873,Alcohol Abuse,Substance use
NCT07096154,Anxiety,Anxiety
NCT04177719,Schizophrenia,Schizophrenia & psychosis
NCT07437365,Schizophenia Disorder,Schizophrenia & psychosis
NCT03517111,Substance Use Disorders,Substance use
NCT05390034,Anxiety Depression,Depression
NCT06244121,OCD,OCD
NCT03895658,Unipolar Depression,Depression
NCT07370857,Anxiety,Anxiety
NCT05646212,Depression,Depression
NCT05646212,Opioid Use Disorder,Substance use
NCT06124430,Examination-Related Anxiety,Anxiety
NCT05703711,Psychosis,Schizophrenia & psychosis
NCT05703711,Mania,Bipolar disorder
NCT05703711,Depression,Depression
NCT05718271,Anxiety Disorder,Anxiety
NCT05771909,Anxiety Disorders,Anxiety
NCT02241863,Patients With Bipolar Disorders,Bipolar disorder
NCT03695614,Schizophrenia,Schizophrenia & psychosis
NCT03695614,Late Life Schizophrenia,Schizophrenia & psychosis
NCT06036316,Psychosis,Schizophrenia & psychosis
NCT06036316,Schizophrenia,Schizophrenia & psychosis
NCT02015806,Depression,Depression
NCT06026904,Depression,Depression
NCT07044752,Moderate Anxiety,Anxiety
NCT07177365,Generalized Anxiety Disorder (GAD),Anxiety
NCT07177365,Major Depressive Disorder (MDD),Depression
NCT05564663,Posttraumatic Stress Disorder,PTSD
NCT05564663,Alcohol Use Disorder,Substance use
NCT01655706,Major Depressive Disorder,Depression
NCT06138652,Anxiety,Anxiety
NCT07244484,Anxiety Disorders,Anxiety
NCT03948633,Immunisation Anxiety Related Reaction,Anxiety
NCT01453452,Anxiety Disorder,Anxiety
NCT01453452,Depression,Depression
NCT05444881,Depression,Depression
NCT05444881,Anxiety,Anxiety
NCT02386319,Anxiety,Anxiety
NCT07356765,Schizophrenia,Schizophrenia & psychosis
NCT07356765,Negative Symptoms of Schizophrenia,Schizophrenia & psychosis
NCT01878292,Major Depressive Disorder,Depression
NCT03837392,Post Partum Depression,Depression
NCT03837392,Perinatal Depression,Depression
NCT03837392,Post Partum Anxiety,Anxiety
NCT03837392,Perinatal Anxiety,Anxiety
NCT02413164,Schizophrenia,Schizophrenia & psychosis
NCT03498599,Post Traumatic Stress Disorder,PTSD
NCT03498599,Anxiety Disorders,Anxiety
NCT03498599,Panic Disorder,Anxiety
NCT03498599,Social Phobia,Anxiety
NCT03498599,Phobia,Anxiety
NCT03957798,Opioid Use,Substance use
NCT02408198,Schizophrenia-spectrum Diagnosis,Schizophrenia & psychosis
NCT01881763,Unipolar Depression,Depression
NCT01881763,Bipolar Depression,Depression
NCT04605393,Schizophrenia,Schizophrenia & psychosis
NCT04605393,Cannabis Use,Substance use
NCT04468893,Anxiety,Anxiety
NCT04468893,Depression,Depression
NCT06289621,Anxiety Disorders,Anxiety
NCT06289621,Post-traumatic Stress Disorder,PTSD
NCT07056816,Fear Anxiety,Anxiety
NCT05770947,Bulimia Nervosa,Eating disorders
NCT04037085,Postpartum Depression,Depression
NCT04037085,Opioid Use,Substance use
NCT06099301,Depressive Symptoms,Depression
NCT06099301,Anxiety,Anxiety
NCT05108701,Major Depressive Disorder,Depression
NCT03349528,Bipolar Depression,Depression
NCT05996900,Major Depressive Disorder,Depression
NCT07720336,Anxiety,Anxiety
NCT02009371,Depressive Episodes of Bipolar Disorder,Depression
NCT05783063,Schizophrenia,Schizophrenia & psychosis
NCT02724787,Chronic Post-Traumatic Stress Disorder,PTSD
NCT05925816,Depressive Symptoms,Depression
NCT07185438,Depression - Major Depressive Disorder,Depression
NCT03208400,Specific Phobia,Anxiety
NCT06042400,Anxiety,Anxiety
NCT06042400,Post-traumatic Stress Symptoms,PTSD
NCT05596799,Eating Disorders,Eating disorders
NCT05596799,Anorexia Nervosa,Eating disorders
NCT05596799,Anorexia Nervosa in Remission,Eating disorders
NCT05927987,Anxiety Disorders,Anxiety
NCT05927987,Depressive Disorder,Depression
NCT05212116,Depression in Remission,Depression
NCT06883916,Anxiety,Anxiety
NCT04901481,Generalized Anxiety Disorder,Anxiety
NCT03761030,Major Depressive Disorder,Depression
NCT03761030,Dysthymia,Depression
NCT03761030,Depression,Depression
NCT04931134,Panic Disorder,Anxiety
NCT04931134,Generalized Anxiety Disorder,Anxiety
NCT04931134,Social Anxiety Disorder,Anxiety
NCT07593521,Anxiety,Anxiety
NCT07593521,Depression Disorders,Depression
NCT05523414,Anxiety,Anxiety
NCT05025904,Depression Mild,Depression
NCT05025904,Depression Moderate,Depression
NCT04639752,Postpartum Depression,Depression
NCT02209142,Major Depressive Disorder,Depression
NCT02978742,Eating Disorder,Eating disorders
NCT02978742,Bulimia Nervosa,Eating disorders
NCT02978742,Binge Eating Disorder,Eating disorders
NCT06296927,Anxiety,Anxiety
NCT05668273,Anxiety,Anxiety
NCT03374605,Anxiety and Fear,Anxiety
NCT02077205,Anxiety Disorders,Anxiety
NCT06512194,Depression,Depression
NCT07493551,Schizophrenia,Schizophrenia & psychosis
NCT01157429,Posttraumatic Stress Disorder,PTSD
NCT01157429,PTSD,PTSD
NCT05811429,Depression,Depression
NCT04509531,Depression,Depression
NCT04509531,Social Anxiety,Anxiety
NCT04509531,Eating Disorders,Eating disorders
NCT05526131,Depression,Depression
NCT01443234,Depression,Depression
NCT05918887,Tobacco Dependence Caused by Cigarettes,Substance use
NCT07153406,Depressive Disorder,Depression
NCT04755933,Child Anxiety,Anxiety
NCT04755933,Parent Anxiety,Anxiety
NCT02800733,Patients With Mild to Moderate GAD,Anxiety
NCT04769999,Post Traumatic Stress Disorder,PTSD
NCT02320032,Schizophrenia,Schizophrenia & psychosis
NCT03310593,Bipolar Disorder,Bipolar disorder
NCT03310593,Bipolar Depression,Depression
NCT03310593,Bipolar Affective Disorder,Bipolar disorder
NCT03387033,Anxiety,Anxiety
NCT03387033,Depression,Depression
NCT06322849,Depression,Depression
NCT05902312,Major Depressive Disorder,Depression
NCT05109507,Depression,Depression
NCT05109507,Anxiety,Anxiety
NCT05695209,Depression,Depression
NCT02103621,Obsessive Compulsive Disorder,OCD
NCT06656416,Bipolar Disorder I or II With a Major Depressive Episode,Depression
NCT02285504,Postpartum Depression,Depression
NCT02801084,Anorexia Nervosa,Eating disorders
NCT04559633,Anxious School Refusal,Anxiety
NCT03845101,Social Anxiety Disorder,Anxiety
NCT03845101,Agoraphobia,Anxiety
NCT03010865,Schizophrenic Disorder,Schizophrenia & psychosis
NCT04795700,"Depression, Anxiety",Depression
NCT05168007,Schizophrenia,Schizophrenia & psychosis
NCT04198311,Alcohol Use Disorder,Substance use
NCT04198311,Substance Use Disorders,Substance use
NCT07615387,Major Depressive Disorder (MDD),Depression
NCT02124187,Tobacco Smoking in Depressed Patients,Depression
NCT02713516,Anxiety,Anxiety
NCT02713516,Obsessive Compulsive Disorder,OCD
NCT04288830,Post Traumatic Stress Disorder,PTSD
NCT01318434,Major Depressive Disorder,Depression
NCT04708834,Obsessive Compulsive Disorder,OCD
NCT06984198,PTSD - Post Traumatic Stress Disorder,PTSD
NCT01641263,Depression,Depression
NCT05643716,PTSD,PTSD
NCT04998773,"Resistant Depression, Treatment",Depression
NCT04998773,Bipolar Depression,Depression
NCT04230369,Anxiety,Anxiety
NCT04479683,Early Onset Anorexia Nervosa,Eating disorders
NCT01558154,Depression,Depression
NCT04747405,Anxiety,Anxiety
NCT04747405,Depression,Depression
NCT05089201,Depression,Depression
NCT05089201,Anxiety,Anxiety
NCT05892965,Depressive Symptoms,Depression
NCT05519267,Anxiety,Anxiety
NCT05519267,Depression,Depression
NCT05968534,Depression,Depression
NCT05968534,Posttraumatic Stress Symptom,PTSD
NCT02576899,Posttraumatic Stress Disorder,PTSD
NCT01504763,Anxiety,Anxiety
NCT01358487,Major Depression,Depression
NCT04250571,Test Anxiety,Anxiety
NCT04134871,Schizophrenia,Schizophrenia & psychosis
NCT04134871,Bipolar Disorder,Bipolar disorder
NCT04134871,Major Depression,Depression
NCT04134871,Psychosis,Schizophrenia & psychosis
NCT01760993,Schizophrenia,Schizophrenia & psychosis
NCT05032963,Schizophrenia,Schizophrenia & psychosis
NCT03055338,"Schizophrenia, Acute Episode",Schizophrenia & psychosis
NCT04925440,Depressive Symptoms,Depression
NCT04021017,Anorexia Nervosa,Eating disorders
NCT05057689,Acute Stress Disorder,PTSD
NCT05057689,Anxiety,Anxiety
NCT05705830,Anxiety Disorder,Anxiety
NCT05140707,Anxiety,Anxiety
NCT02720198,Major Depressive Disorder,Depression
NCT01333098,Anxiety Disorders,Anxiety
NCT05563363,Substance Use Disorders,Substance use
NCT01315587,Schizophrenia,Schizophrenia & psychosis
NCT06429514,Depression,Depression
NCT03301012,Substance Use Disorders,Substance use
NCT04503681,Anxiety,Anxiety
NCT02903030,Anxiety,Anxiety
NCT00801567,Bipolar Disorder,Bipolar disorder
NCT00801567,Schizophrenia,Schizophrenia & psychosis
NCT04037592,Treatment Resistant Depression,Depression
NCT04876521,Post-Schizophrenic Depression,Depression
NCT05788042,Anorexia Nervosa,Eating disorders
NCT02764983,Post Traumatic Stress Disorder (PTSD),PTSD
NCT03708341,Intensive Care Psychosis,Schizophrenia & psychosis
NCT03275766,Schizophrenia and Related Disorders,Schizophrenia & psychosis
NCT03275766,Major Depressive Disorder,Depression
NCT03484754,Major Depression,Depression
NCT02279251,Anxiety,Anxiety
NCT02938351,Depression,Depression
NCT04442529,Postpartum Depression,Depression
NCT04442529,Anxiety,Anxiety
NCT04782570,Phobia,Anxiety
NCT03342872,Substance Use Disorders,Substance use
NCT06341972,Anxiety,Anxiety
NCT07325695,Anxiety,Anxiety
NCT02091856,Mild - Major Depression,Depression
NCT04928053,"Social Cognition of Schizophrenia, Bipolas or Depressed Patients",Depression
NCT02535572,Depression,Depression
NCT02561572,Anxiety,Anxiety
NCT06001372,Depression,Depression
NCT06001372,Anxiety,Anxiety
NCT04118972,Eating Disorder Symptom,Eating disorders
NCT03998501,"Stress Disorders, Post-Traumatic",PTSD
NCT03831139,Depressive Symptoms,Depression
NCT05482646,Depressive Symptoms,Depression
NCT01323205,Schizophrenia,Schizophrenia & psychosis
NCT06388551,Hallucinations and Delusions Associated With Alzheimer's Disease Psychosis,Schizophrenia & psychosis
NCT06388551,Hallucinations and Delusions Associated With Parkinson Disease Psychosis,Schizophrenia & psychosis
NCT06388551,Negative Symptoms of Schizophrenia,Schizophrenia & psychosis
NCT01072929,Depression,Depression
NCT05552053,Depression,Depression
NCT05552053,"Depression, Postpartum",Depression
NCT05552053,Perinatal Depression,Depression
NCT05552053,Anxiety,Anxiety
NCT05552053,Anxiety in Pregnancy,Anxiety
NCT03505437,Specific Phobia,Anxiety
NCT04466345,Major Depressive Disorder,Depression
NCT05962879,Anxiety Disorders,Anxiety
NCT05962879,Psychotic Disorders,Schizophrenia & psychosis
NCT05962879,Depressive Disorder,Depression
NCT07478796,Depression - Major Depressive Disorder,Depression
NCT07478796,Depressive Episodes,Depression
NCT03693105,Major Depressive Disorder,Depression
NCT03693105,Major Depressive Episode,Depression
NCT05708066,Anxiety,Anxiety
NCT03420456,Generalized Anxiety Disorder,Anxiety
NCT05430022,Depression,Depression
NCT05254405,Post-Traumatic Stress Disorder,PTSD
NCT06585631,Substance Use Disorders,Substance use
NCT06585631,Substance Use,Substance use
NCT04935931,Eating Disorders,Eating disorders
NCT04935931,Binge Eating,Eating disorders
NCT04935931,Purging (Eating Disorders),Eating disorders
NCT02969369,Parkinson Disease Psychosis,Schizophrenia & psychosis
NCT03434041,"Depressive Disorder, Treatment-Resistant",Depression
NCT06461637,"Depression, Anxiety",Depression
NCT03079895,Depression,Depression
NCT07255339,Anxiety,Anxiety
NCT05756205,Anxiety Depression,Depression
NCT01039766,"Stress Disorders, Post-Traumatic",PTSD
NCT04203056,Schizophrenia,Schizophrenia & psychosis
NCT04203056,"Schizoaffective Disorder, Depressive Type",Depression
NCT04203056,Schizophreniform Disorder,Schizophrenia & psychosis
NCT03003156,Schizophrenia,Schizophrenia & psychosis
NCT04077437,Posttraumatic Stress Disorder,PTSD
NCT07513831,Depressive Symptoms,Depression
NCT03855553,Anorexia Nervosa/Bulimia,Eating disorders
NCT03855553,Anorexia Nervosa Restricting Type,Eating disorders
NCT03855553,Eating Disorders in Adolescence,Eating disorders
NCT01104779,Schizophrenia,Schizophrenia & psychosis
NCT02281773,Schizophrenia,Schizophrenia & psychosis
NCT03350594,Anorexia Nervosa,Eating disorders
NCT02202694,Psychosis,Schizophrenia & psychosis
NCT04430556,Major Depressive Disorder,Depression
NCT04430556,Anxiety Disorders,Anxiety
NCT02766751,Depression,Depression
NCT01626872,Schizophrenia,Schizophrenia & psychosis
NCT04322968,PTSD,PTSD
NCT02538497,"Depression, Postpartum",Depression
NCT07290127,Post-traumatic Stress Disorder (PTSD),PTSD
NCT07177261,Schizophrenia Disorder,Schizophrenia & psychosis
NCT07816861,Anxiety,Anxiety
NCT06508450,Psychosis,Schizophrenia & psychosis
NCT06508450,Bipolar and Related Disorders,Bipolar disorder
NCT06508450,Depressive Disorder,Depression
NCT06598410,Anxiety,Anxiety
NCT02621983,Schizophrenia,Schizophrenia & psychosis
NCT06199050,Anxiety,Anxiety
NCT04064320,Anxiety,Anxiety
NCT03555396,Substance Use Disorders,Substance use
NCT04950088,Separation Anxiety,Anxiety
NCT04950088,Anxiety,Anxiety
NCT04950088,"Anxiety, Separation",Anxiety
NCT04950088,Anxiety Generalized,Anxiety
NCT01947803,Schizophrenia,Schizophrenia & psychosis
NCT02705261,Anxiety Disorders,Anxiety
NCT07114874,Schizophrenia,Schizophrenia & psychosis
NCT05932810,Depression,Depression
NCT05932810,Depressive Symptoms,Depression
NCT01246310,Depression,Depression
NCT06381180,Post Traumatic Stress Disorder,PTSD
NCT06381180,Cannabis Use,Substance use
NCT02158546,Major Depressive Disorder,Depression
NCT06669442,Post Traumatic Stress Disorder PTSD,PTSD
NCT06817473,Computerized Anxiety Sensitivity Treatment,Anxiety
NCT03932760,Perinatal Depression,Depression
NCT03119597,Depression,Depression
NCT05397613,Posttraumatic Stress Disorder,PTSD
NCT05735860,Music Performance Anxiety,Anxiety
NCT01583296,Panic Disorder,Anxiety
NCT02624596,Obsessive-Compulsive Disorder,OCD
NCT03645096,Major Depressive Disorder,Depression
NCT02240446,Schizophrenia,Schizophrenia & psychosis
NCT03551288,Major Depressive Disorder,Depression
NCT06677723,Depressive Symptoms,Depression
NCT06245096,Depression,Depression
NCT01712646,Childhood Onset Psychotic Disorders,Schizophrenia & psychosis
NCT01712646,Schizophrenia,Schizophrenia & psychosis
NCT01928446,Depressive Disorder,Depression
NCT01928446,Bipolar Disorder,Bipolar disorder
NCT06779903,Postpartum Depression,Depression
NCT04610697,Psychotic Disorders,Schizophrenia & psychosis
NCT04610697,Substance Use Disorders,Substance use
NCT04610697,Anxiety,Anxiety
NCT04610697,Depression,Depression
NCT04610697,Schizophrenia,Schizophrenia & psychosis
NCT03902613,Bipolar Depression,Depression
NCT04086160,Schizophrenia,Schizophrenia & psychosis
NCT04086160,Psychosis,Schizophrenia & psychosis
NCT01031979,Post-Traumatic Stress Disorder,PTSD
NCT04036396,Substance Use Disorders,Substance use
NCT02407288,Obsessive-Compulsive Disorder,OCD
NCT04604574,Substance Use Disorders,Substance use
NCT04604574,Post-Traumatic Stress Disorder,PTSD
NCT05477420,Depression,Depression
NCT05236959,Major Depressive Disorder,Depression
NCT02709161,Major Depressive Disorder,Depression
NCT03233542,Panic Disorder,Anxiety
NCT03788759,Schizophrenia,Schizophrenia & psychosis
NCT03310827,Depression,Depression
NCT02771886,Substance Use,Substance use
NCT02247570,Post Traumatic Stress Disorder PTSD,PTSD
NCT02615483,Anxiety,Anxiety
NCT02615483,Depression,Depression
NCT02922166,Anxiety,Anxiety
NCT03303456,Psychosis,Schizophrenia & psychosis
NCT03303456,Clinical High Risk for Psychosis,Schizophrenia & psychosis
NCT06215456,Anxiety,Anxiety
NCT06215456,Anxiety State,Anxiety
NCT01962753,Major Depression,Depression
NCT06308653,"Depressive Disorder, Major",Depression
NCT05553353,Depression,Depression
NCT05553353,"Depressive Disorder, Major",Depression
NCT05645445,Anxiety,Anxiety
NCT02943577,"Depressive Disorder, Major",Depression
NCT06252701,Depression,Depression
NCT06252701,Major Depressive Disorder,Depression
NCT03304301,Depression in Old Age,Depression
NCT01022203,"Stress Disorders, Post-Traumatic",PTSD
NCT03309475,Schizophrenia and Disorders With Psychotic Features,Schizophrenia & psychosis
NCT03309475,Psychotic Episode,Schizophrenia & psychosis
NCT06765057,Depression Anxiety Disorder,Depression
NCT02566356,Schizophrenia,Schizophrenia & psychosis
NCT01493622,Schizophrenia,Schizophrenia & psychosis
NCT06876129,Depression,Depression
NCT04907045,Drug Use Disorders,Substance use
NCT02597439,Ultra High Risk for Psychosis,Schizophrenia & psychosis
NCT04840173,Depressive Symptoms,Depression
NCT06979154,Antenatal Depression,Depression
NCT06979154,Major Depressive Disorder,Depression
NCT06979154,Major Depressive Disorder in Pregnancy,Depression
NCT02156531,Anxiety,Anxiety
NCT05712772,Depression in Adolescence,Depression
NCT05712772,Depression in Adults,Depression
NCT04846777,Generalized Anxiety Disorder,Anxiety
NCT03437928,Major Depressive Disorder,Depression
NCT05757128,Psychosis,Schizophrenia & psychosis
NCT01733654,Depression,Depression
NCT01733654,Major Depressive Disorder,Depression
NCT05815966,Anxiety,Anxiety
NCT07335666,Procedure-Related Anxiety,Anxiety
NCT05837351,Depression,Depression
NCT05837351,Anxiety,Anxiety
NCT05837351,Major Depressive Disorder,Depression
NCT05837351,Bipolar Disorder,Bipolar disorder
NCT07456631,Social Anxiety Disorder (SAD),Anxiety
NCT04626102,Eating Disorders,Eating disorders
NCT06070402,Depression,Depression
NCT06070402,Anxiety,Anxiety
NCT05098353,Bipolar Affective Disorder,Bipolar disorder
NCT04998045,Substance Use,Substance use
NCT04998045,Substance Use Disorders,Substance use
NCT02647437,Schizophrenia,Schizophrenia & psychosis
NCT04777357,Depression,Depression
NCT04777357,Bipolar I Disorder,Bipolar disorder
NCT01354353,Schizophrenia,Schizophrenia & psychosis
NCT06439329,Substance Use Disorders,Substance use
NCT07011953,Schizophrenia,Schizophrenia & psychosis
NCT05831072,Depression in Adolescence,Depression
NCT02378272,Depression,Depression
NCT06678672,Tobacco Use Disorder,Substance use
NCT06678672,Substance Use Disorder (SUD),Substance use
NCT06467695,Depressive Symptoms,Depression
NCT03553745,Mild Depression,Depression
NCT03336112,Cardiac Anxiety,Anxiety
NCT05703412,Bipolar Disorder,Bipolar disorder
NCT05703412,Major Depression,Depression
NCT05703412,Schizophrenia,Schizophrenia & psychosis
NCT06586619,Depressive Symptoms,Depression
NCT05741502,Treatment-resistant Schizophrenia,Schizophrenia & psychosis
NCT01136772,Schizophrenia,Schizophrenia & psychosis
NCT01136772,Schizoaffective Disorder,Schizophrenia & psychosis
NCT04386330,Post Traumatic Stress Disorder,PTSD
NCT04386330,Post Traumatic Stress Injury,PTSD
NCT03593772,PTSD,PTSD
NCT02480257,Depression,Depression
NCT02480257,Anxiety,Anxiety
NCT04790201,Depression,Depression
NCT04790201,Anxiety,Anxiety
NCT04790201,Opioid-use Disorder,Substance use
NCT04790201,Opioid Dependence,Substance use
NCT02054312,Depressive Disorders,Depression
NCT06673030,Anxiety,Anxiety
NCT06781593,Major Depression,Depression
NCT05867849,Bipolar Disorder,Bipolar disorder
NCT01683058,Schizophrenia,Schizophrenia & psychosis
NCT03554655,"Schizophrenia, Schizotypal and Delusional Disorders",Schizophrenia & psychosis
NCT01903655,Depressive Disorder,Depression
NCT04125355,Anxiety,Anxiety
NCT01693978,Posttraumatic Stress Disorder,PTSD
NCT01693978,Substance Use Disorder,Substance use
NCT03963843,Anxiety,Anxiety
NCT03963843,Depression,Depression
NCT04034576,Depressive Disorder,Depression
NCT04034576,Anxiety Disorder,Anxiety
NCT01906476,Depression,Depression
NCT01554176,"Major Depressive Disorder, Recurrent",Depression
NCT05182476,Schizophrenia,Schizophrenia & psychosis
NCT05117632,Major Depressive Disorder,Depression
NCT05117632,Post Traumatic Stress Disorder,PTSD
NCT01563016,Schizophrenia,Schizophrenia & psychosis
NCT04776304,Post-Traumatic Headache,PTSD
NCT04776304,PTSD,PTSD
NCT04776304,Posttraumatic Stress Disorder,PTSD
NCT04776304,"Posttraumatic Stress Disorder, Delayed Onset",PTSD
NCT04776304,Eating Disorders,Eating disorders
NCT06661304,Anxiety,Anxiety
NCT01492452,Anxiety,Anxiety
NCT03736538,Major Depressive Disorder,Depression
NCT03736538,Depression,Depression
NCT02429778,Anxiety Disorders,Anxiety
NCT06179108,Schizophrenia,Schizophrenia & psychosis
NCT02969876,Depressive Disorder,Depression
NCT02969876,Major Depression,Depression
NCT02969876,Depression,Depression
NCT02969876,"Depression, Unipolar",Depression
NCT01707576,Depression,Depression
NCT02602340,Depression,Depression
NCT06647589,Obsessive-Compulsive Disorder (OCD),OCD
NCT02298764,PTSD,PTSD
NCT06023732,Depression,Depression
NCT06853587,Anxiety and Depression,Depression
NCT01125358,Schizophrenia,Schizophrenia & psychosis
NCT03712748,Eating Disorder,Eating disorders
NCT03712748,Anorexia Nervosa,Eating disorders
NCT03712748,Bulimia Nervosa,Eating disorders
NCT03712748,Binge-Eating Disorder,Eating disorders
NCT06858215,Depression,Depression
NCT03538535,Depression,Depression
NCT03538535,Anxiety,Anxiety
NCT01591408,PTSD,PTSD
NCT01591408,Anxiety,Anxiety
NCT03830476,"Depression, Anxiety",Depression
NCT01704352,Bipolar Disorder,Bipolar disorder
NCT01940549,Post-traumatic Stress Disorder (PTSD),PTSD
NCT06486948,Schizophrenia,Schizophrenia & psychosis
NCT05044455,Postpartum Depression,Depression
NCT05243615,Depression,Depression
NCT05243615,Anxiety,Anxiety
NCT07324408,Depression,Depression
NCT03860389,Anxiety,Anxiety
NCT03224468,Depression,Depression
NCT03224468,Anxiety,Anxiety
NCT06817993,Depression,Depression
NCT01877447,MAjor Depressive Disorder,Depression
NCT01109147,"Schizophrenia, Undifferentiated Type",Schizophrenia & psychosis
NCT05294848,PTSD,PTSD
NCT05294848,Depression,Depression
NCT05294848,Anxiety Disorders,Anxiety
NCT05258578,Eating Disorders,Eating disorders
NCT02487485,Depression,Depression
NCT05290285,Anorexia Nervosa,Eating disorders
NCT05529576,Major Depressive Disorder,Depression
NCT05529576,Bipolar Disorder,Bipolar disorder
NCT04912089,Anxiety Disorders,Anxiety
NCT04912089,Depression,Depression
NCT04912089,Posttraumatic Stress Disorder,PTSD
NCT01144104,Depression,Depression
NCT06154655,Perinatal Depression,Depression
NCT05963308,Depression Anxiety Disorder,Depression
NCT05963308,Adjustment Disorder With Anxious Mood,Anxiety
NCT05963308,Adjustment Disorder With Depressed Mood,Depression
NCT02945735,"Depression, Unipolar",Depression
NCT02945735,Depressive Disorder,Depression
NCT02945735,"Depressive Disorder, Major",Depression
NCT06860958,"Depressive Disorder, Major",Depression
NCT04366258,Major Depressive Disorder,Depression
NCT05858255,Schizophrenia; Psychosis,Schizophrenia & psychosis
NCT04030143,Schizophrenia,Schizophrenia & psychosis
NCT04030143,Bipolar I Disorder,Bipolar disorder
NCT04383691,Bipolar I Depression,Depression
NCT01216891,Schizophrenia,Schizophrenia & psychosis
NCT01216891,Schizoaffective Disorder,Schizophrenia & psychosis
NCT01216891,Schizophreniform Disorder,Schizophrenia & psychosis
NCT01216891,Psychosis,Schizophrenia & psychosis
NCT02369393,Major Depressive Disorder,Depression
NCT05356949,Depression,Depression
NCT05356949,Anxiety,Anxiety
NCT05909878,Anxiety,Anxiety
NCT01141608,Stimulant Abuse and Dependence,Substance use
NCT05610917,Geriatric Depression,Depression
NCT06085950,Treatment Resistant Depression,Depression
NCT03659591,Anxiety Symptoms,Anxiety
NCT03659591,Depressive Symptoms,Depression
NCT06038721,Anxiety Disorder,Anxiety
NCT06038721,Depressive Disorder,Depression
NCT03507647,Bipolar Disorder,Bipolar disorder
NCT02152878,"Depression, Bipolar",Depression
NCT01911585,Posttraumatic Stress Disorder,PTSD
NCT01911585,PTSD,PTSD
NCT06262178,PTSD,PTSD
NCT06262178,Depression,Depression
NCT05336734,Test Anxiety,Anxiety
NCT02219009,Schizophrenia,Schizophrenia & psychosis
NCT05546216,Anxiety,Anxiety
NCT04729504,Anxiety Disorders,Anxiety
NCT03191058,Depression,Depression
NCT03191058,Unipolar Depression,Depression
NCT03191058,Treatment Resistant Depression,Depression
NCT03848858,PTSD,PTSD
NCT06192498,Anxiety,Anxiety
NCT02727998,Posttraumatic Stress Disorder,PTSD
NCT02659787,Depression,Depression
NCT02087293,Depression,Depression
NCT05497414,Major Depression,Depression
NCT05188248,Depression,Depression
NCT06095778,MDD,Depression
NCT06095778,Major Depressive Disorder,Depression
NCT06095778,Treatment Resistant Depression,Depression
NCT03409809,Eating Disorder,Eating disorders
NCT04998721,"Depression, Postpartum",Depression
NCT04998721,Anxiety,Anxiety
NCT01492738,Anxiety,Anxiety
NCT04687085,Anxiety,Anxiety
NCT05820308,Depression,Depression
NCT05820308,Anxiety,Anxiety
NCT01606852,Anxiety,Anxiety
NCT02622633,Major Depression,Depression
NCT07530952,"Depression, Mild or Moderate",Depression
NCT05099926,Fear Anxiety,Anxiety
NCT07066371,Anxiety,Anxiety
NCT05026411,Eating Disorders,Eating disorders
NCT05197309,Anorexia Nervosa,Eating disorders
NCT05988333,"Depressive Disorder, Major",Depression
NCT06276647,Postpartum Depression,Depression
NCT06734858,Post-traumatic Stress Disorder,PTSD
NCT02214667,Co-occurring Mental and Substance Use Disorders,Substance use
NCT03304600,Obsessive-Compulsive Disorder,OCD
NCT05510804,Anxiety,Anxiety
NCT05510804,Social Phobia,Anxiety
NCT05510804,Panic Disorder,Anxiety
NCT05510804,Agoraphobia,Anxiety
NCT02361684,Major Depressive Disorder,Depression
NCT02905604,Schizophrenia,Schizophrenia & psychosis
NCT02905604,Depression,Depression
NCT02905604,Anhedonia,Depression
NCT05517304,"Stress Disorders, Post-Traumatic",PTSD
NCT06250933,Postpartum Depression,Depression
NCT03962426,Psychosis,Schizophrenia & psychosis
NCT05507385,Depression,Depression
NCT05507385,Anhedonia,Depression
NCT05693935,Schizophrenia,Schizophrenia & psychosis
NCT03687658,Binge Eating,Eating disorders
NCT05866185,Anxiety,Anxiety
NCT05866185,Depression,Depression
NCT05866185,Depression/Anxiety,Depression
NCT03533608,PTSD,PTSD
NCT06395376,"Depression, Anxiety",Depression
NCT04700917,Anxiety,Anxiety
NCT04700917,Depression,Depression
NCT03107221,Anorexia Nervosa,Eating disorders
NCT03107221,Bulimia Nervosa,Eating disorders
NCT03107221,Binge Eating Disorder,Eating disorders
NCT03107221,Other Specified Feeding or Eating Disorder,Eating disorders
NCT07136584,Depression and Burden in Caregivers,Depression
NCT07136584,Anxiety Depression,Depression
NCT07136584,Caregiver Anxiety,Anxiety
NCT03034343,Depressive Disorder,Depression
NCT04126564,"Depression, Anxiety",Depression
NCT07275034,Subthreshold Depression,Depression
NCT05720793,Obsessive-Compulsive Disorder,OCD
NCT05471921,Alcohol and Substance-Related Mental Disorders,Substance use
NCT04210804,Bipolar Depression,Depression
NCT02089984,Anxiety Disorders,Anxiety
NCT02089984,Obsessive Compulsive Disorder,OCD
NCT02089984,PTSD,PTSD
NCT06582433,Menopausal Depression,Depression
NCT02765555,Schizophrenia,Schizophrenia & psychosis
NCT03433625,Generalized Anxiety Disorder,Anxiety
NCT07047534,Depression,Depression
NCT07250893,Depression - Major Depressive Disorder,Depression
NCT05125406,"Depression, Anxiety",Depression
NCT05125406,PTSD,PTSD
NCT04012684,Schizophrenia,Schizophrenia & psychosis
NCT07737652,Depression,Depression
NCT07737652,Anxiety,Anxiety
NCT07737652,Substance Use Disorder (SUD),Substance use
NCT07737652,Post Traumatic Stress Disorder,PTSD
NCT07083843,Anxiety,Anxiety
NCT07083843,Depression,Depression
NCT03959735,Major Depressive Disorder,Depression
NCT03959735,Bipolar Disorder,Bipolar disorder
NCT03959735,Schizophrenia,Schizophrenia & psychosis
NCT05911334,Bulimia Nervosa,Eating disorders
NCT05911334,Anorexia Nervosa,Eating disorders
NCT05911334,Binge-Eating Disorder,Eating disorders
NCT05911334,Avoidant/Restrictive Food Intake Disorder,Eating disorders
NCT06854549,"Effects of Parent-Child Reading on Preterm Infant Stability, Parental Anxiety, and Parent-Child Attachment",Anxiety
NCT01913535,Treatment Resistant Depression,Depression
NCT01117532,Depression,Depression
NCT05212714,"Stress Disorders, Post-Traumatic",PTSD
NCT01835847,Depression,Depression
NCT05992649,Post Traumatic Stress Disorder,PTSD
NCT05278455,Generalised Anxiety Disorder,Anxiety
NCT02208726,Anxiety,Anxiety
NCT01942785,Major Depressive Disorder,Depression
NCT05463835,Anxiety,Anxiety
NCT07369544,Anxiety,Anxiety
NCT05484999,Postpartum Depression,Depression
NCT05484999,Postpartum Anxiety,Anxiety
NCT04365621,Psychosis,Schizophrenia & psychosis
NCT07344233,Opioid Use Disorder,Substance use
NCT07344233,Substance Use Disorder,Substance use
NCT07344233,Heroin Use Disorder,Substance use
NCT06417047,Pain and Anxiety,Anxiety
NCT05514964,Anxiety Disorders,Anxiety
NCT05514964,Depression,Depression
NCT02764164,Schizophrenia,Schizophrenia & psychosis
NCT04623099,Anxiety,Anxiety
NCT02738944,Bipolar Disorder,Bipolar disorder
NCT02738944,Posttraumatic Stress Disorder,PTSD
NCT04124744,Schizophrenia,Schizophrenia & psychosis
NCT04124744,Bipolar Disorder,Bipolar disorder
NCT04124744,Major Depressive Disorder,Depression
NCT04631887,Depressive Symptoms,Depression
NCT04303533,PTSD,PTSD
NCT02322047,Alcohol Use Disorder,Substance use
NCT02322047,Posttraumatic Stress Disorder (PTSD),PTSD
NCT04582058,Anxiety Disorders,Anxiety
NCT04582058,Depressive Disorder,Depression
NCT04417309,PTSD,PTSD
NCT06358898,Depression,Depression
NCT04152421,Depression,Depression
NCT02649114,Eating Disorders,Eating disorders
NCT02649114,"Stress Disorders, Post-traumatic",PTSD
NCT02505984,"Depression, Postpartum",Depression
NCT02505984,Anxiety,Anxiety
NCT04185233,Anxiety,Anxiety
NCT03769233,Depressive Symptoms,Depression
NCT03769233,Anxious Symptoms,Anxiety
NCT05764785,Anxiety,Anxiety
NCT05764785,Depression,Depression
NCT06882434,Depression Disorders,Depression
NCT06190964,Anxiety,Anxiety
NCT07000799,Anxiety and Depression,Depression
NCT06051721,Generalized Anxiety Disorder,Anxiety
NCT05957484,Schizophrenia,Schizophrenia & psychosis
NCT06371352,Unipolar Depression,Depression
NCT06371352,Bipolar Disorder,Bipolar disorder
NCT05028738,Major Depressive Episode,Depression
NCT05028738,Major Depressive Disorder,Depression
NCT02045225,Social Anxiety,Anxiety
NCT02045225,Substance Use,Substance use
NCT05451589,Depressive Symptoms,Depression
NCT05451589,Anxiety,Anxiety
NCT03967418,Behavioral Addiction,Substance use
NCT05514574,Anxiety,Anxiety
NCT05838274,Bipolar Disorder,Bipolar disorder
NCT05838274,Alcohol Use Disorder,Substance use
NCT07449013,Anxiety,Anxiety
NCT06487182,Anxiety,Anxiety
NCT05047159,"Depressive Disorder, Major",Depression
NCT05159726,Postpartum Depression,Depression
NCT03229525,Post Traumatic Stress Disorder,PTSD
NCT01299389,Schizophrenia,Schizophrenia & psychosis
NCT04597450,PTSD,PTSD
NCT04708691,Depression,Depression
NCT03872310,Schizophrenia,Schizophrenia & psychosis
NCT03543410,Depressive Episode,Depression
NCT03543410,Bipolar 1 Depression,Depression
NCT07101120,Major Depressive Disorder (MDD),Depression
NCT02187224,Alcohol Dependence,Substance use
NCT02187224,Post-Traumatic Stress Disorder (PTSD),PTSD
NCT05033223,Post Traumatic Stress Disorder,PTSD
NCT04489082,Refractory Depression,Depression
NCT04489082,Anxiety Disorders,Anxiety
NCT05999578,Anxiety,Anxiety
NCT02018185,Obsessive Compulsive Disorder,OCD
NCT02477280,Substance Use Disorder,Substance use
NCT04057378,"Depressive Disorder, Major",Depression
NCT04057378,"Depression, Bipolar",Depression
NCT05842278,Moderate Depression,Depression
NCT05842278,Major Depressive Disorder,Depression
NCT05842278,Severe Depression,Depression
NCT05253417,Insomnia Due to Anxiety and Fear,Anxiety
NCT01520350,Bipolar Disorder,Bipolar disorder
NCT01520350,Depressive Episode,Depression
NCT06663891,Late Life Depression,Depression
NCT03676491,Depression,Depression
NCT06740890,Schizophenia Disorder,Schizophrenia & psychosis
NCT06740890,Schizoaffective Disorder,Schizophrenia & psychosis
NCT06740890,Bipolar Disorder I or II,Bipolar disorder
NCT06740890,Bipolar Disorder NOS,Bipolar disorder
NCT07653035,Anxiety Depression,Depression
NCT01962350,Bipolar Depression,Depression
NCT03769350,Major Depressive Disorder,Depression
NCT05145582,Depression,Depression
NCT05145582,Anxiety,Anxiety
NCT05145582,"Stress Disorders, Post-Traumatic",PTSD
NCT02922725,Major Depressive Disorder,Depression
NCT01838889,"Depression, Postpartum",Depression
NCT01838889,Postnatal Depression in British South Asian Women,Depression
NCT06047691,Posttraumatic Stress Disorder,PTSD
NCT06045897,Psychotic Disorders,Schizophrenia & psychosis
NCT06045897,Major Depressive Disorder,Depression
NCT06045897,Schizophrenia,Schizophrenia & psychosis
NCT01601210,Major Depressive Disorder,Depression
NCT05799560,Anxiety,Anxiety
NCT03689179,Anxiety,Anxiety
NCT07058389,Schizoaffective Disorder,Schizophrenia & psychosis
NCT04763889,Anxiety,Anxiety
NCT03669250,Schizophrenia,Schizophrenia & psychosis
NCT01701791,Depression,Depression
NCT01512290,Schizophrenia,Schizophrenia & psychosis
NCT01512290,Psychotic Disorders,Schizophrenia & psychosis
NCT01680224,Eating Disorders,Eating disorders
NCT01876524,Substance Use Disorder,Substance use
NCT01876524,Bipolar Disorder,Bipolar disorder
NCT01876524,Schizophrenia,Schizophrenia & psychosis
NCT01542008,Bipolar Disorder,Bipolar disorder
NCT01764568,Psychosis,Schizophrenia & psychosis
NCT01764568,Schizophrenia,Schizophrenia & psychosis
NCT01764568,Schizoaffective Disorder,Schizophrenia & psychosis
NCT01764568,Schizophreniform Disorder,Schizophrenia & psychosis
NCT03609450,Depression,Depression
NCT03609450,Anxiety Disorders,Anxiety
NCT06874491,Fear Anxiety,Anxiety
NCT02492074,Modeling Psychosis,Schizophrenia & psychosis
NCT01611818,Depression,Depression
NCT05930990,Anxiety,Anxiety
NCT01412060,Schizophrenia,Schizophrenia & psychosis
NCT05718479,Perinatal Depression,Depression
NCT04529226,Psychosis,Schizophrenia & psychosis
NCT02953626,Depression,Depression
NCT07194278,Bipolar 1 Disorder,Bipolar disorder
NCT05996913,Post-traumatic Stress Disorder,PTSD
NCT05296720,Schizophrenia,Schizophrenia & psychosis
NCT06689878,Anxiety,Anxiety
NCT06689878,Depression,Depression
NCT03265808,Major Depressive Disorder,Depression
NCT03265808,Alcohol Use Disorder,Substance use
NCT05699525,Anxiety Disorders and Symptoms,Anxiety
NCT05699525,Depression,Depression
NCT05699525,Bipolar Disorder,Bipolar disorder
NCT04321525,Depression,Depression
NCT05976776,Anxiety,Anxiety
NCT06806176,Anxiety,Anxiety
NCT06806176,Depression,Depression
NCT07247968,Depression,Depression
NCT04586868,Psychotic Disorders,Schizophrenia & psychosis
NCT02150174,Schizophrenia,Schizophrenia & psychosis
NCT04163497,PTSD,PTSD
NCT04163497,Anxiety Symptoms,Anxiety
NCT04163497,Depressive Symptoms,Depression
NCT04544124,Methamphetamine,Substance use
NCT04544124,Methamphetamine Abuse,Substance use
NCT04544124,Methamphetamine-dependence,Substance use
NCT04544124,Substance Use,Substance use
NCT04544124,Substance Abuse,Substance use
NCT04544124,Substance Use Disorders,Substance use
NCT07085923,Schizophrenia and Schizophrenia Spectrum Psychosis,Schizophrenia & psychosis
NCT07085923,Bipolar Disease Type I,Bipolar disorder
NCT03485391,"Stress Disorders, Post-Traumatic",PTSD
NCT03485391,Anxiety Disorders,Anxiety
NCT05710991,Perinatal Anxiety,Anxiety
NCT05710991,Perinatal Depression,Depression
NCT03955718,Maternal Depression,Depression
NCT04076124,Treatment Resistant Depression,Depression
NCT03421080,Depression,Depression
NCT03576976,Schizophrenia,Schizophrenia & psychosis
NCT03576976,Schizoaffective Disorder,Schizophrenia & psychosis
NCT04971668,Anxiety,Anxiety
NCT01784250,Anxiety,Anxiety
NCT06700590,PTSD - Post Traumatic Stress Disorder,PTSD
NCT05064813,Generalized Anxiety Disorder,Anxiety
NCT02191423,Postpartum Depression,Depression
NCT06183359,Major Depressive Disorder,Depression
NCT03595579,Major Depressive Disorder,Depression
NCT05055674,Postpartum Depression,Depression
NCT04977674,"Depressive Disorder, Treatment-Resistant",Depression
NCT07109960,Anxiety,Anxiety
NCT01959620,Posttraumatic Stress Disorder,PTSD
NCT04562324,Anxiety Disorder,Anxiety
NCT03887624,"Depressive Disorder, Treatment-Resistant",Depression
NCT04195308,Treatment Resistant Depression,Depression
NCT05931913,Obsessive-Compulsive Disorder,OCD
NCT03913013,Bipolar Disorder,Bipolar disorder
NCT03913013,Major Depression,Depression
NCT02553824,Binge Eating Disorder,Eating disorders
NCT02553824,Bulimia Nervosa,Eating disorders
NCT05240924,Obsessive Compulsive Disorder (OCD),OCD
NCT05240924,Comorbid Post-Traumatic Stress Disorder and OCD,OCD
NCT02791724,Depression,Depression
NCT03844659,Anxiety,Anxiety
NCT01854346,Anxiety,Anxiety
NCT01854346,Depression,Depression
NCT07043803,Schizophenia Disorder,Schizophrenia & psychosis
NCT07043803,Schizoaffective Disorder,Schizophrenia & psychosis
NCT07043803,Bipolar Disorder,Bipolar disorder
NCT05561933,Anxiety,Anxiety
NCT05561933,Depression,Depression
NCT07026838,"Depression, Anxiety",Depression
NCT02765048,PTSD,PTSD
NCT02765048,Depression,Depression
NCT01740726,Major Depressive Disorder,Depression
NCT07757243,Perinatal Anxiety,Anxiety
NCT02023008,Anxiety Disorder,Anxiety
NCT02023008,Depression,Depression
NCT01423240,Major Depressive Disorder,Depression
NCT02227589,"AOD Use, Abuse, and Dependence",Substance use
NCT02227589,Depression,Depression
NCT07757750,SCHIZOPHRENIA 1 (Disorder),Schizophrenia & psychosis
NCT05255874,Anxiety,Anxiety
NCT04874974,Schizophrenia,Schizophrenia & psychosis
NCT04874974,Schizotypal Disorder,Schizophrenia & psychosis
NCT04874974,Brief Psychotic Disorder,Schizophrenia & psychosis
NCT04874974,Shared Psychotic Disorder,Schizophrenia & psychosis
NCT04874974,Schizoaffective Disorder,Schizophrenia & psychosis
NCT04874974,Other Psychotic Disorder Not Due to A Substance or Known Physiological Condition,Schizophrenia & psychosis
NCT04874974,Unspecified Psychosis Not Due to a Substance or Known Physiological Condition,Schizophrenia & psychosis
NCT04874974,"Manic Episode, Severe With Psychotic Symptoms",Bipolar disorder
NCT04874974,"Bipolar Disorder, Current Episode Manic Severe With Psychotic Features",Bipolar disorder
NCT04874974,"Bipolar Disorder, Current Episode Depressed, Severe, With Psychotic Features",Depression
NCT04874974,"Major Depressive Disorder, Single Episode, Severe With Psychotic Features",Depression
NCT04874974,"Major Depressive Disorder, Recurrent, Severe With Psychotic Symptoms",Depression
NCT05372185,Anxiety Disorders,Anxiety
NCT05372185,Substance Use Disorders,Substance use
NCT03017508,Social Anxiety Disorder,Anxiety
NCT03017508,Performance Anxiety,Anxiety
NCT04070391,Depression,Depression
NCT01662310,Schizophrenia,Schizophrenia & psychosis
NCT03242213,Major Depressive Disorder,Depression
NCT05400382,"Depression, Unipolar",Depression
NCT04008576,Anxiety Disorders,Anxiety
NCT04008576,Depressive Disorder,Depression
NCT05422417,Treatment-resistant Depression,Depression
NCT05422417,Major Depressive Disorder,Depression
NCT06302868,Arachnophobia,Anxiety
NCT06302868,Cynophobia,Anxiety
NCT06302868,Ophidiophobia,Anxiety
NCT02174510,Schizophrenia,Schizophrenia & psychosis
NCT04007796,"Stress Disorders, Post-Traumatic",PTSD
NCT06922110,Major Depressive Disorder,Depression
NCT02790710,Obsessive-compulsive Disorder,OCD
NCT05480124,Bipolar Disorder,Bipolar disorder
NCT05789446,Anxiety,Anxiety
NCT05789446,Depression,Depression
NCT01856673,Post-Traumatic Stress Disorder,PTSD
NCT01856673,Depression,Depression
NCT01856673,Anxiety,Anxiety
NCT03973268,Depression,Depression
NCT03973268,Major Depressive Disorder,Depression
NCT03973268,Major Depression,Depression
NCT04002050,PTSD,PTSD
NCT04002050,Anxiety Disorders,Anxiety
NCT04002050,Depression,Depression
NCT04002050,"Stress Disorders, Posttraumatic",PTSD
NCT02294591,Bipolar Disorder,Bipolar disorder
NCT06601920,Depression Anxiety Disorder,Depression
NCT02330679,Major Depressive Disorder,Depression
NCT02800161,Bipolar Disorder,Bipolar disorder
NCT02800161,Bipolar Depression,Depression
NCT07600970,Eating Disorders,Eating disorders
NCT07600970,Eating Disorders Symptoms,Eating disorders
NCT07423273,Post Stroke Depression,Depression
NCT07303608,Substance Use Disorders,Substance use
NCT07348068,"The Effect of Emotional Freedom Technique on Anxiety, Pain, and Vital Signs",Anxiety
NCT06968650,Depression,Depression
NCT03545282,Depression,Depression
NCT03545282,Anxiety,Anxiety
NCT03199742,"Stress Disorders, Post-Traumatic",PTSD
NCT04729010,Anxiety,Anxiety
NCT07236424,Depression Anxiety Disorder,Depression
NCT02246062,Anxiety State,Anxiety
NCT02869646,Posttraumatic Stress Disorder,PTSD
NCT03540927,Anxiety,Anxiety
NCT03540927,Depression,Depression
NCT03666390,Major Depressive Disorder,Depression
NCT05800860,Treatment-resistant Depression,Depression
NCT04097782,"Depression, Anxiety",Depression
NCT03317379,Eating Disorder,Eating disorders
NCT03317379,Anorexia Nervosa,Eating disorders
NCT03317379,Bulimia Nervosa,Eating disorders
NCT03317379,Binge-Eating Disorder,Eating disorders
NCT03877146,Anxiety,Anxiety
NCT03871088,Major Depressive Disorder,Depression
NCT04626050,Post-traumatic Stress Disorder,PTSD
NCT03345459,Depression,Depression
NCT02219880,Generalized Anxiety Disorder,Anxiety
NCT03790696,Anxiety Disorders,Anxiety
NCT01745562,Anxiety Disorders,Anxiety
NCT04374786,Anxiety,Anxiety
NCT04374786,PTSD,PTSD
NCT07221786,"Opioid Consumption, Postoperative",Substance use
NCT07221786,Opioid Dependency,Substance use
NCT06965270,Substance Abuse,Substance use
NCT01566370,Alcohol Use Disorders,Substance use
NCT01566370,Bipolar Disorder,Bipolar disorder
NCT03840369,"Stress Disorders, Post-Traumatic",PTSD
NCT03840369,"Depression, Anxiety",Depression
NCT06529341,Anxiety Disorders,Anxiety
NCT06359769,Depression,Depression
NCT06359769,Anxiety,Anxiety
NCT03336541,Perinatal Depression,Depression
NCT03336541,Postpartum Depression,Depression
NCT03256760,Depression in Old Age,Depression
NCT05913960,Major Depressive Disorder,Depression
NCT05913960,"Major Depressive Disorder, Recurrent",Depression
NCT06133582,"Depression, Anxiety",Depression
NCT07041073,Major Depression With Comorbid Anxiety Symptoms,Depression
NCT07041073,Major Depressive Disorder (MDD),Depression
NCT06590025,Depression,Depression
NCT06590025,Depressive Disorder,Depression
NCT01911676,Cognitive Impairments Associated With Schizophrenia,Schizophrenia & psychosis
NCT03163940,Major Depressive Disorder,Depression
NCT03163940,Depression,Depression
NCT01717040,Bipolar Disorder,Bipolar disorder
NCT02510391,Anxiety,Anxiety
NCT02059980,Obsessive Compulsive Disorder,OCD
NCT04847362,Postpartum Depression,Depression
NCT04847362,Anxiety State,Anxiety
NCT02887027,Anxiety,Anxiety
NCT02887027,Post-Traumatic Stress Disorder,PTSD
NCT02887027,Depression,Depression
NCT05040061,Generalized Anxiety Disorder,Anxiety
NCT03480061,Depression,Depression
NCT02357290,Bipolar Disorder,Bipolar disorder
NCT04231097,Depression,Depression
NCT03043820,Schizophrenia,Schizophrenia & psychosis
NCT03043820,Schizoaffective Disorder,Schizophrenia & psychosis
NCT03043820,Schizophreniform Disorder,Schizophrenia & psychosis
NCT03043820,Psychosis NOS,Schizophrenia & psychosis
NCT04172662,Anxiety,Anxiety
NCT06556927,Anxiety,Anxiety
NCT04494594,Alcohol Abuse,Substance use
NCT01149889,Major Depressive Disorder,Depression
NCT05447689,Depressive Symptoms,Depression
NCT05447689,Anxiety Generalized,Anxiety
NCT03615079,Depression,Depression
NCT04517279,Psychotic Disorders,Schizophrenia & psychosis
NCT04517279,Substance Use,Substance use
NCT03243396,Post Traumatic Stress Disorder,PTSD
NCT03243396,Depression,Depression
NCT04510298,Schizophrenia,Schizophrenia & psychosis
NCT06317987,Drug Use Disorders,Substance use
NCT07610421,Climate Anxiety,Anxiety
NCT01207414,Schizophrenia,Schizophrenia & psychosis
NCT02209233,Anxiety,Anxiety
NCT03259347,Eating Disorders,Eating disorders
NCT05534126,Posttraumatic Stress Disorder,PTSD
NCT02995226,Anorexia Nervosa,Eating disorders
NCT02754557,Post Traumatic Stress Disorder,PTSD
NCT01790919,Major Depressive Disorder (MDD),Depression
NCT02298036,Frequent Utilisers of Urgent Medical Care Who Have High Health Anxiety,Anxiety
NCT05076214,"Depressive Disorder, Major",Depression
NCT06247514,Disordered Eating Behaviors,Eating disorders
NCT05631184,Depressive Symptoms,Depression
NCT05631184,Depressive Disorder,Depression
NCT05631184,Depression,Depression
NCT03322228,Anxiety,Anxiety
NCT03322228,Depression,Depression
NCT02444065,Bulimia Nervosa,Eating disorders
NCT02444065,Eating Disorder,Eating disorders
NCT02933567,Psychosis,Schizophrenia & psychosis
NCT06735807,Depression - Major Depressive Disorder,Depression
NCT06735807,Anxiety,Anxiety
NCT03756792,Anxiety,Anxiety
NCT05849792,Depression,Depression
NCT02415764,Psychosis,Schizophrenia & psychosis
NCT02415764,Schizoaffective Disorder,Schizophrenia & psychosis
NCT02415764,Schizophrenia,Schizophrenia & psychosis
NCT04790864,"Anxiety, Social",Anxiety
NCT06882798,Depressive Symptoms,Depression
NCT05822687,Anxiety,Anxiety
NCT05822687,Depression,Depression
NCT02157493,Depressive Symptoms,Depression
NCT02157493,Substance Use,Substance use
NCT07186816,"Depression, Anxiety",Depression
NCT02663349,Schizophrenia,Schizophrenia & psychosis
NCT02663349,Bipolar Disorder,Bipolar disorder
NCT02663349,Psychotic Disorders,Schizophrenia & psychosis
NCT05640492,Depressive Symptoms,Depression
NCT03517592,Substance Use Disorders,Substance use
NCT06794034,Depressive Symptoms in Patients With Epilepsy,Depression
NCT06685484,Antenatal Depression,Depression
NCT06409247,Social Anxiety,Anxiety
NCT03850834,Depression,Depression
NCT06179264,Depression,Depression
NCT03545399,Anhedonia in Healthy Volunteers,Depression
NCT01354132,Schizophrenic Psychoses,Schizophrenia & psychosis
NCT04632498,Major Depressive Disorder,Depression
NCT04632498,Depression,Depression
NCT05666687,Major Depressive Disorder,Depression
NCT01962714,Posttraumatic Stress Disorder,PTSD
NCT01962714,Depression,Depression
NCT02286206,Psychotic Disorders,Schizophrenia & psychosis
NCT02286206,Schizophrenia,Schizophrenia & psychosis
NCT05828849,Alcohol Use Disorder,Substance use
NCT05828849,Substance Use Disorders,Substance use
NCT07782034,Anxiety,Anxiety
NCT03273699,Obsessive-Compulsive Disorder,OCD
NCT02223299,Depression,Depression
NCT06718387,Ptsd,PTSD
NCT04793438,Negative Type; Schizophrenic,Schizophrenia & psychosis
NCT04793438,Anhedonia,Depression
NCT06043271,Anxiety Disorders,Anxiety
NCT06298864,Online CBT Targeting Cardiac Anxiety,Anxiety
NCT06608498,Psychosis,Schizophrenia & psychosis
NCT05895721,Generalized Anxiety Disorder,Anxiety
NCT06838104,Schizophrenia Disorders,Schizophrenia & psychosis
NCT06838104,Psychotic Disorder,Schizophrenia & psychosis
NCT00601952,"Stress Disorders, Post-traumatic",PTSD
NCT01339858,Schizophrenia,Schizophrenia & psychosis
NCT01339858,Psychotic Disorder NOS,Schizophrenia & psychosis
NCT01339858,Schizoaffective Disorder,Schizophrenia & psychosis
NCT01339858,Schizophreniform,Schizophrenia & psychosis
NCT06347848,Schizophrenia,Schizophrenia & psychosis
NCT05739344,Schizophrenia,Schizophrenia & psychosis
NCT03226834,Anxiety State,Anxiety
NCT04536116,Claustrophobia,Anxiety
NCT06494904,Opioid Use Disorder,Substance use
NCT01428804,Resistant Major Depression,Depression
NCT01108133,Posttraumatic Stress Disorder,PTSD
NCT01944644,Treatment Resistant Depression,Depression
NCT06732999,Social Anxiety Disorder (SAD),Anxiety
NCT06552832,PTSD,PTSD
NCT06083987,Anxiety,Anxiety
NCT06083987,Depression,Depression
NCT04057716,Binge Eating,Eating disorders
NCT03489304,Clinical Depression,Depression
NCT01229904,Post-Traumatic Stress Disorder,PTSD
NCT02449447,Major Depressive Disorders,Depression
NCT05507138,Depression,Depression
NCT01441258,Major Depressive Disorder,Depression
NCT06466655,Major Depressive Disorder,Depression
NCT04378621,Depression,Depression
NCT06851884,Post Traumatic Stress Disorder PTSD,PTSD
NCT03838484,Schizophrenia,Schizophrenia & psychosis
NCT03869749,Anxiety,Anxiety
NCT01507948,Posttraumatic Stress Disorder (PTSD),PTSD
NCT01653548,Anxiety,Anxiety
NCT01653548,Depression,Depression
NCT06110585,"Depressive Disorder, Major",Depression
NCT03403153,Parenting Behaviors and PTSD Symptoms,PTSD
NCT02850445,Schizophrenia,Schizophrenia & psychosis
NCT02475265,Anorexia Nervosa,Eating disorders
NCT02974400,Schizophrenia,Schizophrenia & psychosis
NCT06235411,Depressive Disorder,Depression
NCT06235411,Addiction,Substance use
NCT04751071,Major Depressive Disorder,Depression
NCT05140564,Eating Disorders,Eating disorders
NCT06091163,Treatment Resistant Depression,Depression
NCT06091163,Depression,Depression
NCT06091163,Depressive Disorder,Depression
NCT01649895,Obsessive-compulsive Disorder,OCD
NCT05562739,Anxiety,Anxiety
NCT05191277,Depressive Symptoms,Depression
NCT05191277,Antidepressants,Depression
NCT02725281,Anxiety,Anxiety
NCT04184830,Schizophrenia,Schizophrenia & psychosis
NCT02134730,Anxiety Disorders,Anxiety
NCT04228744,Obsessive-Compulsive Disorder,OCD
NCT01133821,Bipolar Disorder,Bipolar disorder
NCT01133821,Depression,Depression
NCT05551195,Postpartum Depression,Depression
NCT05606601,Anxiety,Anxiety
NCT05606601,Depression,Depression
NCT05606601,Alcohol Use,Substance use
NCT05606601,Substance Use,Substance use
NCT07739381,Anxiety,Anxiety
NCT07644065,Anxiety,Anxiety
NCT06716034,Depression - Major Depressive Disorder,Depression
NCT01510834,Post Traumatic Stress Disorder,PTSD
NCT01510834,Anxiety,Anxiety
NCT01510834,Depression,Depression
NCT07842263,Anxiety,Anxiety
NCT04897295,Alcohol Use Disorder (AUD),Substance use
NCT04897295,Alcohol Abuse,Substance use
NCT04897295,Alcohol Dependence,Substance use
NCT04897295,Substance Use Disorders,Substance use
NCT02290639,Post-Traumatic Stress Disorder,PTSD
NCT07246239,Anxiety and Depression,Depression
NCT02378012,Anxiety,Anxiety
NCT02378012,Depression,Depression
NCT03922581,Post Traumatic Stress Disorder,PTSD
NCT03922581,Major Depressive Disorder,Depression
NCT05806944,Binge-Eating Disorder,Eating disorders
NCT04467164,Major Depressive Disorder,Depression
NCT06131463,Anxiety Disorders,Anxiety
NCT06131463,Depression,Depression
NCT02440867,Social Cognition in Patients With Schizophrenia,Schizophrenia & psychosis
NCT03711344,Anxiety,Anxiety
NCT03711344,Depression,Depression
NCT01614899,Schizophrenia,Schizophrenia & psychosis
NCT03246932,Schizophrenia,Schizophrenia & psychosis
NCT05570721,Depression,Depression
NCT06365021,Bipolar Disorder,Bipolar disorder
NCT05850221,Depression,Depression
NCT06093906,Posttraumatic Stress Disorder,PTSD
NCT06093906,Major Depressive Disorder,Depression
NCT02691845,Depression,Depression
NCT05100875,Psychosis,Schizophrenia & psychosis
NCT07477301,Schizophrenia,Schizophrenia & psychosis
NCT02314065,Severe Health Anxiety,Anxiety
NCT02314065,Illness Anxiety Disorder,Anxiety
NCT03807167,Depression,Depression
NCT02700009,Depression,Depression
NCT01684163,Major Depressive Disorder,Depression
NCT02466087,Depression,Depression
NCT04513587,Depression,Depression
NCT03877393,"Depressive Disorder, Major",Depression
NCT03877393,Depression,Depression
NCT02049021,Refractory Schizophrenia,Schizophrenia & psychosis
NCT02049021,Super Refractory Schizophrenia,Schizophrenia & psychosis
NCT05543421,Major Depressive Disorder,Depression
NCT06011577,Major Depressive Disorder,Depression
NCT06011577,Depression,Depression
NCT04659577,Panic Disorder,Anxiety
NCT04659577,Depression,Depression
NCT02739607,Depression,Depression
NCT02739607,Dysthymic Disorder,Depression
NCT02739607,Panic Disorder,Anxiety
NCT02739607,Social Phobia,Anxiety
NCT02739607,Specific Phobia,Anxiety
NCT02739607,Obsessive-Compulsive Disorder,OCD
NCT02739607,Generalized Anxiety Disorder,Anxiety
NCT01464892,Posttraumatic Stress Disorder (PTSD),PTSD
NCT01964092,Psychosis,Schizophrenia & psychosis
NCT01964092,Substance Abuse,Substance use
NCT01964092,Depression,Depression
NCT01964092,Anxiety,Anxiety
NCT06512909,Pain and Anxiety During Intramuscular Injection,Anxiety
NCT03072264,Generalized Anxiety Disorder,Anxiety
NCT03270098,Schizophrenia and Related Disorders,Schizophrenia & psychosis
NCT02715544,Eating Disorders,Eating disorders
NCT02447744,Depression,Depression
NCT02447744,Anxiety,Anxiety
NCT02447744,PTSD,PTSD
NCT07221864,Bipolar Disorder I or II,Bipolar disorder
NCT06090409,Food Neophobia,Anxiety
NCT06604299,Binge Eating Disorder,Eating disorders
NCT07049445,Depression,Depression
NCT01715519,PTSD,PTSD
NCT01715519,Depression,Depression
NCT01537419,Depression,Depression
NCT01875419,Unipolar Major Depressive Disorder,Depression
NCT02133365,Anxiety,Anxiety
NCT05107765,Alcohol Use Disorder,Substance use
NCT02769936,Schizophrenia,Schizophrenia & psychosis
NCT03984344,Anorexia Nervosa,Eating disorders
NCT02778256,Bipolar Disorder,Bipolar disorder
NCT02778256,"Depression, Bipolar",Depression
NCT04354922,Depressive Symptoms,Depression
NCT03749629,Major Depressive Disorder,Depression
NCT05282329,Schizophrenia,Schizophrenia & psychosis
NCT01773629,Depression,Depression
NCT03548675,"Depressive Disorder, Major",Depression
NCT02733575,Psychosis,Schizophrenia & psychosis
NCT02085512,Post Traumatic Stress Disorder,PTSD
NCT02085512,Major Depression,Depression
NCT02085512,Anxiety Disorders,Anxiety
NCT06628830,Depressive Symptoms,Depression
NCT06628830,Anxiety Symptoms,Anxiety
NCT07151430,Depression - Major Depressive Disorder,Depression
NCT02789800,Depression,Depression
NCT02789800,Anxiety,Anxiety
NCT02302209,Schizophrenia,Schizophrenia & psychosis
NCT02696681,Depression,Depression
NCT03581981,Posttraumatic Stress Disorder,PTSD
NCT06787300,Postpartum Depression,Depression
NCT02491307,Anxiety,Anxiety
NCT02491307,Depression,Depression
NCT02491307,Bipolar I Disorder,Bipolar disorder
NCT02491307,Bipolar II Disorder,Bipolar disorder
NCT06510153,Anxiety,Anxiety
NCT02505477,Schizophrenia,Schizophrenia & psychosis
NCT02505477,Schizophrenia; Negative Type,Schizophrenia & psychosis
NCT03459677,Anxiety Symptoms,Anxiety
NCT03459677,Depressive Symptoms,Depression
NCT01631500,Depression,Depression
NCT01631500,Anxiety,Anxiety
NCT03576911,Schizophrenia,Schizophrenia & psychosis
NCT03576911,Schizoaffective Disorder,Schizophrenia & psychosis
NCT06951711,Bipolar Disorder Type I With Mania or Mania With Mixed Features,Bipolar disorder
NCT02045771,Depression,Depression
NCT03216434,Post-traumatic Stress Disorder,PTSD
NCT06969053,Anxiety Disorders,Anxiety
NCT01299272,Major Depressive Disorder,Depression
NCT05417412,Anxiety,Anxiety
NCT05417412,Depression,Depression
NCT01752712,Schizophrenia,Schizophrenia & psychosis
NCT01752712,Schizoaffective Disorder,Schizophrenia & psychosis
NCT03562312,Performance Anxiety,Anxiety
NCT03165513,"Depressive Disorder, Major",Depression
NCT03742960,Major Depressive Disorder,Depression
NCT05086120,Major Depressive Disorder,Depression
NCT01921582,Binge-Eating Disorder,Eating disorders
NCT03172182,Anxiety,Anxiety
NCT04030923,Depression in Parkinson's Disease,Depression
NCT02901080,Anxiety,Anxiety
NCT05167396,Prodromal Schizophrenia,Schizophrenia & psychosis
NCT05167396,Psychotic Episode,Schizophrenia & psychosis
NCT04683588,Anxiety,Anxiety
NCT04766203,Eating Disorders,Eating disorders
NCT06719427,Major Depressive Diorder,Depression
NCT05556941,Schizophrenia,Schizophrenia & psychosis
NCT04954872,Depression,Depression
NCT02362477,Posttraumatic Stress Disorder,PTSD
NCT04378257,Depressive Symptoms,Depression
NCT04378257,Generalized Anxiety,Anxiety
NCT07115628,Major Depressive Disorder (MDD),Depression
NCT07095465,Lewy Body Dementia Psychosis,Schizophrenia & psychosis
NCT02664467,Depression,Depression
NCT02664467,"Depression, Postpartum",Depression
NCT02664467,Depressive Disorder,Depression
NCT02664467,"Depressive Disorder, Major",Depression
NCT02356107,Major Depressive Disorder,Depression
NCT04011592,Post Partum Depression,Depression
NCT06502964,Schizophrenia,Schizophrenia & psychosis
NCT02366364,Major Depressive Disorder,Depression
NCT07166237,Perinatal Depression,Depression
NCT06829953,Anhedonia,Depression
NCT06829953,Depression and Suicide Ideation,Depression
NCT06775145,Generalized Anxiety Disorder (GAD),Anxiety
NCT02288845,Schizophrenia,Schizophrenia & psychosis
NCT01665872,Depression,Depression
NCT01498107,Depression,Depression
NCT03833453,Posttraumatic Stress Disorder (PTSD),PTSD
NCT03518801,PTSD,PTSD
NCT06892028,"Stress Disorder, Post Traumatic",PTSD
NCT02265211,Anxiety,Anxiety
NCT01733771,Anxiety,Anxiety
NCT02481245,Bipolar Disorder,Bipolar disorder
NCT02481245,Depressive Episode,Depression
NCT02463136,Anxiety,Anxiety
NCT05441111,Depression,Depression
NCT05441111,Anxiety,Anxiety
NCT02336971,PTSD,PTSD
NCT04317495,Major Depressive Disorder,Depression
NCT03286595,Psychosis,Schizophrenia & psychosis
NCT03286595,Clinical High Risk for Psychosis,Schizophrenia & psychosis
NCT01786239,Schizophrenia,Schizophrenia & psychosis
NCT01786239,Schizophreniform Disorder,Schizophrenia & psychosis
NCT01786239,Schizoaffective Disorder,Schizophrenia & psychosis
NCT01786239,Bipolar Disorder,Bipolar disorder
NCT01786239,Psychosis NOS,Schizophrenia & psychosis
NCT01630512,Depressive Symptoms,Depression
NCT03053765,Depression,Depression
NCT06915207,Depression,Depression
NCT02945111,Anxiety,Anxiety
NCT04072185,Depression,Depression
NCT04072185,Anxiety,Anxiety
NCT02778035,Depression; Bipolar Disorder,Depression
NCT03924908,Anxiety,Anxiety
NCT05183568,Depressive Symptoms,Depression
NCT05183568,Anxiety,Anxiety
NCT06407518,Anxiety,Anxiety
NCT02384590,Depression,Depression
NCT02384590,Anxiety,Anxiety
NCT05550155,Schizophrenia; Psychosis,Schizophrenia & psychosis
NCT02669043,Depression,Depression
NCT02476708,Schizophrenia,Schizophrenia & psychosis
NCT02476708,Schizoaffective Disorder,Schizophrenia & psychosis
NCT07783776,Anxiety,Anxiety
NCT05729789,Posttraumatic Stress Disorder,PTSD
NCT06467474,Major Depressive Disorder (MDD,Depression
NCT01556074,Post Traumatic Stress Disorder,PTSD
NCT03149991,Depression,Depression
NCT05090397,Depression,Depression
NCT05632510,Peripartum Depression (PPD),Depression
NCT02146547,Schizophrenia,Schizophrenia & psychosis
NCT06176638,"Stress Disorders, Post-Traumatic",PTSD
NCT06176638,Depression,Depression
NCT06176638,Anxiety,Anxiety
NCT02418585,Treatment-resistant Depression,Depression
NCT02176291,Depression,Depression
NCT02176291,Major Depressive Disorder,Depression
NCT02593058,Schizophrenia,Schizophrenia & psychosis
NCT02593058,Schizoaffective Disorder,Schizophrenia & psychosis
NCT02630758,Depression,Depression
NCT02630758,Depressive Symptoms,Depression
NCT03798548,"Depression, Anxiety",Depression
NCT01587326,Depression,Depression
NCT06216626,Anxiety,Anxiety
NCT05973643,Major Depressive Episode,Depression
NCT01884025,Schizophrenia,Schizophrenia & psychosis
NCT01884025,Schizoaffective Disorder,Schizophrenia & psychosis
NCT01884025,Bipolar Disorder,Bipolar disorder
NCT01884025,Major Depression,Depression
NCT01884025,Post Traumatic Stress Disorder,PTSD
NCT05016050,Major Depressive Disorder,Depression
NCT05016050,Generalized Anxiety Disorder,Anxiety
NCT01502891,Depression,Depression
NCT03380897,Depression,Depression
NCT03516513,Depression,Depression
NCT02497755,Anxiety,Anxiety
NCT02497755,Depression,Depression
NCT04093843,Post-stroke Depression,Depression
NCT06053515,Postpartum Depression,Depression
NCT04122482,"Depression, Anxiety",Depression
NCT05107752,PTSD,PTSD
NCT05107752,Post Traumatic Stress Disorder,PTSD
NCT05534243,PTSD,PTSD
NCT02901015,Schizophrenia,Schizophrenia & psychosis
NCT05131035,Psychosis,Schizophrenia & psychosis
NCT05131035,Prodromal Schizophrenia,Schizophrenia & psychosis
NCT02311725,Major Depressive Disorder,Depression
NCT06927076,Major Depressive Disorder,Depression
NCT02078817,Major Depressive Disorder,Depression
NCT05488418,"Stress Disorders, Post-Traumatic",PTSD
NCT05488418,"Depressive Disorder, Major",Depression
NCT05488418,Anxiety Disorder,Anxiety
NCT02219243,Social Anxiety,Anxiety
NCT02219243,Social Anxiety Disorder,Anxiety
NCT03649815,Schizophrenia Spectrum and Other Psychotic Disorders,Schizophrenia & psychosis
NCT02577250,"Depressive Disorder, Treatment-Resistant",Depression
NCT02577250,"Stress Disorders, Post-Traumatic",PTSD
NCT02099890,Depression,Depression
NCT05971797,"Depression, Anxiety",Depression
NCT05310097,PTSD,PTSD
NCT02452060,Postoperative Depression,Depression
NCT05194098,Major Depressive Disorder,Depression
NCT02748187,Depression,Depression
NCT03971487,Schizo-Affective Type of Psychosis,Schizophrenia & psychosis
NCT03971487,Schizophrenia,Schizophrenia & psychosis
NCT04230421,Bipolar Disorder,Bipolar disorder
NCT02012452,Posttraumatic Stress Disorder,PTSD
NCT02012452,Tobacco Dependence,Substance use
NCT04109209,Anxiety,Anxiety
NCT04692909,Food Addiction,Substance use
NCT00677898,Schizophrenia,Schizophrenia & psychosis
NCT00677898,Psychotic Disorders,Schizophrenia & psychosis
NCT02326363,Substance Abuse,Substance use
NCT02326363,Depression,Depression
NCT02326363,Anxiety Disorder,Anxiety
NCT03171363,Anxiety Disorders,Anxiety
NCT04254393,Anxiety,Anxiety
NCT04254393,Depression,Depression
NCT01046214,Depressive Disorder,Depression
NCT06172452,Depression,Depression
NCT06172452,Eating Disorders,Eating disorders
NCT02104752,Schizophrenia,Schizophrenia & psychosis
NCT02104752,Psychosis,Schizophrenia & psychosis
NCT06316934,Anxiety,Anxiety
NCT05244564,"Stress Disorders, Post-Traumatic",PTSD
NCT05271006,Depressive Symptoms,Depression
NCT04838210,Perinatal Depression,Depression
NCT07353320,Anxiety Depression,Depression
NCT01810380,Schizophrenia,Schizophrenia & psychosis
NCT07305779,Schizophrenia,Schizophrenia & psychosis
NCT02196896,Depression,Depression
NCT06733883,Depressive Disorder,Depression
NCT06732817,Schizophrenia,Schizophrenia & psychosis
NCT03197168,Schizophrenia,Schizophrenia & psychosis
NCT03197168,Bipolar Disorder,Bipolar disorder
NCT03197168,Schizoaffective Disorder,Schizophrenia & psychosis
NCT04198974,Substance Use Disorders,Substance use
NCT04287374,Depressive Symptoms,Depression
NCT04287374,Anxiety,Anxiety
NCT07249723,Anxiety,Anxiety
NCT05025579,Depression,Depression
NCT04211961,Bipolar Disorder Depression,Depression
NCT05322161,Postpartum Depression,Depression
NCT05322161,Anxiety,Anxiety
NCT05322161,Depression,Depression
NCT04666415,Anorexia Nervosa,Eating disorders
NCT02233517,Posttraumatic Stress Disorder,PTSD
NCT02442817,Schizophrenia,Schizophrenia & psychosis
NCT01760889,Schizophrenia,Schizophrenia & psychosis
NCT05276050,Nicotine Addiction,Substance use
NCT05276050,Schizophrenia,Schizophrenia & psychosis
NCT03434210,Schizophrenia,Schizophrenia & psychosis
NCT01515423,Schizophrenia,Schizophrenia & psychosis
NCT04321759,Schizophrenia and Related Disorders,Schizophrenia & psychosis
NCT02087579,Psychotic Disorders,Schizophrenia & psychosis
NCT02087579,Schizophrenia,Schizophrenia & psychosis
NCT02087579,Bipolar Disorder,Bipolar disorder
NCT02087579,Depressive Disorder,Depression
NCT06716996,Post COVID -19 Depression,Depression
NCT05615662,Depression,Depression
NCT05615662,Anxiety,Anxiety
NCT02818088,Obsessive-Compulsive Disorder,OCD
NCT03522220,Schizophrenia,Schizophrenia & psychosis
NCT06305182,Anorexia Nervosa,Eating disorders
NCT05078424,Depressive Symptoms,Depression
NCT05078424,Anxiety Symptoms,Anxiety
NCT06786962,Anxiety,Anxiety
NCT02546180,Anxiety,Anxiety
NCT06212362,Anxiety,Anxiety
NCT05979103,Anxiety,Anxiety
NCT05830773,Substance-Related Disorders,Substance use
NCT04732169,Treatment Resistant Depression,Depression
NCT04325386,Schizophrenia Schizoaffective,Schizophrenia & psychosis
NCT05087186,Post Traumatic Stress Disorder,PTSD
NCT05087186,Anxiety,Anxiety
NCT05087186,Depression,Depression
NCT04714970,Schizophrenia,Schizophrenia & psychosis
NCT01813669,Childhood Depression,Depression
NCT01813669,Childhood Anxiety,Anxiety
NCT05153369,Bipolar Disorder,Bipolar disorder
NCT03033069,"Stress Disorders, Post-Traumatic",PTSD
NCT03535805,Anxiety,Anxiety
NCT03535805,Anxiety Disorders,Anxiety
NCT03535805,Depressive Symptoms,Depression
NCT03535805,Depressive Disorders,Depression
NCT05799794,Anxiety Depression,Depression
NCT04124380,Posttraumatic Stress Disorder,PTSD
NCT05082246,Anxiety,Anxiety
NCT05082246,Depression,Depression
NCT06273527,Anxiety Disorders,Anxiety
NCT06273527,Depression,Depression
NCT06273527,Post Traumatic Stress Disorder,PTSD
NCT06155786,Schizophrenia,Schizophrenia & psychosis
NCT05180669,Opioid Use Disorder,Substance use
NCT06811259,Pain and Anxiety,Anxiety
NCT02229188,Major Depressive Disorder,Depression
NCT01714661,Schizophrenia,Schizophrenia & psychosis
NCT06956066,Anxiety,Anxiety
NCT04192266,PTSD,PTSD
NCT07793864,Postpartum Depressive Symptoms,Depression
NCT04117464,Anxiety,Anxiety
NCT04117464,Depression,Depression
NCT05715034,Anxiety,Anxiety
NCT05715034,Depression,Depression
NCT01752998,Depression,Depression
NCT01752998,Substance Use,Substance use
NCT06997263,Anxiety,Anxiety
NCT04197921,Opioid-use Disorder,Substance use
NCT04197921,Substance Use Disorders,Substance use
NCT03995316,Perinatal Depression,Depression
NCT03461432,Schizophrenia Schizoaffective,Schizophrenia & psychosis
NCT06610552,Postpartum Depressive Disorder,Depression
NCT06610552,Postpartum Anxiety,Anxiety
NCT04426448,Post Traumatic Stress Disorder,PTSD
NCT05147948,Ptsd,PTSD
NCT02470026,Major Depressive Disorder,Depression
NCT07181226,Major Depression,Depression
NCT05053178,Anxiety,Anxiety
NCT05467085,Obsessive-Compulsive Disorder,OCD
NCT06490315,Depression,Depression
NCT06490315,Social Anxiety,Anxiety
NCT06785025,Depression Secondary to Other Disease,Depression
NCT06785025,Anxiety,Anxiety
NCT01819025,Depression,Depression
NCT03688009,Psychotic Disorder,Schizophrenia & psychosis
NCT03152032,Schizophrenia and Related Disorders,Schizophrenia & psychosis
NCT03152032,Bipolar and Related Disorders,Bipolar disorder
NCT04921332,Depressive Symptoms,Depression
NCT04035798,Bipolar II Disorder,Bipolar disorder
NCT05772221,Major Depressive Disorder,Depression
NCT04227704,Postpartum Depression,Depression
NCT03250026,Depressive Disorder,Depression
NCT03250026,Anxiety Disorders,Anxiety
NCT06433635,Bipolar I Disorder,Bipolar disorder
NCT06433635,Depression,Depression
NCT01963234,Substance Use Disorders,Substance use
NCT01563198,Claustrophobia,Anxiety
NCT03745833,Eating Disorder,Eating disorders
NCT03745833,Anxiety,Anxiety
NCT06136338,Anxiety,Anxiety
NCT01167348,Schizophrenia,Schizophrenia & psychosis
NCT02611544,Anxiety,Anxiety
NCT06975098,Depression Disorders,Depression
NCT04990687,Major Depressive Disorder,Depression
NCT04594616,Major Depressive Disorder,Depression
NCT06359704,Depressive Symptoms,Depression
NCT04043533,"Depression, Postpartum",Depression
NCT03968133,Anxiety,Anxiety
NCT04089085,Childhood Anxiety,Anxiety
NCT04089085,Childhood Depression,Depression
NCT05588687,Anxiety,Anxiety
NCT04693416,Opioid Use,Substance use
NCT04693416,Opioid-use Disorder,Substance use
NCT04693416,Substance Use Disorders,Substance use
NCT03339258,"Stress Disorders, Post-Traumatic",PTSD
NCT06326255,Depression,Depression
NCT06326255,Anxiety,Anxiety
NCT05830955,Postpartum Depression,Depression
NCT05833555,"Depression, Anxiety",Depression
NCT07221578,Social Anxiety Disorder (SAD),Anxiety
NCT02611206,Treatment Resistant Depression,Depression
NCT02614547,Severe Postpartum Depression,Depression
NCT02466958,Major Depressive Disorder,Depression
NCT03907748,Depression,Depression
NCT02469155,Schizophrenia,Schizophrenia & psychosis
NCT06882785,Schizophrenia,Schizophrenia & psychosis
NCT07672925,Anxiety,Anxiety
NCT04021433,"Depressive Disorder, Major",Depression
NCT02976558,Depression,Depression
NCT02824055,Schizophrenia,Schizophrenia & psychosis
NCT07239778,Bipolar Disorder (BD),Bipolar disorder
NCT04580043,Obsessive-Compulsive Disorder,OCD
NCT04503343,Depressive Disorder,Depression
NCT05088915,Post-Traumatic Stress Disorder in Adolescence,PTSD
NCT05088915,Post Traumatic Stress Disorder,PTSD
NCT06305325,Postpartum Depression,Depression
NCT06305325,Anxiety,Anxiety
NCT02988076,Depression,Depression
NCT05355285,Depressive Symptoms,Depression
NCT05355285,Major Depressive Disorder,Depression
NCT03530943,Anxiety Disorders and Symptoms,Anxiety
NCT03530943,Depression Disorders and Symptoms,Depression
NCT03314155,Depressive Disorder,Depression
NCT02106078,Bipolar Disorder,Bipolar disorder
NCT05140135,Schizophrenia,Schizophrenia & psychosis
NCT05140135,Schizoaffective Disorder,Schizophrenia & psychosis
NCT02234076,Posttraumatic Stress Disorder (PTSD),PTSD
NCT02234076,Depression,Depression
NCT03960658,Post-traumatic Stress Disorder,PTSD
NCT01928758,Tobacco Dependence,Substance use
NCT01157078,Major Depressive Disorder,Depression
NCT01157078,Depression,Depression
NCT04602585,Psychosis,Schizophrenia & psychosis
NCT02405715,Depressive Disorder,Depression
NCT05449002,Anxiety,Anxiety
NCT05449002,Depression,Depression
NCT05068245,Anxiety,Anxiety
NCT06442072,Anxiety,Anxiety
NCT06442072,Depression,Depression
NCT05369195,Depression,Depression
NCT06983301,Obsessive Compulsive Disorder (OCD),OCD
NCT01652807,Depression,Depression
NCT01652807,Anxiety,Anxiety
NCT03273439,Schizophrenia,Schizophrenia & psychosis
NCT01619319,Prodromal Schizophrenia,Schizophrenia & psychosis
NCT04009928,Treatment Resistant Depression,Depression
NCT00988728,Schizophrenia,Schizophrenia & psychosis
NCT07777107,Labor Pain and Anxiety,Anxiety
NCT03793712,Schizophrenia,Schizophrenia & psychosis
NCT05681767,Depression,Depression
NCT06792136,Major Depressive Disorder (MDD,Depression
NCT01360645,Depressive Disorder,Depression
NCT01360645,Depression,Depression
NCT01360645,"Depressive Disorder, Major",Depression
NCT03760601,"Intrusive Memories of Trauma, Symptom of Post Traumatic Stress Disorder (Criterion B1)",PTSD
NCT02824081,Major Depressive Episode,Depression
NCT04663919,Anorexia Nervosa,Eating disorders
NCT02893202,Posttraumatic Stress Disorder,PTSD
NCT02115737,Depression,Depression
NCT01629537,Post Traumatic Stress Disorder (PTSD),PTSD
NCT04162977,Substance Use Disorders,Substance use
NCT01900301,Social Anxiety Disorder,Anxiety
NCT07216612,Substance Use Disorder (SUD),Substance use
NCT04693130,"Depression, Anxiety",Depression
NCT02498730,Bipolar Disorder,Bipolar disorder
NCT01887665,Substance Use Disorders,Substance use
NCT04601545,Anxiety State,Anxiety
NCT04601545,Depressive Symptoms,Depression
NCT05189977,Post-traumatic Stress Disorder (PTSD),PTSD
NCT02437357,Depression,Depression
NCT01667328,Anxiety,Anxiety
NCT02464345,Binge Eating Disorder,Eating disorders
NCT02464345,Bulimia Nervosa,Eating disorders
NCT02464345,Eating Disorder,Eating disorders
NCT01837875,Depression,Depression
NCT03249857,Bipolar Affective Disorder,Bipolar disorder
NCT04788212,"Depression, Anxiety",Depression
NCT04788212,Anxiety,Anxiety
NCT06236919,Anxiety,Anxiety
NCT06236919,Depression,Depression
NCT06849830,Anorexia Nervosa,Eating disorders
NCT06057337,Depression,Depression
NCT05302375,Depression,Depression
NCT03564067,Major Depressive Disorder,Depression
NCT03873922,Psychosis; Acute,Schizophrenia & psychosis
NCT03873922,Psychosis,Schizophrenia & psychosis
NCT03873922,Psychotic Disorders,Schizophrenia & psychosis
NCT03873922,Schizophrenia,Schizophrenia & psychosis
NCT04825756,Anxiety,Anxiety
NCT04825756,Anxiety Disorder,Anxiety
NCT03678051,Substance Use Disorders,Substance use
NCT03678051,Drug Addiction,Substance use
NCT03678051,Substance Abuse,Substance use
NCT03678051,Drug Use Disorders,Substance use
NCT03678051,Drug Dependence,Substance use
NCT03678051,Substance Addiction,Substance use
NCT05766202,Anxiety,Anxiety
NCT05766202,Depression,Depression
NCT03404466,Major Depressive Disorder,Depression
NCT04973956,Anxiety,Anxiety
NCT01579422,Schizophrenia,Schizophrenia & psychosis
NCT01579422,Psychosis,Schizophrenia & psychosis
NCT02206776,Obsessive-Compulsive Disorder,OCD
NCT02724917,Schizophrenia,Schizophrenia & psychosis
NCT05406440,Schizophrenia,Schizophrenia & psychosis
NCT06483789,Panic Disorder,Anxiety
NCT05294991,Anxiety,Anxiety
NCT05294991,Depression,Depression
NCT02286440,Depression,Depression
NCT04286724,Posttraumatic Stress Disorder,PTSD
NCT03925259,"Depression, Anxiety",Depression
NCT05073289,Anxiety,Anxiety
NCT03356691,Anxiety,Anxiety
NCT03356691,Depression,Depression
NCT02397850,Chronic Depressive Disorder,Depression
NCT06074991,Anxiety,Anxiety
NCT04287218,Anxiety,Anxiety
NCT04287218,Health Anxiety,Anxiety
NCT01955590,Posttraumatic Stress Disorder,PTSD
NCT02892110,Substance Use Disorder,Substance use
NCT02481713,Psychosis,Schizophrenia & psychosis
NCT05960513,Depression,Depression
NCT05960513,Anxiety,Anxiety
NCT03688360,Specific Phobia,Anxiety
NCT03129282,Depression,Depression
NCT03129282,Anxiety,Anxiety
NCT07671040,Schizophrenia,Schizophrenia & psychosis
NCT03348540,PTSD,PTSD
NCT05948540,Post Traumatic Stress Disorder,PTSD
NCT05943418,Anxiety,Anxiety
NCT06015425,Depression,Depression
NCT05836090,Depressive Symptoms,Depression
NCT05836090,Anxiety Disorders and Symptoms,Anxiety
NCT05836090,Substance Use,Substance use
NCT02417025,PTSD,PTSD
NCT02417025,Anxiety Disorders,Anxiety
NCT03380117,Depression,Depression
NCT01457391,"Stress Disorders, Post-Traumatic",PTSD
NCT01457391,Substance-Related Disorders,Substance use
NCT03729791,Schizophrenia,Schizophrenia & psychosis
NCT02583490,Depression,Depression
NCT01143090,Schizophrenia,Schizophrenia & psychosis
NCT01143090,Schizoaffective Disorder,Schizophrenia & psychosis
NCT05221489,"Anxiety, Stress-Related, in Pregnancy",Anxiety
NCT04724668,Binge-Eating Disorder,Eating disorders
NCT07227818,Schizophrenia,Schizophrenia & psychosis
NCT04898725,Major Depression,Depression
NCT01098240,Major Depressive Disorder,Depression
NCT01624168,Anxiety,Anxiety
NCT03175068,Major Depressive Disorder,Depression
NCT03175068,Social Anxiety Disorder,Anxiety
NCT02293291,Posttraumatic Stress Disorder,PTSD
NCT01724476,Schizophrenia,Schizophrenia & psychosis
NCT05424991,Anxiety,Anxiety
NCT06372210,Schizophrenia,Schizophrenia & psychosis
NCT06372210,Major Depressive Disorder,Depression
NCT06372210,Bipolar I Disorder,Bipolar disorder
NCT03086980,Depression,Depression
NCT03086980,Anxiety,Anxiety
NCT01568203,Schizophrenia,Schizophrenia & psychosis
NCT05970510,Generalized Anxiety Disorder,Anxiety
NCT02102113,Psychosis,Schizophrenia & psychosis
NCT02102113,Cannabis Use,Substance use
NCT02102113,Schizophrenia,Schizophrenia & psychosis
NCT01944423,Nicotine Addiction,Substance use
NCT01944423,Panic Attack,Anxiety
NCT02266680,Social Anxiety Disorder,Anxiety
NCT06440941,Depression,Depression
NCT04381559,Social Anxiety,Anxiety
NCT05729373,Generalized Anxiety Disorder,Anxiety
NCT05257902,Major Depression,Depression
NCT05906849,Social Anxiety Disorder,Anxiety
NCT05906849,Generalized Anxiety Disorder,Anxiety
NCT07473648,Major Depressive Disorder,Depression
NCT04916548,"Depression, Unipolar",Depression
NCT02795455,Low Weight Eating Disorders,Eating disorders
NCT02795455,Anorexia Nervosa,Eating disorders
NCT02176226,Major Depressive Disorder,Depression
NCT02176226,Anxiety Disorders,Anxiety
NCT02505178,Depression,Depression
NCT02537678,Posttraumatic Stress Disorder,PTSD
NCT03015285,Generalized Anxiety,Anxiety
NCT03015285,"Stress Disorder, Posttraumatic",PTSD
NCT03015285,Social Anxiety,Anxiety
NCT03015285,Major Depression,Depression
NCT03015285,Panic Disorder,Anxiety
NCT01457235,Bipolar Disorder,Bipolar disorder
NCT01404208,Obsessive-Compulsive Disorder,OCD
NCT01028625,Depression,Depression
NCT01304862,Depression,Depression
NCT01304862,Generalized Anxiety Disorder,Anxiety
NCT01155661,"Depressive Disorder, Major",Depression
NCT03428542,Anxiety,Anxiety
NCT03428542,Depression,Depression
NCT06755983,Anxiety,Anxiety
NCT03198754,Depression,Depression
NCT03216356,PTSD,PTSD
NCT06670729,Fear Anxiety,Anxiety
NCT01677429,Panic Disorder,Anxiety
NCT07003529,Schizophrenia,Schizophrenia & psychosis
NCT04442503,"Depression, Postpartum",Depression
NCT03106883,Depression,Depression
NCT05797441,PTSD,PTSD
NCT05797441,Post Traumatic Stress Disorder,PTSD
NCT04503954,Schizophrenia,Schizophrenia & psychosis
NCT01207505,Bipolar I Disorder,Bipolar disorder
NCT05745194,Major Depressive Disorder - MDD,Depression
NCT07104851,Adolescent Depression,Depression
NCT02499029,PTSD,PTSD
NCT02499029,Addiction,Substance use
NCT05665491,Anxiety,Anxiety
NCT03217110,Schizophrenia,Schizophrenia & psychosis
NCT03217110,Bipolar Disorder,Bipolar disorder
NCT03217110,Depression,Depression
NCT04633096,Depression,Depression
NCT04633096,Major Depressive Disorder,Depression
NCT06103188,Anxiety,Anxiety
NCT06537869,Depression Mild,Depression
NCT06537869,Depression Moderate,Depression
NCT05726669,Depression,Depression
NCT02848469,Psychotic Disorders,Schizophrenia & psychosis
NCT04255784,Major Depressive Disorder,Depression
NCT06649552,Clinical High Risk for Psychosis (CHR),Schizophrenia & psychosis
NCT01111552,Major Depressive Disorder (MDD),Depression
NCT06714643,Major Depressive Disorder (MDD),Depression
NCT01984515,Post-traumatic Stress Disorder,PTSD
NCT06591325,Depressive Symptoms,Depression
NCT05179525,Schizophrenia,Schizophrenia & psychosis
NCT03413527,Schizophrenia,Schizophrenia & psychosis
NCT02843022,"Depression, Postpartum",Depression
NCT03489122,"Depressive Disorder, Major",Depression
NCT03489122,Post Traumatic Stress Disorder,PTSD
NCT03134651,Anxiety State,Anxiety
NCT05346588,Depression,Depression
NCT04667754,Depression,Depression
NCT04667754,Anxiety,Anxiety
NCT06425094,Anxiety,Anxiety
NCT07116694,Bipolar I Disorder,Bipolar disorder
NCT07116694,Bipolar II Disorder,Bipolar disorder
NCT07116694,Schizophrenia,Schizophrenia & psychosis
NCT07116694,Schizoaffective Disorder,Schizophrenia & psychosis
NCT07116694,Schizophreniform Disorders,Schizophrenia & psychosis
NCT03702166,"Stress Disorders, Post-Traumatic",PTSD
NCT04432129,Depression,Depression
NCT04432129,Anxiety,Anxiety
NCT01602029,Schizophrenia,Schizophrenia & psychosis
NCT01602029,Schizoaffective Disorder,Schizophrenia & psychosis
NCT01602029,Psychosis Not Otherwise Specified,Schizophrenia & psychosis
NCT01602029,Schizophreniform Disorder,Schizophrenia & psychosis
NCT02664129,Schizophrenia,Schizophrenia & psychosis
NCT02664129,Schizoaffective Disorder,Schizophrenia & psychosis
NCT01849029,Post Traumatic Stress Disorders,PTSD
NCT01849029,Substance Use Disorders,Substance use
NCT01856127,Major Depressive Disorder,Depression
NCT03715127,"Depressive Disorder, Major",Depression
NCT03603561,Bipolar Disorder,Bipolar disorder
NCT03603561,Bipolar Depression,Depression
NCT03603561,Bipolar I Disorder,Bipolar disorder
NCT03603561,Bipolar II Disorder,Bipolar disorder
NCT03603561,Depression,Depression
NCT02206386,Depression,Depression
NCT05648786,Substance Use Disorders,Substance use
NCT05648786,Substance-Related Disorders,Substance use
NCT05701670,Anxiety,Anxiety
NCT07641270,Post-traumatic Stress Disorder (PTSD),PTSD
NCT01908673,Late Life Depression,Depression
NCT06711783,Eating Disorders,Eating disorders
NCT02299583,Posttraumatic Stress Disorder,PTSD
NCT02299583,Depression,Depression
NCT02299583,Anxiety,Anxiety
NCT04588129,Schizophrenia,Schizophrenia & psychosis
NCT06005961,Depressive Symptoms,Depression
NCT06005961,Anxiety Symptoms,Anxiety
NCT03716869,Major Depressive Disorder,Depression
NCT03716869,Major Depressive Episode,Depression
NCT04163341,Depression,Depression
NCT04163341,Anxiety,Anxiety
NCT04163341,Post-traumatic Stress Disorder,PTSD
NCT04163341,Substance Use Disorders,Substance use
NCT06123702,Social Anxiety Disorder,Anxiety
NCT05386745,Mild Depression,Depression
NCT05386745,Moderate Depression,Depression
NCT04318977,Negative Symptoms With Primary Psychotic Disorder,Schizophrenia & psychosis
NCT04318977,Schizophrenia,Schizophrenia & psychosis
NCT06044675,Post Traumatic Stress Disorder,PTSD
NCT02577575,Schizophrenia,Schizophrenia & psychosis
NCT02159001,Schizophrenia,Schizophrenia & psychosis
NCT02159001,Schizoaffective Disorder,Schizophrenia & psychosis
NCT06379074,Postpartum Depression,Depression
NCT03972410,Post Traumatic Stress Disorder,PTSD
NCT02399020,Psychotic Disorder,Schizophrenia & psychosis
NCT05488782,Depression,Depression
NCT04557124,Psychosis,Schizophrenia & psychosis
NCT01916824,Major Depressive Disorder,Depression
NCT07660159,Postpartum Anxiety,Anxiety
NCT07191483,Cognitive Impairment Associated With Schizophrenia (CIAS),Schizophrenia & psychosis
NCT03993041,Depression,Depression
NCT05172505,Depression,Depression
NCT05563805,Depression,Depression
NCT05563805,Post Traumatic Stress Disorder,PTSD
NCT05563805,Anxiety,Anxiety
NCT03375294,Post Traumatic Stress Disorder,PTSD
NCT03707522,"Depression, Anxiety",Depression
NCT04772651,Depression,Depression
NCT03798431,Opioid-use Disorder,Substance use
NCT03798431,Anxiety,Anxiety
NCT03798431,Depression,Depression
NCT05788302,Post Traumatic Stress Disorder,PTSD
NCT05976945,Major Depressive Disorder,Depression
NCT05976945,Persistent Depressive Disorder,Depression
NCT03490045,Depressive Symptoms,Depression
NCT01792856,Schizophrenia,Schizophrenia & psychosis
NCT04031937,Major Depressive Disorder,Depression
NCT05834439,Anxiety,Anxiety
NCT07325370,Anxiety,Anxiety
NCT03393637,Anxiety Fear,Anxiety
NCT03393637,Prenatal Depression,Depression
NCT03753945,Depression,Depression
NCT06365645,Postpartum Depression,Depression
NCT06365645,Postpartum Anxiety,Anxiety
NCT02451670,Bipolar Disorder,Bipolar disorder
NCT02451670,Schizophrenia,Schizophrenia & psychosis
NCT03594773,Major Depressive Disorder,Depression
NCT02870283,Bipolar Disorder,Bipolar disorder
NCT04876066,Post-stroke Depression,Depression
NCT02234622,"Stress Disorders, Post-Traumatic",PTSD
NCT02232529,Schizophrenia,Schizophrenia & psychosis
NCT04826302,Anxiety,Anxiety
NCT07155941,Anhedonia,Depression
NCT07155941,Anxiety,Anxiety
NCT07155941,Depression,Depression
NCT04498754,Posttraumatic Stress Disorder,PTSD
NCT02475954,Depression,Depression
NCT01685151,Bipolar Disorder,Bipolar disorder
NCT07653022,Depression Anxiety Disorder,Depression
NCT07017322,Eating Disorders,Eating disorders
NCT07017322,Anxiety,Anxiety
NCT03024151,Depression,Depression
NCT03024151,Anxiety,Anxiety
NCT05113953,Binge-Eating Disorder,Eating disorders
NCT01938937,Anxiety,Anxiety
NCT07245212,Psychosis,Schizophrenia & psychosis
NCT07245212,Cannabis Use Disorder,Substance use
NCT07245212,First Episode Psychosis (FEP),Schizophrenia & psychosis
NCT07221201,Anxiety,Anxiety
NCT07221201,Depression in Adolescence,Depression
NCT06418269,Anxiety State,Anxiety
NCT01544205,Unipolar Depression,Depression
NCT05627154,Depression,Depression
NCT05627154,Anxiety,Anxiety
NCT03814122,Psychosis,Schizophrenia & psychosis
NCT04501445,Post Traumatic Stress Disorder,PTSD
NCT02396472,Depression,Depression
NCT02396472,Anxiety,Anxiety
NCT06793995,Alzheimer's Disease Psychosis,Schizophrenia & psychosis
NCT06793995,Parkinson Disease Psychosis,Schizophrenia & psychosis
NCT06793995,Negative Symptoms of Schizophrenia,Schizophrenia & psychosis
NCT02263872,Depressive Disorder,Depression
NCT02263872,"Depressive Disorder, Treatment Resistant",Depression
NCT02263872,Antidepressive Agents,Depression
NCT04945239,Depression,Depression
NCT04945239,Anxiety Disorders and Symptoms,Anxiety
NCT04661475,"Depressive Disorder, Major",Depression
NCT04147897,Schizophrenia,Schizophrenia & psychosis
NCT02932059,Schizophrenia,Schizophrenia & psychosis
NCT03287362,Major Depressive Disorder,Depression
NCT03446846,Major Depressive Disorder,Depression
NCT06665633,Depression,Depression
NCT04904952,OCD,OCD
NCT04893447,Depressive Disorder,Depression
NCT04893447,Depression,Depression
NCT04273958,Anxiety,Anxiety
NCT07531758,Anxiety,Anxiety
NCT06506435,Anxiety,Anxiety
NCT03156335,Obsessive-Compulsive Disorder,OCD
NCT06270108,Treatment-resistant Schizophrenia,Schizophrenia & psychosis
NCT06270108,Treatment-responsive Schizophrenia,Schizophrenia & psychosis
NCT05169710,"Depressive Episodes, Bipolar I Depression",Depression
NCT01752010,Depression,Depression
NCT01752010,PTSD Symptoms,PTSD
NCT03133013,Depression,Depression
NCT04525469,Post Traumatic Stress Disorder,PTSD
NCT07028983,Substance Use Disorder (SUD),Substance use
NCT06293313,Anxiety,Anxiety
NCT06293313,Anxiety Disorders and Symptoms,Anxiety
NCT02520024,Major Depression,Depression
NCT02520024,Bipolar Disorder,Bipolar disorder
NCT02520024,Schizophrenia,Schizophrenia & psychosis
NCT05405946,Early-onset Schizophrenia,Schizophrenia & psychosis
NCT05405946,Psychotic Disorders,Schizophrenia & psychosis
NCT05982288,Anxiety,Anxiety
NCT05262127,PTSD,PTSD
NCT04502186,Depressive Symptoms,Depression
NCT02200341,Depression,Depression
NCT05858541,Anxiety,Anxiety
NCT05858541,Agitated Depression,Depression
NCT02331433,Schizophrenia,Schizophrenia & psychosis
NCT01189552,Substance Use Disorder,Substance use
NCT04080752,Major Depressive Disorder With Anxious Distress,Depression
NCT05986747,Depression,Depression
NCT05986747,Anxiety,Anxiety
NCT02968238,Anxiety,Anxiety
NCT03284138,Schizophrenia Patients With First Rank Symptoms,Schizophrenia & psychosis
NCT01055158,Depression,Depression
NCT02263248,Major Depressive Disorder,Depression
NCT02263248,Depression,Depression
NCT04599855,"Depressive Disorder, Treatment-Resistant",Depression
NCT01727726,Depressive Disorder,Depression
NCT01727726,Depression,Depression
NCT01727726,"Depressive Disorder, Major",Depression
NCT03300778,Depressive Symptoms,Depression
NCT05612685,Depression,Depression
NCT01751035,PTSD,PTSD
NCT01751035,Alcohol Use Disorders,Substance use
NCT01751035,Substance Use Disorders,Substance use
NCT07525908,Anxiety,Anxiety
NCT02968121,Schizophrenia,Schizophrenia & psychosis
NCT02852174,"Stress, Depression, Anxiety and Worry",Depression
NCT01948024,Schizophrenia,Schizophrenia & psychosis
NCT01948024,Bipolar Disorder,Bipolar disorder
NCT06221280,Postpartum Depression,Depression
NCT04450862,Anxiety,Anxiety
NCT04450862,Anxiety Disorders,Anxiety
NCT01557946,MDD,Depression
NCT01557946,Major Depressive Disorder,Depression
NCT04780542,Major Depressive Disorder,Depression
NCT04780542,Generalized Anxiety Disorder,Anxiety
NCT07039370,Major Depression Disorder,Depression
NCT04994496,Depressive Symptoms,Depression
NCT05273996,Major Depressive Disorder,Depression
NCT07721870,Anxiety,Anxiety
NCT07721870,Depression,Depression
NCT05452746,Depression,Depression
NCT05136703,Depression,Depression
NCT05250570,Substance Use Disorders,Substance use
NCT01393613,Acute Schizophrenia,Schizophrenia & psychosis
NCT05748613,Anxiety,Anxiety
NCT07329270,Postpartum Depression (PPD),Depression
NCT02544516,Schizophrenic Disorders,Schizophrenia & psychosis
NCT04811404,Bipolar Disorder,Bipolar disorder
NCT06582784,Depression,Depression
NCT06582784,Depressive Symptoms,Depression
NCT04245748,Anxious Depression,Depression
NCT04245748,Depression,Depression
NCT05551585,Major Depression,Depression
NCT05145387,Anxiety Disorders,Anxiety
NCT06570993,Depression,Depression
NCT02184221,Major Depressive Disorder,Depression
NCT01384916,Depression,Depression
NCT06127004,Negative Symptoms in Schizophrenia,Schizophrenia & psychosis
NCT02562248,Anxiety,Anxiety
NCT04589143,Major Depressive Disorder,Depression
NCT06004115,"Depression, Anxiety",Depression
NCT06004115,Depression,Depression
NCT06004115,Anxiety and Fear,Anxiety
NCT06004115,Anxiety Disorders,Anxiety
NCT06004115,Anxious Depression,Depression
NCT03174808,Anxiety,Anxiety
NCT02713425,Anxiety,Anxiety
NCT01974076,Depression,Depression
NCT02234687,Post-traumatic Stress Disorder,PTSD
NCT06273904,Anxiety Disorders,Anxiety
NCT04104347,Schizophrenia Spectrum and Other Psychotic Disorders,Schizophrenia & psychosis
NCT04078438,Depression,Depression
NCT01998958,Treatment Resistant Depressive Disorder,Depression
NCT07153835,Schizophrenia,Schizophrenia & psychosis
NCT02600299,Anxiety,Anxiety
NCT04034732,Substance Abuse,Substance use
NCT04034732,Substance Use Disorders,Substance use
NCT07691021,Anxiety,Anxiety
NCT07691021,Depression - Major Depressive Disorder,Depression
NCT06502106,Acute Stress Disorder,PTSD
NCT06502106,Post Traumatic Stress Disorder,PTSD
NCT04307706,Anxiety Depression,Depression
NCT04370938,"Perceived Organizational Support, Anxiety, Burnout",Anxiety
NCT04707378,Depression,Depression
NCT06141876,Post-traumatic Stress Disorder,PTSD
NCT06141876,Depression,Depression
NCT03370341,Schizophrenia,Schizophrenia & psychosis
NCT03370341,Schizoaffective Disorder,Schizophrenia & psychosis
NCT03279731,Binge-Eating Disorder,Eating disorders
NCT03192631,Schizophrenia,Schizophrenia & psychosis
NCT03192631,Schizo Affective Disorder,Schizophrenia & psychosis
NCT03192631,Bipolar I Disorder,Bipolar disorder
NCT05918835,Anorexia Nervosa,Eating disorders
NCT06419608,Major Depressive Disorder,Depression
NCT02336308,Anxiety,Anxiety
NCT03263533,Schizophrenia,Schizophrenia & psychosis
NCT06884033,Depression Anxiety Disorder,Depression
NCT04502758,Major Depressive Disorder,Depression
NCT06069843,Depression,Depression
NCT02549508,Post-Traumatic Stress Disorder (PTSD),PTSD
NCT06957925,Anxiety,Anxiety
NCT06957925,Depression Disorders,Depression
NCT05229406,Depression,Depression
NCT05229406,Anxiety,Anxiety
NCT02768649,Schizophrenia,Schizophrenia & psychosis
NCT04136626,Obsessive-Compulsive Disorder,OCD
NCT03305458,Post Traumatic Stress Disorder,PTSD
NCT07753538,Social Anxiety Disorder (SAD),Anxiety
NCT03652948,Depression,Depression
NCT03652948,Depressive Symptoms,Depression
NCT03610048,Refractory Major Depressive Disorder,Depression
NCT06582225,Obsessive-Compulsive Disorder,OCD
NCT04481217,Schizophrenia,Schizophrenia & psychosis
NCT03745768,Depression,Depression
NCT06107491,Anxiety,Anxiety
NCT06107491,Depression,Depression
NCT03621774,Schizophrenia,Schizophrenia & psychosis
NCT03621774,Schizoaffective Disorder,Schizophrenia & psychosis
NCT06819813,Binge-Eating Disorder,Eating disorders
NCT06819813,Binge Eating,Eating disorders
NCT01655680,Schizophrenia,Schizophrenia & psychosis
NCT06020079,Depression,Depression
NCT06406946,Anxiety,Anxiety
NCT03412227,Anxiety Disorders,Anxiety
NCT03412227,Depression,Depression
NCT03194386,Post-Traumatic Stress Disorder,PTSD
NCT06801197,Eating Disorders,Eating disorders
NCT03850613,Anxiety,Anxiety
NCT04560023,Anxiety State,Anxiety
NCT06678880,Depression,Depression
NCT06678880,Depression During the Menopausal Transition,Depression
NCT06678880,Menopausal Depression,Depression
NCT02903862,Depression and Burden in Caregivers,Depression
NCT03090503,Schizophrenia,Schizophrenia & psychosis
NCT03090503,Psychotic Disorders,Schizophrenia & psychosis
NCT03090503,Psychosis,Schizophrenia & psychosis
NCT03005574,Schizophrenia,Schizophrenia & psychosis
NCT03005574,Schizoaffective Disorder,Schizophrenia & psychosis
NCT03005574,Bipolar Disorder,Bipolar disorder
NCT03005574,Major Depression,Depression
NCT01873482,Anxiety,Anxiety
NCT01873482,Depression,Depression
NCT02665403,Anxiety,Anxiety
NCT06893627,Eating Disorders,Eating disorders
NCT06893627,Eating Disorder Symptom and Body Image Dissatisfaction,Eating disorders
NCT05233046,Eating Disorder Weight Fixation,Eating disorders
NCT05233046,Eating Disorders,Eating disorders
NCT04188288,Opioid-Related Disorders,Substance use
NCT02356861,Post-traumatic Stress Disorder (PTSD),PTSD
NCT05650788,Bipolar Disorder Type II,Bipolar disorder
NCT05650788,Mood Depressive Disorder,Depression
NCT01807988,Depression,Depression
NCT06061952,Schizophrenia,Schizophrenia & psychosis
NCT04026152,Anxiety Disorders,Anxiety
NCT04026152,Posttraumatic Stress Disorder,PTSD
NCT04026152,Obsessive-Compulsive Disorder,OCD
NCT05849038,Depression,Depression
NCT05849038,Anhedonia,Depression
NCT05045326,Tobacco Use Disorder,Substance use
NCT01501825,Depression,Depression
NCT06923891,Schizophrenia,Schizophrenia & psychosis
NCT01578486,Schizophrenia,Schizophrenia & psychosis
NCT01578486,Schizoaffective Disorder,Schizophrenia & psychosis
NCT06949813,Anxiety in Pregnancy,Anxiety
NCT01997580,Major Depressive Disorder,Depression
NCT02129790,Bipolar Disorder,Bipolar disorder
NCT04604210,Depression,Depression
NCT04604210,Anxiety,Anxiety
NCT04604210,Major Depressive Disorder,Depression
NCT06001723,Depression,Depression
NCT06538259,Schizophrenic Patients,Schizophrenia & psychosis
NCT01095562,Cognitive Deficits in Schizophrenia,Schizophrenia & psychosis
NCT06145490,Panic Disorder,Anxiety
NCT05318924,Major Depressive Disorder,Depression
NCT06609824,Childhood Anxiety,Anxiety
NCT04041479,Treatment Resistant Depression,Depression
NCT04041479,Major Depressive Disorder,Depression
NCT02567279,Anorexia Nervosa,Eating disorders
NCT02121496,Postpartum Depression,Depression
NCT04631952,Psychosis,Schizophrenia & psychosis
NCT03831347,Depression,Depression
NCT07597447,Adolescents With Substance Use Disorder,Substance use
NCT01885026,Substance Use Disorders (SUD),Substance use
NCT06360991,Obsessive-Compulsive Disorder (OCD),OCD
NCT01098318,Depression,Depression
NCT04659174,Schizophrenia,Schizophrenia & psychosis
NCT05834010,Anorexia Nervosa,Eating disorders
NCT01055379,Depressive Symptoms,Depression
NCT05643196,Schizophrenia,Schizophrenia & psychosis
NCT05643196,Schizophrenia Schizoaffective,Schizophrenia & psychosis
NCT04457310,Early Course Schizophrenia Spectrum Disorder,Schizophrenia & psychosis
NCT01401296,Depression,Depression
NCT01975480,Generalized Anxiety Disorder,Anxiety
NCT06609291,Anxiety Disorder (Panic Disorder or GAD),Anxiety
NCT06609291,Anxiety Symptoms,Anxiety
NCT03573297,Bipolar I Disorder,Bipolar disorder
NCT03573297,Mania,Bipolar disorder
NCT03573297,Depression,Depression
NCT02429674,Depression,Depression
NCT06551090,Anxiety,Anxiety
NCT07194460,Schizophrenia Patients,Schizophrenia & psychosis
NCT01664260,Posttraumatic Stress Disorder,PTSD
NCT02713282,Schizophrenia,Schizophrenia & psychosis
NCT05082623,Anxiety,Anxiety
NCT02017262,Depression,Depression
NCT02017262,Hispanic Americans,Anxiety
NCT01920490,Major Depressive Disorder,Depression
NCT03677791,Anxiety,Anxiety
NCT03983018,Schizophrenia Spectrum and Other Psychotic Disorders,Schizophrenia & psychosis
NCT03983018,Treatment-resistant Schizophrenia,Schizophrenia & psychosis
NCT03615118,Depression,Depression
NCT05842291,Treatment-Resistant Depression,Depression
NCT05670990,Anxiety Disorders,Anxiety
NCT05670990,Anxiety,Anxiety
NCT05670990,Depression,Depression
NCT05670990,Anorexia Nervosa,Eating disorders
NCT03811990,Depression,Depression
NCT03811990,Anxiety,Anxiety
NCT03818490,Anxiety,Anxiety
NCT04880460,MDD,Depression
NCT05193318,"Opioid Use Disorder, Severe, in Sustained Remission",Substance use
NCT05193318,"Opioid Use Disorder, Severe, in Early Remission",Substance use
NCT05193318,Major Depressive Disorder,Depression
NCT06874790,Anxiety,Anxiety
NCT06874790,Depression,Depression
NCT02838290,Anxiety,Anxiety
NCT04455360,Post Traumatic Stress Disorder,PTSD
NCT04455360,Anxiety Disorders,Anxiety
NCT04455360,Depression,Depression
NCT05030623,Major Depressive Disorder,Depression
NCT07155096,Schizophrenia,Schizophrenia & psychosis
NCT05406791,Depression,Depression
NCT05406791,Anxiety,Anxiety
NCT06187090,Depressive Symptoms,Depression
NCT06187090,Anxiety State,Anxiety
NCT03416010,Depression,Depression
NCT03416010,Post-Partum Depression,Depression
NCT03416010,Anxiety,Anxiety
NCT02118610,Schizophrenia,Schizophrenia & psychosis
NCT03033420,Unipolar Depression,Depression
NCT03033420,Bipolar Disorder,Bipolar disorder
NCT02167724,Schizophrenia,Schizophrenia & psychosis
NCT01178255,Major Depression,Depression
NCT06418178,Posttraumatic Stress Disorder,PTSD
NCT06518785,Alcohol Use Disorder,Substance use
NCT03318640,Schizophrenia,Schizophrenia & psychosis
NCT02405117,Bipolar Disorder,Bipolar disorder
NCT01041976,Psychotic Disorders,Schizophrenia & psychosis
NCT01041976,Bipolar Disorder,Bipolar disorder
NCT03340350,PTSD,PTSD
NCT02572973,Separation Anxiety Disorder,Anxiety
NCT02572973,Generalized Anxiety Disorder,Anxiety
NCT02572973,Social Phobia,Anxiety
NCT05119894,Schizophrenia,Schizophrenia & psychosis
NCT03556124,Major Depressive Disorder,Depression
NCT06076746,Anxiety Generalized,Anxiety
NCT06482554,Schizophrenia,Schizophrenia & psychosis
NCT06482554,Schizophrenia; Psychosis,Schizophrenia & psychosis
NCT04575805,Obsessive-compulsive Disorders and Symptoms,OCD
NCT04575805,Obsessive Thoughts,OCD
NCT04575805,Obsessive Compulsive Behavior,OCD
NCT07110831,Depression,Depression
NCT05173831,PTSD,PTSD
NCT01401231,Depression During Pregnancy,Depression
NCT04448808,Posttraumatic Stress Disorder,PTSD
NCT02086162,Schizophrenia,Schizophrenia & psychosis
NCT02210962,Schizophrenia,Schizophrenia & psychosis
NCT04747873,Depression,Depression
NCT04747873,Major Depressive Disorder,Depression
NCT04747873,Depressive Symptoms,Depression
NCT02334566,Post-Traumatic Stress Disorder,PTSD
NCT01621737,Schizophrenia,Schizophrenia & psychosis
NCT06302712,Obsessive-Compulsive Disorder,OCD
NCT03466112,Schizophrenia,Schizophrenia & psychosis
NCT04428112,Depression,Depression
NCT03907995,Anxiety Disorder,Anxiety
NCT03907995,PTSD,PTSD
NCT03907995,Depressive Symptoms,Depression
NCT03907995,Depressive Disorder,Depression
NCT02800577,Depression,Depression
NCT03188575,Depression,Depression
NCT03188575,Anxiety Disorders,Anxiety
NCT03188575,Depressive Disorder,Depression
NCT03188575,Generalized Anxiety Disorder,Anxiety
NCT03188575,Social Anxiety Disorder,Anxiety
NCT03188575,Phobic Disorders,Anxiety
NCT03188575,Panic Disorder,Anxiety
NCT03188575,Health Anxiety,Anxiety
NCT03169712,"Stress Disorders, Post-Traumatic",PTSD
NCT06495619,Binge Eating,Eating disorders
NCT03510195,Depressive Symptoms,Depression
NCT03510195,Anxiety State,Anxiety
NCT03667677,Anxiety,Anxiety
NCT03601377,Social Anxiety,Anxiety
NCT04621877,Depression,Depression
NCT01806922,Depression,Depression
NCT02504151,Schizophrenia,Schizophrenia & psychosis
NCT02504151,Schizoaffective Disorder,Schizophrenia & psychosis
NCT04846829,Major Depressive Disorder,Depression
NCT05593029,Major Depressive Disorder,Depression
NCT01479829,Bipolar Depression,Depression
NCT04741529,"Depression, Anxiety",Depression
NCT01911429,Schizophrenia,Schizophrenia & psychosis
NCT05964023,Major Depression,Depression
NCT05964023,MDD,Depression
NCT05858346,Social Anxiety Disorder,Anxiety
NCT03950661,Anxiety,Anxiety
NCT03950661,Depression,Depression
NCT04118283,Schizophrenia,Schizophrenia & psychosis
NCT04118283,Psychotic Disorders,Schizophrenia & psychosis
NCT04118283,Bipolar Disorder,Bipolar disorder
NCT04118283,"Affective Disorders, Psychotic",Schizophrenia & psychosis
NCT04663594,Depression,Depression
NCT04663594,Anxiety,Anxiety
NCT06963580,Postpartum Depression,Depression
NCT03345979,Schizophrenia,Schizophrenia & psychosis
NCT05934162,Post Traumatic Stress Disorder,PTSD
NCT03277846,Depression,Depression
NCT05356988,Anxiety,Anxiety
NCT05356988,Depression,Depression
NCT03599141,Depressive Symptoms,Depression
NCT01155544,Substance Abuse,Substance use
NCT01155544,Substance Dependence,Substance use
NCT06278909,Generalized Anxiety Disorder,Anxiety
NCT01179009,"Depressive Disorder, Treatment-Resistant",Depression
NCT03466346,"Depression, Unipolar",Depression
NCT03466346,Posttraumatic Stress Disorder,PTSD
NCT05051969,Anxiety,Anxiety
NCT05051969,Depression,Depression
NCT04478305,"Depression, Anxiety",Depression
NCT05421494,PTSD,PTSD
NCT05421494,Subclinical PTSD,PTSD
NCT05416203,Anxiety Sensitivity,Anxiety
NCT03269370,Anxiety Disorders,Anxiety
NCT03269370,Anxiety,Anxiety
NCT02173041,Substance Use Disorder,Substance use
NCT02173041,"Drug Dependence,",Substance use
NCT02173041,Alcohol Dependence,Substance use
NCT02777905,Symptoms of Depression,Depression
NCT02777905,Symptoms of Anxiety,Anxiety
NCT03080194,Schizophrenia,Schizophrenia & psychosis
NCT07260227,Depression,Depression
NCT05467683,Obsessive-Compulsive Disorder,OCD
NCT05467683,Post Traumatic Stress Disorder,PTSD
NCT05467683,Generalized Anxiety Disorder,Anxiety
NCT05467683,Social Anxiety Disorder,Anxiety
NCT05467683,Panic Disorder,Anxiety
NCT03811041,Depression,Depression
NCT02336841,Anorexia Nervosa,Eating disorders
NCT03359486,Depression,Depression
NCT06187454,Depressive Disorder,Depression
NCT04129970,Binge-Eating Disorder,Eating disorders
NCT01971541,Posttraumatic Stress Disorder,PTSD
NCT01971541,Depression,Depression
NCT05410561,Substance Use Disorders,Substance use
NCT05410561,Substance Use,Substance use
NCT05410561,Substance Dependence,Substance use
NCT02156973,Anxiety,Anxiety
NCT07151573,Anxiety Depression,Depression
NCT05263440,Depression,Depression
NCT03249376,Bipolar Depression,Depression
NCT05732740,Depression,Depression
NCT05732740,Depressive Disorder,Depression
NCT04796389,Anxiety,Anxiety
NCT05586789,Anxiety,Anxiety
NCT05380050,PTSD,PTSD
NCT03496350,Anxiety,Anxiety
NCT03496350,Depression,Depression
NCT02685748,Psychosis,Schizophrenia & psychosis
NCT02685748,Acute Psychosis,Schizophrenia & psychosis
NCT02685748,Schizophrenia,Schizophrenia & psychosis
NCT06407648,Obsessive-Compulsive Disorder,OCD
NCT06594848,"Depression, Anxiety",Depression
NCT05825235,Anhedonia,Depression
NCT05825235,Depression,Depression
NCT06340789,Schizophrenia,Schizophrenia & psychosis
NCT06340789,Schizo Affective Disorder,Schizophrenia & psychosis
NCT05118750,Major Depressive Disorder,Depression
NCT05188950,Depressive Symptoms,Depression
NCT04018625,Anxiety,Anxiety
NCT04018625,Perinatal Depression,Depression
NCT02943876,Depression,Depression
NCT06567340,Depression,Depression
NCT02741791,Treatment Resistant Major Depressive Disorder,Depression
NCT06796868,Major Depressive Disorder (MDD),Depression
NCT02332291,Major Depressive Disorder,Depression
NCT05415891,Substance Use Disorder,Substance use
NCT03150225,Depressive Symptoms,Depression
NCT03300440,Depression,Depression
NCT02925325,Major Depressive Disorder,Depression
NCT04889755,Posttraumatic Stress Disorder,PTSD
NCT03305055,Posttraumatic Stress Disorder,PTSD
NCT02800226,Major Depressive Disorder,Depression
NCT06347978,Obsessive-Compulsive Disorder,OCD
NCT06347978,OCD,OCD
NCT02947243,Anxiety,Anxiety
NCT04234425,"Depression, Anxiety",Depression
NCT04414943,Prenatal Depression,Depression
NCT04414943,Postpartum Depression,Depression
NCT01860443,Depression,Depression
NCT02083926,Social Anxiety Disorder,Anxiety
NCT03927378,Prenatal Depression,Depression
NCT03927378,Postpartum Depression,Depression
NCT05975008,Depression,Depression
NCT06258655,"Depression, Postpartum",Depression
NCT06258655,Anxiety,Anxiety
NCT01876225,Anxiety,Anxiety
NCT02289248,Depression,Depression
NCT07156448,Depression,Depression
NCT06845878,Opiate-Related Disorders,Substance use
NCT06845878,Opiate Substitution Treatment,Substance use
NCT04853485,Schizophrenia; Psychosis,Schizophrenia & psychosis
NCT04853485,First Episode Psychosis,Schizophrenia & psychosis
NCT06861608,Eating Disorder Not Otherwise Specified,Eating disorders
NCT02375308,Major Depressive Disorder,Depression
NCT01551225,Panic Disorder,Anxiety
NCT05930015,Anxiety and Fear,Anxiety
NCT05400785,Major Depressive Disorder,Depression
NCT05400785,Bipolar 1 Disorder,Bipolar disorder
NCT05400785,Bipolar II Disorder,Bipolar disorder
NCT07051135,Public Speaking Anxiety,Anxiety
NCT03093025,Major Depressive Disorder,Depression
NCT01441843,Anxiety,Anxiety
NCT01621815,Depression,Depression
NCT01621815,Anxiety,Anxiety
NCT06661408,Anxiety,Anxiety
NCT03064776,Schizophrenia,Schizophrenia & psychosis
NCT01520129,Bipolar Disorder NOS,Bipolar disorder
NCT05046353,Schizophrenia,Schizophrenia & psychosis
NCT05046353,Schizo Affective Disorder,Schizophrenia & psychosis
NCT06364137,Anxiety Disorders,Anxiety
NCT02907437,Schizophrenia,Schizophrenia & psychosis
NCT03681145,"Mental Health Issue (E.G., Depression, Psychosis, Personality Disorder, Substance Abuse)",Depression
NCT03681145,Depression,Depression
NCT03681145,Substance Use,Substance use
NCT06474195,Schizophrenia,Schizophrenia & psychosis
NCT03203395,Depression,Depression
NCT03203395,Depressive Symptoms,Depression
NCT03203395,Depressive Disorder,Depression
NCT03203395,Anxiety,Anxiety
NCT03203395,Anxiety Disorders,Anxiety
NCT03203395,Panic Attacks,Anxiety
NCT02544295,Addiction,Substance use
NCT02544295,Anxiety,Anxiety
NCT02544295,Depression,Depression
NCT05780177,Posttraumatic Stress Disorder,PTSD
NCT01073657,PTSD,PTSD
NCT06580457,Substance Use Disorder,Substance use
NCT01437657,Major Depressive Disorder,Depression
NCT05501457,Anxiety,Anxiety
NCT02611401,Depression,Depression
NCT07030530,State Anxiety,Anxiety
NCT03060967,Major Depression,Depression
NCT01706965,Schizophrenia,Schizophrenia & psychosis
NCT01706965,Schizoaffective Disorder,Schizophrenia & psychosis
NCT07411807,Eating Disorders,Eating disorders
NCT04243798,Treatment Resistant Depression,Depression
NCT05705063,Bipolar Disorder I,Bipolar disorder
NCT05705063,Bipolar II Disorder,Bipolar disorder
NCT05705063,Bipolar I Disorder,Bipolar disorder
NCT05705063,Bipolar Disorder,Bipolar disorder
NCT05705063,Bipolar Depression,Depression
NCT05705063,Bipolar and Related Disorders,Bipolar disorder
NCT05705063,"Bipolar Disorder, Type 1",Bipolar disorder
NCT05705063,"Bipolar Disorder, Type 2",Bipolar disorder
NCT05705063,"Bipolar Disorder, Mixed",Bipolar disorder
NCT07590609,Severe Major Depression Disorder,Depression
NCT03042832,Substance Use Disorder,Substance use
NCT01339598,Bipolar Disorder,Bipolar disorder
NCT07800663,Depressive Disorder,Depression
NCT04829318,"Depressive Disorder, Major",Depression
NCT06957210,PTSD - Post Traumatic Stress Disorder,PTSD
NCT03350360,PTSD,PTSD
NCT02536924,Depression Anxiety Disorder,Depression
NCT02087956,Depression,Depression
NCT03314129,Schizophrenia,Schizophrenia & psychosis
NCT03314129,Schizoaffective Disorder,Schizophrenia & psychosis
NCT06273137,Depression,Depression
NCT02823639,Schizophrenia,Schizophrenia & psychosis
NCT07052357,Depression - Major Depressive Disorder,Depression
NCT02832401,Schizophrenia,Schizophrenia & psychosis
NCT06853912,Alcohol Use Disorder (AUD),Substance use
NCT06853912,PTSD,PTSD
NCT03105700,"Depressions, Refractory",Depression
NCT07280000,Postpartum Depression (PPD),Depression
NCT04646200,Psychosis,Schizophrenia & psychosis
NCT04223011,Alcohol Use Disorder,Substance use
NCT06051864,Depression,Depression
NCT03068676,Depressive Disorder,Depression
NCT03068676,Anxiety Disorders,Anxiety
NCT03068676,Depression,Depression
NCT03469089,Schizophrenia,Schizophrenia & psychosis
NCT06856668,Depression - Major Depressive Disorder,Depression
NCT01537068,Dysthymic Disorder,Depression
NCT01537068,Dysthymia,Depression
NCT01537068,Chronic Depressive Disorder,Depression
NCT04355091,Postpartum Depression,Depression
NCT06420674,Anxiety Depression,Depression
NCT03737474,Major Depressive Disorder,Depression
NCT02943213,Anti-Psychotic,Schizophrenia & psychosis
NCT02943213,Management of Manifestations of Psychotic Disorders,Schizophrenia & psychosis
NCT02943213,Treatment of Schizophrenia,Schizophrenia & psychosis
NCT02943213,Control Manifestations of the Manic Type of Mani-depressive Illness,Depression
NCT07771413,Depression,Depression
NCT05441124,Anxiety,Anxiety
NCT05705323,"Depression, Anxiety",Depression
NCT01537679,Depression NOS,Depression
NCT01537679,Major Depressive Disorder,Depression
NCT01537679,Anxiety NOS,Anxiety
NCT05814640,Depression,Depression
NCT07119268,Schizophrenia and Related Disorders,Schizophrenia & psychosis
NCT05447091,Depressive Symptoms,Depression
NCT02321891,Anxiety,Anxiety
NCT01168674,Depression,Depression
NCT01168674,Bipolar Disorder,Bipolar disorder
NCT06476418,Fear Anxiety,Anxiety
NCT04692610,Anxiety,Anxiety
NCT04692610,Depression,Depression
NCT07006220,Anxiety Symptoms,Anxiety
NCT07006220,Depressive Symptoms,Depression
NCT04637620,Major Depressive Disorder,Depression
NCT04784182,Anxiety Generalized,Anxiety
NCT02359123,Atypical Anorexia Nervosa,Eating disorders
NCT01626859,Schizophrenia,Schizophrenia & psychosis
NCT05264376,Eating Disorders,Eating disorders
NCT06834217,Obsessive Compulsive Disorder (OCD),OCD
NCT06390540,Postpartum Depression,Depression
NCT06755710,PTSD,PTSD
NCT06755710,Depression Disorders,Depression
NCT04523610,"Depression, Anxiety",Depression
NCT04210713,Alcoholism,Substance use
NCT04210713,Substance-Related Disorders,Substance use
NCT02169960,Depression,Depression
NCT02169960,Anxiety,Anxiety
NCT01514682,Schizophrenia,Schizophrenia & psychosis
NCT02411123,Depression,Depression
NCT02411123,Anxiety,Anxiety
NCT03865459,Anxiety,Anxiety
NCT01460290,Bipolar Disorder,Bipolar disorder
NCT04309097,Anxiety,Anxiety
NCT05018013,Major Depressive Disorder (MDD),Depression
NCT01714713,Schizophrenia,Schizophrenia & psychosis
NCT02192723,Schizophrenia,Schizophrenia & psychosis
NCT06795659,Post Traumatic Stress Disorder PTSD,PTSD
NCT07326618,Schizophrenia,Schizophrenia & psychosis
NCT05625360,Postoperative Depression,Depression
NCT05625360,Anxiety,Anxiety
NCT04543123,Major Depressive Disorder,Depression
NCT02863380,Depressive Disorder,Depression
NCT04768920,Substance Use Disorders,Substance use
NCT04768920,Substance Use,Substance use
NCT04768920,Substance Dependence,Substance use
NCT01934023,Schizophrenia,Schizophrenia & psychosis
NCT06181110,Depression,Depression
NCT05764213,Substance Use Disorders,Substance use
NCT05764213,Postpartum Depression,Depression
NCT05764213,Postpartum Anxiety,Anxiety
NCT04292223,Parkinson Disease Psychosis,Schizophrenia & psychosis
NCT03379480,Schizophrenia,Schizophrenia & psychosis
NCT01947179,Anxiety,Anxiety
NCT03994159,Anxiety,Anxiety
NCT04183946,Prenatal Anxiety,Anxiety
NCT04183946,Generalized Anxiety,Anxiety
NCT04183946,Postpartum Depression,Depression
NCT04183946,Major Depressive Disorder,Depression
NCT00571246,Alcohol Dependence,Substance use
NCT00571246,Post Traumatic Stress Disorder,PTSD
NCT01563003,Generalized Anxiety Disorder,Anxiety
NCT01563003,Social Phobia,Anxiety
NCT01563003,Separation Anxiety Disorder,Anxiety
NCT01563003,Obsessive-compulsive Disorder,OCD
NCT05544110,PTSD,PTSD
NCT05057624,Posttraumatic Stress Disorder,PTSD
NCT03596879,Post Partum Depression,Depression
NCT04310579,Ventilatory Depression,Depression
NCT03757988,Schizophrenia,Schizophrenia & psychosis
NCT03757988,Schizoaffective Disorder,Schizophrenia & psychosis
NCT03757988,Brief Psychotic Disorder,Schizophrenia & psychosis
NCT03757988,Schizophreniform Disorder,Schizophrenia & psychosis
NCT03757988,Unspecified Schizophrenia Spectrum and Other Psychotic Disorder,Schizophrenia & psychosis
NCT01516827,Post-Traumatic Stress Disorder,PTSD
NCT04659954,Substance-Related Disorders,Substance use
NCT03425851,Depressive Symptoms,Depression
NCT01463202,Postpartum Depression,Depression
NCT04548609,Obsessive-Compulsive Disorder,OCD
NCT07133893,Symptoms of Anxiety,Anxiety
NCT07193914,PTSD,PTSD
NCT07193914,Addiction,Substance use
NCT07193914,Substance Use Disorders,Substance use
NCT01663649,Depression,Depression
NCT06526078,Depression,Depression
NCT02526355,Maternal Depression,Depression
NCT04285515,Bipolar Depression,Depression
NCT04285515,Major Depressive Disorder,Depression
NCT05869708,Depression,Depression
NCT05869708,Anhedonia,Depression
NCT03665415,"Mental Health Issue (E.G., Depression, Psychosis, Personality Disorder, Substance Abuse)",Depression
NCT03503435,Depressive Symptoms,Depression
NCT04636840,Eating Disorders,Eating disorders
NCT04521868,Schizophrenia,Schizophrenia & psychosis
NCT06355414,Depression,Depression
NCT06479447,PTSD,PTSD
NCT03161249,Psychosis,Schizophrenia & psychosis
NCT02335658,Schizophrenia,Schizophrenia & psychosis
NCT04814355,Major Depressive Disorder,Depression
NCT04849026,Schizophrenia,Schizophrenia & psychosis
NCT03560726,Anxiety,Anxiety
NCT03560726,Depression,Depression
NCT03848715,Anhedonia,Depression
NCT03848715,Depression,Depression
NCT05725408,Binge Eating,Eating disorders
NCT02794389,Anorexia Nervosa,Eating disorders
NCT06295250,Depression,Depression
NCT06295250,Anxiety,Anxiety
NCT02532491,Schizophrenia,Schizophrenia & psychosis
NCT02532491,Psychotic Disorders,Schizophrenia & psychosis
NCT02328690,Anxiety,Anxiety
NCT05053360,Anxiety,Anxiety
NCT06049433,Postpartum Depression,Depression
NCT06049433,Perinatal Depression,Depression
NCT05011552,Depression,Depression
NCT05011552,Anxiety,Anxiety
NCT05011552,PTSD,PTSD
NCT05732155,Post Traumatic Stress Disorder,PTSD
NCT04572035,Depression,Depression
NCT02069925,Psychosis,Schizophrenia & psychosis
NCT02069925,Schizophrenia,Schizophrenia & psychosis
NCT03932474,Depressive Symptoms,Depression
NCT03652974,Schizophrenia,Schizophrenia & psychosis
NCT06215313,"Stress Disorders, Post-Traumatic",PTSD
NCT06215313,Depression,Depression
NCT05963750,Anxiety,Anxiety
NCT06022497,Depression,Depression
NCT01794897,Schizophrenia,Schizophrenia & psychosis
NCT01794897,Schizoaffective Disorder,Schizophrenia & psychosis
NCT01892813,Nicotine Dependence,Substance use
NCT02780635,Ptsd,PTSD
NCT06253676,Post Partum Depression,Depression
NCT03601117,Depression and Suicide,Depression
NCT06326840,Schizophrenia,Schizophrenia & psychosis
NCT05883774,Generalized Anxiety Disorder,Anxiety
NCT03503318,Schizophrenia,Schizophrenia & psychosis
NCT06795555,Anorexia Nervosa,Eating disorders
NCT05768126,Depressive Disorder,Depression
NCT07128017,Anxiety,Anxiety
NCT07128017,Depressive,Depression
NCT06917950,Depression Anxiety Disorder,Depression
NCT05569018,Anxiety Disorders,Anxiety
NCT05569018,Depressive Disorders,Depression
NCT05546697,Depression,Depression
NCT06641115,Opioid Use Disorder,Substance use
NCT06641115,Posttraumatic Stress Disorder (PTSD),PTSD
NCT04787068,Depression,Depression
NCT06266390,Depression,Depression
NCT06266390,Major Depressive Disorder,Depression
NCT06266390,Persistent Depressive Disorder,Depression
NCT06936397,Schizophrenia Disorders,Schizophrenia & psychosis
NCT03368560,Late Life Depression,Depression
NCT02123160,Depression,Depression
NCT01488929,Schizophrenia,Schizophrenia & psychosis
NCT06247839,Major Depressive Disorder,Depression
NCT01400477,Schizophrenia,Schizophrenia & psychosis
NCT01400477,Schizoaffective Disorder,Schizophrenia & psychosis
NCT05652803,Depressive Symptoms,Depression
NCT05941442,Panic Disorder,Anxiety
NCT06570369,Major Depressive Disorder,Depression
NCT06570369,Depression,Depression
NCT05965245,Depression,Depression
NCT07847242,"Depressive Disorder, Treatment-Resistant",Depression
NCT01123486,Ventilatory Depression,Depression
NCT04888169,Post Traumatic Stress Disorder,PTSD
NCT01329341,PTSD,PTSD
NCT02080351,Post-traumatic Stress Disorders,PTSD
NCT03890029,Chronic Post-Traumatic Stress Disorder,PTSD
NCT02366429,Antenatal Depression,Depression
NCT06110702,Post-traumatic Stress Disorder,PTSD
NCT06110702,Obsessive-Compulsive Disorder,OCD
NCT05263037,Anxiety,Anxiety
NCT05263037,Depression,Depression
NCT01312272,Schizophrenia,Schizophrenia & psychosis
NCT02041572,Posttraumatic Stress Disorder,PTSD
NCT02488551,Depression,Depression
NCT02155829,PTSD,PTSD
NCT05127837,Psychosis,Schizophrenia & psychosis
NCT05127837,Schizophrenia,Schizophrenia & psychosis
NCT05127837,Schizo Affective Disorder,Schizophrenia & psychosis
NCT05127837,Bipolar Disorder,Bipolar disorder
NCT05127837,Depressive Disorder,Depression
NCT04570072,Comorbidity of Depression and Constipation,Depression
NCT01145872,Major Depressive Disorder,Depression
NCT02248675,Depression,Depression
NCT02248675,Posttraumatic Stress Disorder,PTSD
NCT06696157,Opioid Use Disorder,Substance use
NCT03094429,Refractory Schizophrenia,Schizophrenia & psychosis
NCT01106053,Binge Eating Disorder,Eating disorders
NCT01263275,Major Depression,Depression
NCT06751875,Major Depressive Disorder (MDD),Depression
NCT02675257,Depression,Depression
NCT02675257,Depressive Symptoms,Depression
NCT03011801,Depression,Depression
NCT02294305,Social Anxiety Disorder,Anxiety
NCT02294305,Major Depressive Disorder,Depression
NCT03368794,Opioid Dependence,Substance use
NCT03368794,Opioid Intoxication,Substance use
NCT03368794,Substance Use Disorders,Substance use
NCT07253831,Anxiety,Anxiety
NCT03829839,"Oxytocin, Lorazepam, Anti-Anxiety Agents, Physiological Effects of Drugs",Anxiety
NCT05672446,Anxiety,Anxiety
NCT03855683,Depressive Disorders,Depression
NCT03855683,Anxiety Disorders,Anxiety
NCT04602741,Schizophrenia,Schizophrenia & psychosis
NCT04602741,Schizo Affective Disorder,Schizophrenia & psychosis
NCT04602741,Psychotic Disorders,Schizophrenia & psychosis
NCT02959502,Major Depressive Disorder,Depression
NCT01575561,Bipolar I Disorder,Bipolar disorder
NCT01206842,Schizophrenia,Schizophrenia & psychosis
NCT06263166,Anxiety State,Anxiety
NCT02936466,Bipolar Disorders,Bipolar disorder
NCT05122429,Depressive Symptoms,Depression
NCT05122429,Anxiety,Anxiety
NCT02279953,Major Depressive Disorder,Depression
NCT02732561,Depression,Depression
NCT02732561,Anxiety,Anxiety
NCT05973461,Symptoms of Depression,Depression
NCT06814002,Anorexia Nervosa,Eating disorders
NCT05549128,Anxiety,Anxiety
NCT03305328,Anxiety Disorders and Symptoms,Anxiety
NCT03305328,Post Traumatic Stress Disorder,PTSD
NCT04166019,Early Psychosis,Schizophrenia & psychosis
NCT04166019,Psychotic Disorders,Schizophrenia & psychosis
NCT03043430,Anxiety,Anxiety
NCT02612142,Major Depressive Disorder,Depression
NCT02057627,Postpartum Depression,Depression
NCT02472483,Bipolar Disorder,Bipolar disorder
NCT02472483,Anxious Disorder,Anxiety
NCT02472483,Alcohol Dependence,Substance use
NCT02836054,Bipolar Disorder,Bipolar disorder
NCT04421456,Schizophrenia,Schizophrenia & psychosis
NCT03301922,Anxiety,Anxiety
NCT03301922,Depression,Depression
NCT01308151,Depression,Depression
NCT02420431,Depression,Depression
NCT02420431,Anxiety,Anxiety
NCT05716802,Schizophrenia,Schizophrenia & psychosis
NCT03672175,Major Depressive Disorder,Depression
NCT07239401,Obsessive - Compulsive Disorder,OCD
NCT05500001,Psychotic Disorders,Schizophrenia & psychosis
NCT01263119,Major Depressive Disorder,Depression
NCT01490567,Schizophrenia,Schizophrenia & psychosis
NCT07168005,Anxiety,Anxiety
NCT04958902,PTSD,PTSD
NCT04958902,Anxiety,Anxiety
NCT04958902,Depressive Symptoms,Depression
NCT02337439,Schizophrenia,Schizophrenia & psychosis
NCT02337439,Schizoaffective Disorder,Schizophrenia & psychosis
NCT07082777,Schizophrenia Disorders,Schizophrenia & psychosis
NCT07082777,Obsessive - Compulsive Disorder,OCD
NCT07082777,Anxiety Disorders,Anxiety
NCT07082777,Recurrent Depressive Disorder,Depression
NCT07082777,PTSD - Post Traumatic Stress Disorder,PTSD
NCT07082777,Eating Disorders,Eating disorders
NCT07082777,Bipolar Disorders,Bipolar disorder
NCT02558075,Depression,Depression
NCT02558075,Anxiety,Anxiety
NCT02558075,Bipolar Disorder,Bipolar disorder
NCT06975670,Psychosis,Schizophrenia & psychosis
NCT03892473,Schizophrenia,Schizophrenia & psychosis
NCT03892473,Bipolar Disorder,Bipolar disorder
NCT03892473,Severe Depression,Depression
NCT07160673,Depression in Older Adults,Depression
NCT07160673,Anxiety in Older Adults,Anxiety
NCT06263894,Anxiety,Anxiety
NCT02675556,Treatment Resistant Depression,Depression
NCT04075877,Depressive Symptoms,Depression
NCT01783457,Psychosis,Schizophrenia & psychosis
NCT06806267,PTSD - Post Traumatic Stress Disorder,PTSD
NCT05734573,Eating Disorders,Eating disorders
NCT03100656,Anorexia Nervosa,Eating disorders
NCT03109795,Anxiety,Anxiety
NCT01940939,Schizophrenia,Schizophrenia & psychosis
NCT02766101,Anxiety Disorders,Anxiety
NCT06247930,Depressive Symptoms,Depression
NCT05744141,Anxiety Level,Anxiety
NCT07622654,OCD,OCD
NCT07622654,Obsessive - Compulsive Disorder,OCD
NCT07516431,Feeding and Eating Disorders,Eating disorders
NCT05992545,Depression,Depression
NCT01209377,Post-Traumatic Stress Disorder,PTSD
NCT05219175,"Stress Disorders, Post-Traumatic",PTSD
NCT05219175,Opioid Use Disorder,Substance use
NCT04409457,Bulimia Nervosa,Eating disorders
NCT05622201,Schizophrenia Spectrum and Other Psychotic Disorders,Schizophrenia & psychosis
NCT04501328,"Stress Disorders, Post-traumatic",PTSD
NCT02148965,Maternal Post-partum Depression,Depression
NCT07051200,Anxiety,Anxiety
NCT07051200,Depression Disorders,Depression
NCT06944366,Obsessive-Compulsive Disorder (OCD),OCD
NCT04567472,Anxiety,Anxiety
NCT04567472,Depression,Depression
NCT02069301,Depression,Depression
NCT04603781,Anxiety Depression,Depression
NCT04603781,Alcohol Abuse,Substance use
NCT04603781,Substance Abuse,Substance use
NCT05515354,Nicotine Dependence,Substance use
NCT05515354,Nicotine Use Disorder,Substance use
NCT05515354,Substance Use Disorders,Substance use
NCT05471154,Alcohol Use Disorder (AUD),Substance use
NCT02741622,Depressive Disorder,Depression
NCT02741622,"Depressive Disorder, Major",Depression
NCT02574429,Posttraumatic Stress Disorder,PTSD
NCT01075295,Schizophreniform Disorder,Schizophrenia & psychosis
NCT01075295,Bipolar I Disorder,Bipolar disorder
NCT01075295,Bipolar II Disorder,Bipolar disorder
NCT01075295,Major Depressive Disorder,Depression
NCT01075295,Substance-Induced Psychoses,Schizophrenia & psychosis
NCT01075295,Psychosis Not Otherwise Specified,Schizophrenia & psychosis
NCT01075295,Schizophrenia,Schizophrenia & psychosis
NCT01075295,Schizoaffective Disorder,Schizophrenia & psychosis
NCT04228575,Anxiety,Anxiety
NCT04228575,Depression,Depression
NCT03053557,Schizophrenia Spectrum and Other Psychotic Disorders,Schizophrenia & psychosis
NCT06854601,Anxiety Disorders and Symptoms,Anxiety
NCT03731481,Depression,Depression
NCT01461681,Depression,Depression
NCT06500624,Depression,Depression
NCT05719246,Anxiety,Anxiety
NCT04189146,Anxiety,Anxiety
NCT04189146,Depression,Depression
NCT04830527,Depressive Symptoms,Depression
NCT04200170,Depression,Depression
NCT06046573,Anxiety,Anxiety
NCT06046573,Depression,Depression
NCT02484794,Eating Disorders,Eating disorders
NCT01629966,Generalized Anxiety Disorder,Anxiety
NCT07523256,Schizophrenia,Schizophrenia & psychosis
NCT07523256,Psychotic Disorders,Schizophrenia & psychosis
NCT04039022,Major Depressive Disorder,Depression
NCT04039022,Treatment Resistant Depression,Depression
NCT04039022,Depression,Depression
NCT00993629,Post-traumatic Stress Disorder,PTSD
NCT00993629,Major Depressive Disorder,Depression
NCT06833801,Anxiety,Anxiety
NCT03096886,Depression,Depression
NCT03096886,Major Depressive Disorder,Depression
NCT03096886,Depressive Disorder,Depression
NCT03096886,"Depression, Unipolar",Depression
NCT01557153,Depression,Depression
NCT05145270,Major Depressive Disorder,Depression
NCT02499094,Depressive Disorder,Depression
NCT07219056,Substance Use Disorders,Substance use
NCT07219056,Posttraumatic Stress Symptom,PTSD
NCT07219056,Anxiety,Anxiety
NCT05803551,Depression,Depression
NCT02443051,Social Anxiety Disorder,Anxiety
NCT01157351,Schizophrenia,Schizophrenia & psychosis
NCT04624802,Anxiety,Anxiety
NCT01571453,Major Depressive Disorder,Depression
NCT03537053,Depression,Depression
NCT04898270,Schizophrenia; Psychosis,Schizophrenia & psychosis
NCT04898270,Antipsychotic Agents,Schizophrenia & psychosis
NCT01784666,Bipolar Disorder,Bipolar disorder
NCT04829266,Anxiety,Anxiety
NCT04504253,Major Depressive Disorder,Depression
NCT01635075,Tobacco Dependence,Substance use
NCT07014241,Major Depressive Disorder (MDD),Depression
NCT02273154,Major Depression Disorder,Depression
NCT01094951,Depression,Depression
NCT02355002,Obsessive Compulsive Disorder,OCD
NCT02845102,Depression,Depression
NCT02845102,Comorbid Depression,Depression
NCT03874845,Post Traumatic Stress Disorder,PTSD
NCT02425345,Mobility and Independence,Substance use
NCT02425345,Depressive Symptoms,Depression
NCT05015595,Obsessive-Compulsive Disorder,OCD
NCT06358495,Depressive Symptoms,Depression
NCT06358495,Anxiety Symptoms,Anxiety
NCT01766401,Generalized Anxiety Disorder,Anxiety
NCT04423783,Spider Phobia,Anxiety
NCT05901922,Schizophrenia,Schizophrenia & psychosis
NCT04365829,Anxiety Disorders,Anxiety
NCT01436331,Psychosis,Schizophrenia & psychosis
NCT01931995,"Major Depressive Disorder, Recurrent",Depression
NCT02205177,Anxiety,Anxiety
NCT03685942,Major Depressive Disorder,Depression
NCT03685942,Unipolar Depression,Depression
NCT01431573,Major Depressive Disorder,Depression
NCT01431573,Bipolar Disorder,Bipolar disorder
NCT06159673,Alzheimer's Disease Psychosis,Schizophrenia & psychosis
NCT04342494,Depression,Depression
NCT04342494,Addiction,Substance use
NCT04342494,Anxiety,Anxiety
NCT05573672,Generalized Anxiety Disorder,Anxiety
NCT01543139,Bipolar Depression,Depression
NCT04305977,PTSD,PTSD
NCT04305977,Depression,Depression
NCT06289842,Suicide and Depression,Depression
NCT03039361,PostTraumatic Stress Disorder,PTSD
NCT07194473,Obsessive Compulsive Disorder (OCD),OCD
NCT01890083,Major Depressive Disorder,Depression
NCT04025905,Schizophrenia,Schizophrenia & psychosis
NCT05232422,Anxiety,Anxiety
NCT06525922,Perinatal Depression,Depression
NCT06489522,Substance Use Disorders,Substance use
NCT06489522,Children of Mothers With Substance Use Disorders,Substance use
NCT01551329,Depression,Depression
NCT01551329,Alcohol Dependence,Substance use
NCT04404231,Depression,Depression
NCT04404231,Intrapartum Depression,Depression
NCT04592042,Early Psychosis,Schizophrenia & psychosis
NCT06950970,Depressive and Anxiety Disorders,Depression
NCT01822366,Post Traumatic Stress,PTSD
NCT01822366,Post Traumatic Stress Disorder,PTSD
NCT01822366,Depressive Symptoms,Depression
NCT02252822,Eating Disorders,Eating disorders
NCT07118072,Subthreshold Depression,Depression
NCT05901272,Depression,Depression
NCT07233772,Anxiety,Anxiety
NCT04229875,Bipolar Disorder,Bipolar disorder
NCT06279312,Anxiety Disorders,Anxiety
NCT06707012,Depression,Depression
NCT04641065,Anxiety,Anxiety
NCT06854367,Late Life Depression (LLD),Depression
NCT06854367,Depression - Major Depressive Disorder,Depression
NCT06854367,"Depressive Disorder, Treatment-Resistant",Depression
NCT04633707,Depressive Disorder,Depression
NCT04046536,Depression,Depression
NCT05615675,Anxiety,Anxiety
NCT02572830,PTSD,PTSD
NCT05756465,Anxiety,Anxiety
NCT02772211,Treatment Resistant Depression,Depression
NCT04889911,First Episode Psychosis,Schizophrenia & psychosis
NCT02390271,Schizophrenia,Schizophrenia & psychosis
NCT04432064,Nicotine Use Disorder,Substance use
NCT04432064,Substance Use Disorders,Substance use
NCT06633263,Depression - Major Depressive Disorder,Depression
NCT02360228,Schizophrenia,Schizophrenia & psychosis
NCT02360228,Schizoaffective Disorder,Schizophrenia & psychosis
NCT06274567,Bipolar Disorder,Bipolar disorder
NCT04694807,Depression,Depression
NCT04694807,Anxiety,Anxiety
NCT04694807,Posttraumatic Stress Disorder,PTSD
NCT04053244,Depression,Depression
NCT01608399,Major Depressive Disorder,Depression
NCT02094898,Depression,Depression
NCT06290063,Anxiety,Anxiety
NCT06290063,Depression,Depression
NCT04719663,Condition: Major Depressive Disorder (MDD),Depression
NCT04899687,Obsessive-Compulsive Disorder,OCD
NCT04899687,Illness Anxiety Disorder,Anxiety
NCT04480021,Depression,Depression
NCT05965401,Depression in Adolescence,Depression
NCT04279028,Depression,Depression
NCT04640636,"Depression, Unipolar",Depression
NCT04640636,"Depression, Bipolar",Depression
NCT01610011,Schizophrenia,Schizophrenia & psychosis
NCT01610011,Psychotic Disorders,Schizophrenia & psychosis
NCT02665611,Schizophrenia,Schizophrenia & psychosis
NCT02665611,Schizoaffective Disorder,Schizophrenia & psychosis
NCT02665611,Bipolar Disorder,Bipolar disorder
NCT04173598,Schizophrenia,Schizophrenia & psychosis
NCT02195193,Depression,Depression
NCT04711993,Anxiety,Anxiety
NCT02666495,Anorexia Nervosa,Eating disorders
NCT02728557,Major Depressive Disorder,Depression
NCT05624528,Obsessive-Compulsive Disorder,OCD
NCT05624528,OCD,OCD
NCT02913898,Depression,Depression
NCT04593563,Major Depressive Disorder,Depression
NCT07478393,Anxiety,Anxiety
NCT07478393,Depression,Depression
NCT06966921,Depression Disorders,Depression
NCT03308864,Depression,Depression
NCT04111887,Depressive Symptoms,Depression
NCT06400121,Depression,Depression
NCT04966312,Maternal Anxiety,Anxiety
NCT04966312,Maternal Depression,Depression
NCT03094000,Bulimia Nervosa,Eating disorders
NCT03094000,Binge-Eating Disorder,Eating disorders
NCT05242367,Post Traumatic Stress Disorder,PTSD
NCT06825507,Depression,Depression
NCT03208036,Schizophrenia,Schizophrenia & psychosis
NCT03208036,Bipolar Disorder,Bipolar disorder
NCT03208036,Schizo Affective Disorder,Schizophrenia & psychosis
NCT06234371,Post Traumatic Stress Disorder,PTSD
NCT06234371,Depression,Depression
NCT06234371,Depressive Disorder,Depression
NCT01411709,Mild Stress/Anxiety,Anxiety
NCT05630781,Nicotine Dependence,Substance use
NCT03680781,Treatment Resistant Depression,Depression
NCT06862830,Anxiety,Anxiety
NCT04679636,"Heart Rate Variability, Biofeedback, Nicotine Dependence, Nicotine Withdrawal, Anxiety, Depression, Insomnia",Depression
NCT03874611,Obsessive-Compulsive Disorder,OCD
NCT03874611,Depression,Depression
NCT01139099,Schizophrenia,Schizophrenia & psychosis
NCT03300232,Generalized Anxiety Disorder,Anxiety
NCT03300232,Panic Disorder,Anxiety
NCT03300232,Social Anxiety,Anxiety
NCT03300232,Alcohol Use Disorder,Substance use
NCT01392287,Major Depressive Disorder,Depression
NCT06368687,Anorexia Nervosa,Eating disorders
NCT05354895,Bipolar Disorder,Bipolar disorder
NCT05296057,Anxiety Disorders and Symptoms,Anxiety
NCT01654601,Schizophrenia,Schizophrenia & psychosis
NCT05225701,Anxiety Disorders,Anxiety
NCT05225701,Depression,Depression
NCT03093064,Schizophrenia,Schizophrenia & psychosis
NCT01939210,Anxiety,Anxiety
NCT01939210,Depression,Depression
NCT01939210,Post-Traumatic Stress Disorder,PTSD
NCT03884712,Anxiety,Anxiety
NCT03884712,Panic Attacks,Anxiety
NCT03351465,Anxiety,Anxiety
NCT03351465,Depression,Depression
NCT03351465,"Depression, Postpartum",Depression
NCT04806165,Eating Disorders,Eating disorders
NCT07319936,Eating Disorders,Eating disorders
NCT02751632,Psychotic Disorders,Schizophrenia & psychosis
NCT02874898,Chronic Post-Traumatic Stress Disorder,PTSD
NCT05116514,Psychotic Episode,Schizophrenia & psychosis
NCT03471806,Bulimia Nervosa,Eating disorders
NCT07097636,Anxiety,Anxiety
NCT02989493,Alcoholism,Substance use
NCT07080606,PTSD - Post Traumatic Stress Disorder,PTSD
NCT04091633,"Depression, Anxiety",Depression
NCT03491852,Psychotic Disorders,Schizophrenia & psychosis
NCT04696471,Bipolar Disorder,Bipolar disorder
NCT03183609,Schizophrenia,Schizophrenia & psychosis
NCT03183609,Schizo Affective Disorder,Schizophrenia & psychosis
NCT06713109,Anxiety,Anxiety
NCT05647863,Substance Use Disorders,Substance use
NCT07488663,Obsessive - Compulsive Disorder,OCD
NCT07134816,Schizophrenia Spectrum,Schizophrenia & psychosis
NCT02623504,Bipolar Disorder,Bipolar disorder
NCT07277647,"Effects of Post-Thyroidectomy Head and Neck Stretching Exercises on Voice, Anxiety, and Psychological Resilience",Anxiety
NCT03081065,Depression,Depression
NCT07364136,Anxiety Disorder of Adolescence,Anxiety
NCT05620511,Late Life Depression,Depression
NCT03979404,Anorexia Nervosa,Eating disorders
NCT01514630,Depression,Depression
NCT01514630,Substance Abuse,Substance use
NCT01514630,Substance Use,Substance use
NCT03655730,Depressive Symptoms,Depression
NCT05695365,Major Depressive Disorder,Depression
NCT05535400,Depression,Depression
NCT05345834,Perinatal Depression,Depression
NCT05345834,Perinatal Anxiety,Anxiety
NCT06048263,Postpartum Depression,Depression
NCT05627687,Anxiety,Anxiety
NCT02931487,Major Depression,Depression
NCT03578393,Anxiety,Anxiety
NCT06552104,Anxiety,Anxiety
NCT06327919,Weight Regain After Bariatric Surgery and Food Addiction,Substance use
NCT03371836,Anxiety,Anxiety
NCT02218736,ANXIETY DISORDERS (or Anxiety and Phobic Neuroses),Anxiety
NCT02149836,Major Depressive Disorder,Depression
NCT02149836,Depression,Depression
NCT01897064,Schizophrenia,Schizophrenia & psychosis
NCT05500664,Anxiety,Anxiety
NCT01924598,Severe Enduring Anorexia Nervosa,Eating disorders
NCT07135414,Obsessive - Compulsive Disorder,OCD
NCT03056781,Schizophrenia,Schizophrenia & psychosis
NCT03404219,Schizophrenia,Schizophrenia & psychosis
NCT03404219,Schizoaffective Disorder,Schizophrenia & psychosis
NCT06901128,Social Anxiety Disorder (SAD),Anxiety
NCT04158167,Schizophrenia,Schizophrenia & psychosis
NCT07439744,MDD,Depression
NCT01817244,Depression,Depression
NCT03376763,Schizophrenia,Schizophrenia & psychosis
NCT03376763,Antipsychotics,Schizophrenia & psychosis
NCT03632863,Depression,Depression
NCT01328093,Schizophrenia,Schizophrenia & psychosis
NCT02350504,Anxiety Level,Anxiety
NCT05896436,Depression,Depression
NCT05896436,Anxiety,Anxiety
NCT05017311,Major Depressive Disorder,Depression
NCT02568709,Schizophrenia,Schizophrenia & psychosis
NCT01558063,Major Depressive Disorder,Depression
NCT05861414,Depressive Symptoms,Depression
NCT06039514,Eating Disorders in Adolescence,Eating disorders
NCT04561011,Depression,Depression
NCT04561011,Anxiety,Anxiety
NCT01003834,Substance Use Disorder,Substance use
NCT04592809,Suicide and Depression,Depression
NCT03045016,Acute Stress Disorder,PTSD
NCT04228133,PTSD,PTSD
NCT04284813,Psychosis,Schizophrenia & psychosis
NCT04284813,Substance Use,Substance use
NCT04284813,Substance Use Disorders,Substance use
NCT04284813,Nicotine Use Disorder,Substance use
NCT04284813,Alcohol Use Disorder,Substance use
NCT04284813,Schizophrenia,Schizophrenia & psychosis
NCT04284813,Schizoaffective Disorder,Schizophrenia & psychosis
NCT04284813,Bipolar Disorder,Bipolar disorder
NCT06571513,Post-traumatic Stress Disorder,PTSD
NCT05393479,Perinatal Depression,Depression
NCT04690946,Depression,Depression
NCT05438446,Anxiety,Anxiety
NCT06442527,Obsessive-Compulsive Disorder,OCD
NCT07671261,Schizophrenia Disorders,Schizophrenia & psychosis
NCT07671261,Schizo Affective Disorder,Schizophrenia & psychosis
NCT02441569,Anxiety,Anxiety
NCT07070869,Anxiety,Anxiety
NCT03777553,Posttraumatic Stress Disorder,PTSD
NCT03612661,Disordered Eating Behaviors,Eating disorders
NCT04426773,Obsessive-Compulsive Disorder,OCD
NCT07590869,Anxiety,Anxiety
NCT07188753,Treatment Resistant Depression,Depression
NCT07188753,Elderly Depression (≥65y.o.),Depression
NCT03660280,Depression,Depression
NCT07030946,Anxiety,Anxiety
NCT01973283,Major Depressive Disorder,Depression
NCT01973283,Dysthymic Disorder,Depression
NCT01973283,"Depressive Disorder, NOS",Depression
NCT05415982,PTSD,PTSD
NCT05415982,Post Traumatic Stress Disorder,PTSD
NCT04258579,Depression,Depression
NCT04258579,Depression in Old Age,Depression
NCT04258579,Anxiety,Anxiety
NCT04911803,Anxiety and Worry,Anxiety
NCT06805266,Depression Not Otherwise Specified,Depression
NCT05414422,Treatment Resistant Depression,Depression
NCT02648022,Depression,Depression
NCT02648022,PTSD,PTSD
NCT02648022,Substance Use Disorder,Substance use
NCT06391723,Major Depressive Disorder,Depression
NCT07673380,Opioid Use,Substance use
NCT07673380,Stimulant Use,Substance use
NCT07673380,Depression and Anxiety Symptoms,Depression
NCT03380442,Severe Depression,Depression
NCT07017569,Anxiety,Anxiety
NCT07017569,Depression - Major Depressive Disorder,Depression
NCT05713305,Anxiety,Anxiety
NCT06978166,"Depression, Anxiety",Depression
NCT01696929,Schizophrenia,Schizophrenia & psychosis
NCT02874131,Posttraumatic Stress Disorder,PTSD
NCT02874131,Major Depressive Disorder,Depression
NCT01600131,Depression,Depression
NCT01793610,Posttraumatic Stress Disorder,PTSD
NCT05453513,Depression,Depression
NCT05453513,Cannabis Use Disorder,Substance use
NCT03564041,Late-life Depression,Depression
NCT03564041,Treatment-resistant Depression,Depression
NCT01715805,Major Depressive Disorder,Depression
NCT01490086,Acute Schizophrenia,Schizophrenia & psychosis
NCT01490086,Schizoaffective Disorder,Schizophrenia & psychosis
NCT03345394,Substance Use Disorders,Substance use
NCT03345394,"Addiction, Cocaine",Substance use
NCT01728194,Depression,Depression
NCT04286594,Anxiety,Anxiety
NCT05664594,Psychosis,Schizophrenia & psychosis
NCT05664594,Schizophrenia,Schizophrenia & psychosis
NCT05664594,Schizophrenia Spectrum and Other Psychotic Disorders,Schizophrenia & psychosis
NCT05664594,Schizoaffective Disorder,Schizophrenia & psychosis
NCT01284959,Schizophrenia,Schizophrenia & psychosis
NCT04316559,Opioid-Use Disorder,Substance use
NCT02357680,"Stress Disorders, Post-Traumatic",PTSD
NCT02357680,Anxiety,Anxiety
NCT02357680,Depression,Depression
NCT05405803,Depression,Depression
NCT06740188,Depressed Insomniac Co-morbid Patients,Depression
NCT04261361,Depression,Depression
NCT05032105,Anxiety,Anxiety
NCT00884897,Social Anxiety,Anxiety
NCT06001697,Depression,Depression
NCT06001697,Anxiety,Anxiety
NCT05683431,Bipolar Disorder,Bipolar disorder
NCT05683431,Bipolar I Disorder,Bipolar disorder
NCT05683431,Bipolar Affective Disorder,Bipolar disorder
NCT05683431,Bipolar Disorder I,Bipolar disorder
NCT05683431,Bipolar Depression,Depression
NCT04830839,Post-traumatic Stress Disorder,PTSD
NCT04436757,Schizophrenia,Schizophrenia & psychosis
NCT04436757,Bipolar Disorder,Bipolar disorder
NCT04436757,Anxiety Disorders,Anxiety
NCT04436757,Depressive Disorder,Depression
NCT04984512,"Depressive Disorder, Major",Depression
NCT05183867,Depression,Depression
NCT01364792,Schizophrenia,Schizophrenia & psychosis
NCT01364792,Psychosis,Schizophrenia & psychosis
NCT03304457,Schizophrenia,Schizophrenia & psychosis
NCT04646681,Depression,Depression
NCT03228628,Anxiety,Anxiety
NCT07187492,Depression,Depression
NCT07187492,Anxiety,Anxiety
NCT02270671,Anxiety,Anxiety
NCT02270671,Depression,Depression
NCT01868802,"Depressive Disorder,",Depression
NCT01868802,Treatment-Resistant Depression,Depression
NCT05952245,Depressive Symptoms,Depression
NCT02418195,Major Depressive Disorder,Depression
NCT06235177,"Schizoaffective Disorder, Bipolar Type",Bipolar disorder
NCT06235177,Bipolar Disorder,Bipolar disorder
NCT06235177,Anxiety,Anxiety
NCT01788657,Major Depression,Depression
NCT02731612,Bipolar Disorder,Bipolar disorder
NCT01929681,Bipolar Depression,Depression
NCT02374567,Depression,Depression
NCT02374567,Schizophrenia,Schizophrenia & psychosis
NCT02374567,Anxiety Disorders,Anxiety
NCT02756507,Social Anxiety,Anxiety
NCT02756507,Major Depression Mild,Depression
NCT02756507,Panic Disorder,Anxiety
NCT02756507,Specific Phobia,Anxiety
NCT02756507,Generalized Anxiety Disorder,Anxiety
NCT04301492,Depression,Depression
NCT04851795,Anxiety,Anxiety
NCT04651075,Anxiety,Anxiety
NCT01407575,Depression,Depression
NCT01407575,Depressive Disorder,Depression
NCT01407575,"Depressive Disorder, Major",Depression
NCT05228457,Bipolar Depression,Depression
NCT05228457,Treatment Resistant Depression,Depression
NCT05128981,Cardiac Anxiety,Anxiety
NCT04807530,Schizophrenia,Schizophrenia & psychosis
NCT03946111,Binge-Eating Disorder,Eating disorders
NCT03956771,Obsessive-Compulsive Disorder,OCD
NCT03956771,OCD,OCD
NCT02939131,Depression,Depression
NCT02183272,Depression,Depression
NCT06094972,Substance Use Disorders,Substance use
NCT07113665,Anorexia Nervosa (DSM-IV Revised Criteria),Eating disorders
NCT02746965,Schizophrenia,Schizophrenia & psychosis
NCT05268367,"Stress Disorders, Post-Traumatic",PTSD
NCT02583867,Depression,Depression
NCT02583867,Major Depressive Disorder,Depression
NCT02011139,Depression,Depression
NCT01716975,Schizophrenia,Schizophrenia & psychosis
NCT06150612,Anxiousness,Anxiety
NCT07000812,Obsessive-Compulsive Disorder,OCD
NCT05207319,Schizophrenia,Schizophrenia & psychosis
NCT04345471,Major Depressive Disorder,Depression
NCT05401565,"Stress Disorders, Post-Traumatic",PTSD
NCT05998967,PTSD,PTSD
NCT04871100,Anxiety Disorder,Anxiety
NCT04871100,Posttraumatic Stress Disorder,PTSD
NCT04260607,Depression Severe,Depression
NCT04890665,Anxiety,Anxiety
NCT04890665,Depression,Depression
NCT02457936,Depression,Depression
NCT05187364,PTSD,PTSD
NCT05187364,Alcohol Use Disorder,Substance use
NCT05461599,Depressive Symptoms,Depression
NCT05461599,Major Depressive Disorder,Depression
NCT05461599,Depression,Depression
NCT05461599,Depressive Disorder,Depression
NCT05461599,Depressive Episode,Depression
NCT03524599,Alcohol Use Disorder,Substance use
NCT05232032,"Depressive Disorder, Major",Depression
NCT05232032,Anxiety Disorder,Anxiety
NCT03917979,Depression,Depression
NCT05611996,Depression in Old Age,Depression
NCT02372396,Posttraumatic Stress Disorder,PTSD
NCT01409096,Bipolar Disorder,Bipolar disorder
NCT01409096,Major Depressive Disorder,Depression
NCT03799562,Posttraumatic Stress Disorder,PTSD
NCT05521880,Substance Use Disorders,Substance use
NCT03156556,Generalized Anxiety Disorder,Anxiety
NCT03156556,Major Depressive Disorder,Depression
NCT03156556,Social Anxiety Disorder,Anxiety
NCT03156556,Panic Disorder,Anxiety
NCT03156556,Agoraphobia,Anxiety
NCT04873622,PTSD,PTSD
NCT04873622,Anxiety,Anxiety
NCT04873622,Depressive Symptoms,Depression
NCT05223829,PTSD,PTSD
NCT05223829,Alcohol Use Disorder,Substance use
NCT07081061,"Depression, Anxiety",Depression
NCT05172427,Generalized Anxiety Disorder,Anxiety
NCT04888273,Eating Disorders,Eating disorders
NCT04888273,Eating Disorders in Adolescence,Eating disorders
NCT01862653,Post Traumatic Stress Disorder,PTSD
NCT01209845,Depression,Depression
NCT06600373,"Depression, Anxiety",Depression
NCT04136873,Schizophrenia,Schizophrenia & psychosis
NCT05599373,Schizophrenia,Schizophrenia & psychosis
NCT05599373,Negative Symptoms in Schizophrenia,Schizophrenia & psychosis
NCT05532683,Prodromal Schizophrenia,Schizophrenia & psychosis
NCT05532683,Psychosis,Schizophrenia & psychosis
NCT03074669,Anxiety Disorder/Anxiety State,Anxiety
NCT06658041,Depression,Depression
NCT05240794,Social Anxiety Disorder,Anxiety
NCT06842394,State Anxiety,Anxiety
NCT05503966,Depressive Disorder,Depression
NCT05590637,Parkinson's Disease Psychosis,Schizophrenia & psychosis
NCT02478827,Schizophrenia,Schizophrenia & psychosis
NCT06341569,Anxiety State,Anxiety
NCT01553669,Depression,Depression
NCT02860741,Depressive Symptoms,Depression
NCT01408654,Depression,Depression
NCT03846154,Posttraumatic Stress Disorder,PTSD
NCT06524505,Bipolar Depression,Depression
NCT04551794,Depressive Symptoms,Depression
NCT02145429,Depression,Depression
NCT02145429,Anxiety Disorder,Anxiety
NCT02970929,Schizophrenia,Schizophrenia & psychosis
NCT05652153,Depression,Depression
NCT05587127,Avoidant/Restrictive Food Intake Disorder,Eating disorders
NCT05587127,Feeding and Eating Disorders,Eating disorders
NCT06695637,Substance Use Disorders,Substance use
NCT06695637,Methamphetamine Use Disorders,Substance use
NCT01462045,"Stress Disorders, Post-Traumatic",PTSD
NCT06580145,Major Depression,Depression
NCT02384369,Post-Traumatic Stress Disorders,PTSD
NCT02384369,Posttraumatic Stress Disorders,PTSD
NCT02384369,"Stress Disorders, Post-Traumatic",PTSD
NCT02384369,"Post-Traumatic Stress Disorders, Combat-related",PTSD
NCT02228005,Depression,Depression
NCT06326905,Depression,Depression
NCT04209166,Major Depressive Disorder,Depression
NCT04886856,Depression,Depression
NCT06522022,PTSD,PTSD
NCT05660486,Anxiety State,Anxiety
NCT07262151,Anxiety,Anxiety
NCT04317170,Anxiety,Anxiety
NCT02655354,Posttraumatic Stress Disorder,PTSD
NCT02655354,Depression,Depression
NCT02655354,Substance-Related Disorders,Substance use
NCT06007105,Schizophrenia,Schizophrenia & psychosis
NCT06007105,Schizoaffective Disorder,Schizophrenia & psychosis
NCT06007105,Schizotypal Disorder,Schizophrenia & psychosis
NCT06007105,Acute and Transient Psychotic Disorder,Schizophrenia & psychosis
NCT06007105,Other Specified or Unspecified Primary Psychotic Disorder,Schizophrenia & psychosis
NCT06007105,Bipolar Type I Disorder With Psychotic Symptoms,Bipolar disorder
NCT06007105,Bipolar Type II Disorder With Psychotic Symptoms,Bipolar disorder
NCT06007105,Single Episode Depressive Disorder With Psychotic Symptoms,Depression
NCT06007105,Recurrent Depressive Disorder With Psychotic Symptoms,Depression
NCT06007105,Perinatal Mental or Behavioural Disorder With Psychotic Symptoms,Schizophrenia & psychosis
NCT06605105,Major Depressive Disorder,Depression
NCT05985356,Depression,Depression
NCT04191122,Depression,Depression
NCT06401031,Depressive Symptoms,Depression
NCT01388231,Social Phobia,Anxiety
NCT06881342,"Depression, Anxiety",Depression
NCT03155503,"Depressive Disorder, Major",Depression
NCT04981561,Major Depressive Disorder,Depression
NCT04367922,Anxiety,Anxiety
NCT04367922,Depression,Depression
NCT03828656,PostTraumatic Stress Disorder,PTSD
NCT03828656,Nightmares Associated With Chronic Post-Traumatic Stress Disorder,PTSD
NCT03357796,Major Depressive Disorder,Depression
NCT02432703,Phobic Disorders,Anxiety
NCT01842542,"Depression, Postpartum",Depression
NCT02244970,Psychosis,Schizophrenia & psychosis
NCT03980873,"Depression, Anxiety",Depression
NCT03980873,Alcohol Abuse,Substance use
NCT02099305,Depression,Depression
NCT02707705,"Anxiety Reduction, Elective Cesarean Section",Anxiety
NCT03464383,Anxiety,Anxiety
NCT03464383,Depression,Depression
NCT05110456,"Depression, Postpartum",Depression
NCT06548022,Anxiety,Anxiety
NCT06548022,Depressive Symptoms,Depression
NCT06548022,Post-traumatic Stress Disorder,PTSD
NCT03896529,Anxiety,Anxiety
NCT07162402,Childhood Anxiety,Anxiety
NCT07162402,Childhood Depression,Depression
NCT01454453,Schizophrenia,Schizophrenia & psychosis
NCT02965937,Depression,Depression
NCT06804577,Anxiety,Anxiety
NCT06139861,Depression in Adolescence,Depression
NCT07464561,Social Anxiety Disorder,Anxiety
NCT06357286,Depression,Depression
NCT06639841,Performance Anxiety,Anxiety
NCT06729541,Depression - Major Depressive Disorder,Depression
NCT06729541,Schizophrenia Disorders,Schizophrenia & psychosis
NCT06729541,Bipolar Disorder (BD),Bipolar disorder
NCT05720741,Anxiety,Anxiety
NCT05720741,Depression,Depression
NCT02377505,Refractory Schizophrenia,Schizophrenia & psychosis
NCT01909466,Schizophrenia,Schizophrenia & psychosis
NCT06348251,Binge Eating,Eating disorders
NCT04421651,Depression,Depression
NCT02750631,Unipolar Depression,Depression
NCT04773639,"Depression, Anxiety",Depression
NCT04524039,"Depression, Anxiety",Depression
NCT05814575,Substance Use,Substance use
NCT06772701,"Depression, Postpartum",Depression
NCT02538081,Schizophrenia,Schizophrenia & psychosis
NCT03607630,Psychosis,Schizophrenia & psychosis
NCT02562430,Depression,Depression
NCT03508700,PTSD,PTSD
NCT03273205,Anorexia Nervosa,Eating disorders
NCT01890356,Major Depressive Disorder,Depression
NCT01890356,Bipolar Disorder,Bipolar disorder
NCT06378229,Treatment Resistant Depression,Depression
NCT04052529,Eating Disorders,Eating disorders
NCT05309031,"Stress Disorders, Post-Traumatic",PTSD
NCT02500602,Posttraumatic Stress Disorder,PTSD
NCT02500602,Alcohol Use Disorders,Substance use
NCT05651295,Depression,Depression
NCT05651295,Anxiety,Anxiety
NCT05651295,Obsessive-Compulsive Disorder,OCD
NCT05651295,Posttraumatic Stress Disorder,PTSD
NCT05651295,Eating Disorders,Eating disorders
NCT05713695,Substance Use Disorders,Substance use
NCT03138681,Major Depressive Disorder,Depression
NCT01601067,PTSD,PTSD
NCT01601067,Alcoholism,Substance use
NCT01768000,Psychosis,Schizophrenia & psychosis
NCT05695144,Schizophrenia Negative Type,Schizophrenia & psychosis
NCT07164105,PTSD and Trauma-related Symptoms,PTSD
NCT01965366,PTSD,PTSD
NCT05445466,Bipolar Disorder,Bipolar disorder
NCT05445466,Schizo Affective Disorder,Schizophrenia & psychosis
NCT01416805,Generalized Anxiety Disorder,Anxiety
NCT01416805,Social Phobia,Anxiety
NCT01416805,Separation Anxiety Disorder,Anxiety
NCT05276505,Anxiety State,Anxiety
NCT07216222,Anxiety and Fear,Anxiety
NCT07216222,PTSD,PTSD
NCT03652922,"Stress Disorders, Post-Traumatic",PTSD
NCT03176953,PTSD and Alcohol Use Disorder,PTSD
NCT02253472,Obsessive-Compulsive Disorder,OCD
NCT02155972,Bipolar Depression,Depression
NCT02501239,Depression,Depression
NCT01349439,Posttraumatic Stress Disorder,PTSD
NCT01420575,Schizophrenia,Schizophrenia & psychosis
NCT01420575,Schizoaffective Disorder,Schizophrenia & psychosis
NCT01652001,Depression,Depression
NCT04135612,Post Partum Depression,Depression
NCT06568419,Anxiety,Anxiety
NCT06568419,Depression,Depression
NCT02660528,Major Depressive Disorder,Depression
NCT05907967,Anxiety,Anxiety
NCT02661061,Depression,Depression
NCT02661061,Recurrent Depressive Disorder,Depression
NCT02661061,Major Depressive Disorder,Depression
NCT05379673,Ventilatory Depression,Depression
NCT02033369,Major Depressive Disorder,Depression
NCT02473783,Major Depressive Disorder,Depression
NCT02616341,Obsessive Compulsive Disorder,OCD
NCT03907254,Post-traumatic Stress Disorder,PTSD
NCT03907254,Posttraumatic Stress Disorder,PTSD
NCT00964054,Unipolar Depression,Depression
NCT07002554,Unipolar Depression,Depression
NCT02970305,Schizophrenia,Schizophrenia & psychosis
NCT06991166,Post Partum Depression,Depression
NCT07344766,Post Traumatic Stress Disorder PTSD,PTSD
NCT05776056,Posttraumatic Stress Disorder (PTSD),PTSD
NCT00946322,Post-traumatic Stress Disorder,PTSD
NCT05605002,Major Depressive Disorder,Depression
NCT01837953,Binge Eating Disorder,Eating disorders
NCT05686239,Cognitive Impairment Associated With Schizophrenia (CIAS),Schizophrenia & psychosis
NCT05686239,Schizophrenia,Schizophrenia & psychosis
NCT01542957,Major Depressive Disorder,Depression
NCT01542957,Dysthymic Disorder,Depression
NCT04250012,Depressive Symptoms,Depression
NCT05453981,Anxiety,Anxiety
NCT02462642,Anxiety,Anxiety
NCT03345342,Schizophrenia,Schizophrenia & psychosis
NCT07251270,Anxiety,Anxiety
NCT01708070,Depression,Depression
NCT01708070,Anxiety,Anxiety
NCT03142841,Depression,Depression
NCT04565041,Anxiety,Anxiety
NCT05705154,Anxiety,Anxiety
NCT04221269,Schizophrenia,Schizophrenia & psychosis
NCT06748222,Depression,Depression
NCT03512522,Depression,Depression
NCT03512522,Anxiety,Anxiety
NCT07162129,Postpartum Depression (PPD),Depression
NCT07162129,Postpartum Anxiety,Anxiety
NCT03607331,Depression,Depression
NCT03607331,Depressive Symptom,Depression
NCT03607331,Depressive Disorder,Depression
NCT02185131,Major Depressive Disorder,Depression
NCT02185131,Alcohol Use Disorder,Substance use
NCT01626131,Post-Traumatic Stress Disorder,PTSD
NCT05382702,Feeding and Eating Disorders,Eating disorders
NCT03408002,Anxiety Disorder,Anxiety
NCT07097545,Social Media Addiction,Substance use
NCT07097545,Anxiety,Anxiety
NCT07097545,Depression Disorder,Depression
NCT02556645,Posttraumatic Stress Disorders,PTSD
NCT06303739,Refractory Depression,Depression
NCT06303739,Treatment Resistant Depression,Depression
NCT05585775,Depression in Remission,Depression
NCT05585775,Depressive Symptoms,Depression
NCT05585775,Depression,Depression
NCT03365375,Anxiety,Anxiety
NCT05233657,Schizophrenia,Schizophrenia & psychosis
NCT05996419,Social Anxiety,Anxiety
NCT04617769,Post Traumatic Stress Disorder,PTSD
NCT02312583,Depression,Depression
NCT05817383,Depressive Symptoms,Depression
NCT03647605,Social Phobia,Anxiety
NCT05697094,Depression,Depression
NCT05697094,Anxiety,Anxiety
NCT05922956,Bipolar Disorder I and II,Bipolar disorder
NCT02816502,Depression,Depression
NCT02816502,Anxiety,Anxiety
NCT06897553,Depression/Anxiety,Depression
NCT04830553,Depression,Depression
NCT02246972,Post-Traumatic Stress Disorder,PTSD
NCT06172075,Depression,Depression
NCT02981381,PTSD,PTSD
NCT02981381,Depression,Depression
NCT06423430,Treatment Resistant Depression,Depression
NCT03814967,Schizophrenia,Schizophrenia & psychosis
NCT04128683,Anorexia Nervosa,Eating disorders
NCT04189354,Anxiety Depression,Depression
NCT02212366,Depression,Depression
NCT06393556,Anxiety State,Anxiety
NCT06584422,Depression,Depression
NCT05995951,Obsessive-Compulsive Disorder,OCD
NCT07686029,Anxiety,Anxiety
NCT03869177,Psychotic Disorders,Schizophrenia & psychosis
NCT06964477,Schizophrenia and Related Disorders,Schizophrenia & psychosis
NCT03374475,"Depressive Disorder, Major",Depression
NCT05227612,Major Depressive Disorder,Depression
NCT03751865,Prodromal Schizophrenia,Schizophrenia & psychosis
NCT02893007,Bipolar Disorder,Bipolar disorder
NCT04664907,Post Traumatic Stress Disorder,PTSD
NCT01213836,Schizophrenia,Schizophrenia & psychosis
NCT01228253,Post-traumatic Stress Disorder,PTSD
NCT04325737,Schizophrenia,Schizophrenia & psychosis
NCT05159037,Social Anxiety,Anxiety
NCT06187272,Test Anxiety,Anxiety
NCT03277339,Generalized Anxious Disorders,Anxiety
NCT03736577,Depression,Depression
NCT03736577,Anxiety,Anxiety
NCT06671977,Major Depression Disorder,Depression
NCT06671977,Depression,Depression
NCT06497101,Anorexia Nervosa,Eating disorders
NCT03125330,Anxiety,Anxiety
NCT02410265,Anxiety Disorders,Anxiety
NCT02702167,Bulimia Nervosa,Eating disorders
NCT02702167,Anorexia Nervosa,Eating disorders
NCT03240692,Treatment Resistant Depression,Depression
NCT01868711,Depression,Depression
NCT01870271,PTSD,PTSD
NCT06481371,Depression,Depression
NCT01891734,Depression,Depression
NCT01891734,Anxiety,Anxiety
NCT05253664,Anxiety State,Anxiety
NCT01140464,Depression,Depression
NCT04383509,Depressive Episode,Depression
NCT07042451,Substance Use,Substance use
NCT05663151,Posttraumatic Stress Disorder,PTSD
NCT03984929,Depression,Depression
NCT03224845,Anxiety Disorder,Anxiety
NCT04059939,Anxiety,Anxiety
NCT06489639,Social Anxiety Disorder,Anxiety
NCT06489639,Social Anxiety,Anxiety
NCT03217357,Schizophrenia,Schizophrenia & psychosis
NCT07056192,Anxiety,Anxiety
NCT01120067,"Stress Disorders, Post-Traumatic",PTSD
NCT05692271,"Stress Disorders, Post-Traumatic",PTSD
NCT05692271,Alcohol Use Disorder,Substance use
NCT05754164,PTSD,PTSD
NCT05703685,Depression,Depression
NCT04120285,Major Depressive Disorder,Depression
NCT02950415,Anxiety,Anxiety
NCT04205890,Depression,Depression
NCT06727760,Postpartum Depression,Depression
NCT06727760,Postpartum Anxiety,Anxiety
NCT06665620,Anhedonia,Depression
NCT04142320,Major Depressive Disorder,Depression
NCT05995782,Parkinson Disease Psychosis,Schizophrenia & psychosis
NCT03807882,Treatment Resistant Schizophrenia,Schizophrenia & psychosis
NCT04811482,Anxiety,Anxiety
NCT07170124,Depression During Pregnancy,Depression
NCT03934723,Depression,Depression
NCT03934723,Depressive Disorder,Depression
NCT03156959,Eating Disorder,Eating disorders
NCT03896659,Depression,Depression
NCT06928480,Anxiety,Anxiety
NCT06928480,Depression Disorders,Depression
NCT07778680,Depression Anxiety Disorder,Depression
NCT07778680,Anxiety and Depression,Depression
NCT05938179,Major Depressive Disorder (MDD),Depression
NCT06342193,Anxiety,Anxiety
NCT06263933,Psychotic Episode,Schizophrenia & psychosis
NCT07482358,PTSD,PTSD
NCT07482358,Depression,Depression
NCT07482358,Anxiety Disorders,Anxiety
NCT04771455,Binge Eating,Eating disorders
NCT03138278,PTSD,PTSD
NCT03138278,"Depression, Anxiety",Depression
NCT01894815,Major Depressive Disorder,Depression
NCT01894815,"Major Depressive Disorder, Recurrent, Unspecified",Depression
NCT01894815,"Major Depressive Disorder, Single Episode, Unspecified",Depression
NCT07087015,PTSD,PTSD
NCT04414215,Schizophrenia,Schizophrenia & psychosis
NCT04414215,Schizo Affective Disorder,Schizophrenia & psychosis
NCT04442035,"Depression, Anxiety",Depression
NCT06378450,Depression,Depression
NCT05431413,Depression,Depression
NCT06235060,Anxiety,Anxiety
NCT05404360,Obsessive-Compulsive Disorder,OCD
NCT04821960,Anxiety and Fear,Anxiety
NCT03653923,Phobic Disorders,Anxiety
NCT02105259,Social Anxiety Disorder,Anxiety
NCT01569659,Schizophrenia,Schizophrenia & psychosis
NCT01227980,Alcohol Dependence,Substance use
NCT01227980,Alcoholism,Substance use
NCT01227980,Anxiety Disorder,Anxiety
NCT04267679,Anxiety,Anxiety
NCT04073862,Post Traumatic Stress Disorder (PTSD),PTSD
NCT04073862,Depressive Symptoms,Depression
NCT06282133,Generalized Anxiety Disorder,Anxiety
NCT06155838,Anxiety,Anxiety
NCT06155838,Depression,Depression
NCT02411526,Schizophrenia,Schizophrenia & psychosis
NCT02411526,Schizoaffective Disorder,Schizophrenia & psychosis
NCT03044678,Anxiety Disorders,Anxiety
NCT03251235,Panic Disorder,Anxiety
NCT03437668,Schizophrenia,Schizophrenia & psychosis
NCT03835468,Anxiety,Anxiety
NCT07294690,"Anxiety, Surgical Preparation, and Recovery Process in Colorectal Cancer Surgery",Anxiety
NCT04498897,"Depressive Disorder, Major",Depression
NCT04498897,Alcoholism,Substance use
NCT06186960,Anxiety,Anxiety
NCT07127913,Bipolar II Disorder,Bipolar disorder
NCT07127913,"Bipolar II Disorder, Most Recent Episode Major Depressive",Depression
NCT05260060,Anxiety Disorders,Anxiety
NCT05260060,Depression,Depression
NCT00183482,Depression,Depression
NCT05676879,Anxiety,Anxiety
NCT04284410,Post Traumatic Stress Disorder,PTSD
NCT06017713,Obsessive-Compulsive Disorder,OCD
NCT03482882,Treatment of Depression in Adults With Parkinson's Disease (PD),Depression
NCT06093282,Depression,Depression
NCT04701723,Post-traumatic Stress Disorder,PTSD
NCT06465680,Depression,Depression
NCT07088380,Major Depressive Disorder,Depression
NCT07088380,Treatment Resistant Depression,Depression
NCT01954680,Bipolar Disorder,Bipolar disorder
NCT01954680,Pediatric Bipolar Disorder,Bipolar disorder
NCT01954680,Childhood-onset Bipolar Disorder,Bipolar disorder
NCT05882227,Anxiety,Anxiety
NCT06790186,Schizophrenia,Schizophrenia & psychosis
NCT04399070,"Depression, Bipolar",Depression
NCT04399070,"Depression, Unipolar",Depression
NCT04399070,Major Depressive Disorder,Depression
NCT04399070,Manic-Depressive - Now Depressed,Depression
NCT06267313,Anxiety,Anxiety
NCT03915613,Major Depressive Disorder,Depression
NCT03915613,Bipolar Disorder,Bipolar disorder
NCT03915613,Anhedonia,Depression
NCT06111820,Depression,Depression
NCT06111820,Anxiety,Anxiety
NCT02048423,Major Depressive Disorder,Depression
NCT06352346,Depressive Symptoms,Depression
NCT06352346,Anxiety,Anxiety
NCT07818603,Anxiety,Anxiety
NCT07818603,Depression Disorder,Depression
NCT07818603,Addiction,Substance use
NCT07818603,Psychosis,Schizophrenia & psychosis
NCT07818603,Eating Disorders,Eating disorders
NCT05047627,Opioid-use Disorder,Substance use
NCT05047627,Anxiety Disorders,Anxiety
NCT05047627,Depressive Disorder,Depression
NCT06003361,Major Depressive Disorder,Depression
NCT03221283,Amphetamine Addiction,Substance use
NCT06189222,Anxiety and Fear,Anxiety
NCT01882829,Major Depressive Disorder,Depression
NCT02191631,Obsessive-Compulsive Disorder,OCD
NCT02605668,Panic Disorder,Anxiety
NCT02605668,Agoraphobia,Anxiety
NCT02605668,Specific Phobias,Anxiety
NCT02605668,Social Anxiety Disorder,Anxiety
NCT01734291,Major Depressive Disorder,Depression
NCT05818397,Anxiety,Anxiety
NCT05818397,Depression,Depression
NCT05741710,Post Traumatic Stress Disorder,PTSD
NCT03088462,Bipolar Disorder,Bipolar disorder
NCT03088462,Bipolar I Disorder,Bipolar disorder
NCT06129461,Eating Disorders,Eating disorders
NCT06129461,Binge Eating,Eating disorders
NCT02116361,"Depressive Disorder, Major",Depression
NCT05616286,"Stress Disorders, Post-Traumatic",PTSD
NCT03656770,Schizophrenia,Schizophrenia & psychosis
NCT03656770,Bipolar Disorder,Bipolar disorder
NCT03656770,Depression,Depression
NCT05656469,Anxiety Disorders,Anxiety
NCT05656469,Psychotic Disorders,Schizophrenia & psychosis
NCT05019183,Depression,Depression
NCT01810783,Schizophrenia,Schizophrenia & psychosis
NCT02720497,Posttraumatic Stress Disorder,PTSD
NCT02395510,Panic Disorder,Anxiety
NCT04065360,Schizophrenia,Schizophrenia & psychosis
NCT04065360,Psychosis,Schizophrenia & psychosis
NCT04982523,Post Traumatic Stress Disorder,PTSD
NCT03282123,PTSD,PTSD
NCT04482296,MDD,Depression
NCT05389046,Outpatients / Inpatients With Depression,Depression
NCT05859386,Depression,Depression
NCT04568369,Post-traumatic Stress Disorder,PTSD
NCT06315283,Schizophrenia,Schizophrenia & psychosis
NCT03471754,Mild to Moderate Depression,Depression
NCT04830605,Anxiety State,Anxiety
NCT04830605,Anxiety Disorders,Anxiety
NCT06804005,Anxiety,Anxiety
NCT02124694,Depression,Depression
NCT02124694,PTSD,PTSD
NCT07297056,Bipolar Disorder (BD),Bipolar disorder
NCT02402322,Panic Disorder,Anxiety
NCT04105790,Depressive Symptoms,Depression
NCT04105790,Anxiety Symptoms,Anxiety
NCT06486610,Anxiety and Fear,Anxiety
NCT07064213,Anxiety,Anxiety
NCT03766360,Depression,Depression
NCT03841682,Depression,Depression
NCT06166082,Treatment Resistant Depression,Depression
NCT02593682,Panic Disorder,Anxiety
NCT02400723,Anxiety Disorders,Anxiety
NCT01943162,PTSD With a History of Mild to Moderate TBI,PTSD
NCT05895188,Anxiety,Anxiety
NCT05235503,Cannabis Use,Substance use
NCT05235503,Opioid Use,Substance use
NCT04085861,Eating Disorders,Eating disorders
NCT04085861,"Depression, Anxiety",Depression
NCT04092686,Schizophrenia,Schizophrenia & psychosis
NCT04902313,Depressive Symptoms,Depression
NCT04902313,Anxiety Disorders and Symptoms,Anxiety
NCT04157062,Opioid-use Disorder,Substance use
NCT04157062,Substance-Related Disorders,Substance use
NCT02122562,Major Depression,Depression
NCT02122562,Alcoholism,Substance use
NCT04068662,Postpartum Depression,Depression
NCT04068662,Posttraumatic Stress Disorder,PTSD
NCT06253546,Schizophrenia,Schizophrenia & psychosis
NCT06749288,Anxiety,Anxiety
NCT06749288,Depression,Depression
NCT06415188,Anxiety and Fear,Anxiety
NCT05554627,"Depressive Disorder, Major",Depression
NCT06792227,Eating Disorders,Eating disorders
NCT06792227,Anorexia Nervosa,Eating disorders
NCT06792227,Eating Disorder Not Otherwise Specified,Eating disorders
NCT07006961,Avoidant Restrictive Food Intake Disorder,Eating disorders
NCT05588570,Anxiety,Anxiety
NCT05203341,Major Depressive Disorder,Depression
NCT04086654,Post Traumatic Stress Disorder (PTSD),PTSD
NCT04086654,Complex Post-Traumatic Stress Disorder (CPTSD),PTSD
NCT07413705,Depressive Symptoms,Depression
NCT07062159,Postpartum Depression,Depression
NCT07061288,Schizophrenia,Schizophrenia & psychosis
NCT02164227,Anxiety,Anxiety
NCT05454761,Depression,Depression
NCT03144986,Anorexia Nervosa,Eating disorders
NCT03277586,Depression,Depression
NCT03277586,Anxiety,Anxiety
NCT05085886,Depressive Symptoms,Depression
NCT01311570,Depression,Depression
NCT04811170,"Depression, Anxiety",Depression
NCT02145273,Maternal Depression,Depression
NCT06965569,Treatment Resistant Depression,Depression
NCT07340983,Depression,Depression
NCT07340983,Anxiety,Anxiety
NCT02371954,Anxiety,Anxiety
NCT02371954,Depression,Depression
NCT05790005,Anxiety,Anxiety
NCT03666494,Depression,Depression
NCT05065294,Bipolar II Disorder,Bipolar disorder
NCT05351866,Depression,Depression
NCT05351866,Depressive Disorder,Depression
NCT05351866,Depressive Symptoms,Depression
NCT05351866,Depressive Episode,Depression
NCT05393622,Depression Severe,Depression
NCT06131268,Major Depressive Disorder,Depression
NCT06131268,"Bipolar Affective Disorder, Currently Depressed, Moderate",Depression
NCT03669640,"Schizophrenia, Schizoaffective Disorder",Schizophrenia & psychosis
NCT02427568,Anxiety,Anxiety
NCT04531774,Anxiety,Anxiety
NCT04531774,Depression,Depression
NCT07319117,Anxiety,Anxiety
NCT07319117,Depression,Depression
NCT07727291,ANXIETY,Anxiety
NCT04355650,Depression,Depression
NCT04355650,Major Depressive Disorder,Depression
NCT03371940,Depression,Depression
NCT05535491,Anxiety,Anxiety
NCT05397691,Substance Use Disorders,Substance use
NCT02292849,Depression,Depression
NCT04430335,"Depression, Anxiety",Depression
NCT07624708,Posttraumatic Stress Disorder,PTSD
NCT07447089,Post-traumatic Stress Disorder (PTSD),PTSD
NCT06482918,Schizophrenia,Schizophrenia & psychosis
NCT04109118,Substance Use Disorders,Substance use
NCT04597190,PTSD,PTSD
NCT06679010,Postpartum Depression (PPD),Depression
NCT06679010,Anxiety,Anxiety
NCT06968013,Depression Disorders,Depression
NCT04106713,Depression,Depression
NCT04106713,Anxiety Disorders,Anxiety
NCT05012124,Depression,Depression
NCT05564559,Substance-Related Disorders,Substance use
NCT05564559,Substance Use Disorders,Substance use
NCT05564559,Alcohol Use Disorder,Substance use
NCT04319562,Subthreshold Depression,Depression
NCT05697627,Depression,Depression
NCT05697627,Subclinical Depressive Symptoms,Depression
NCT04850586,Anxiety,Anxiety
NCT06883773,"Depression, Anxiety",Depression
NCT04739969,Treatment Resistant Depression,Depression
NCT03803332,PTSD,PTSD
NCT01748032,Depression,Depression
NCT07099209,Anxiety,Anxiety
NCT07021014,Post Traumatic Stress Disorder,PTSD
NCT07292233,Schizophrenia,Schizophrenia & psychosis
NCT07292233,Alzheimer's Disease Psychosis,Schizophrenia & psychosis
NCT03916016,Depression,Depression
NCT06615804,Major Depressive Disorders,Depression
NCT06524206,Depression,Depression
NCT06524206,Anxiety,Anxiety
NCT04027452,Post Traumatic Stress Disorder,PTSD
NCT04027452,Depression,Depression
NCT03813355,Anorexia Nervosa,Eating disorders
NCT02308826,Anxiety,Anxiety
NCT06319378,MDD,Depression
NCT04546178,Psychotic Disorders,Schizophrenia & psychosis
NCT04546178,Substance Use,Substance use
NCT05045378,Treatment-resistant Depression,Depression
NCT05045378,Major Depressive Disorder,Depression
NCT05632185,Substance Use Disorder (SUD),Substance use
NCT04441515,Depressive Disorder,Depression
NCT06634615,Anxiety,Anxiety
NCT04865835,Schizophrenia,Schizophrenia & psychosis
NCT02535676,Schizophrenia,Schizophrenia & psychosis
NCT02034474,Schizophrenia,Schizophrenia & psychosis
NCT02034474,Schizoaffective Disorder,Schizophrenia & psychosis
NCT02062190,Schizophrenia,Schizophrenia & psychosis
NCT07183813,Anxiety Depression,Depression
NCT05743920,"Depression, Anxiety",Depression
NCT05640882,PTSD,PTSD
NCT02667782,Anxiety,Anxiety
NCT02667782,Depression,Depression
NCT07545382,Antipsychotic Toxicity,Schizophrenia & psychosis
NCT07545382,Tricyclic Antidepressant Poisoning,Depression
NCT04259723,Anxiety,Anxiety
NCT02114879,Depression,Depression
NCT04196296,Social Anxiety,Anxiety
NCT03952962,Treatment Resistant Depression,Depression
NCT06898606,Depressive Disorder,Depression
NCT06156852,Anxiety,Anxiety
NCT06156852,Depressive Symptoms,Depression
NCT05326685,Anxiety,Anxiety
NCT03781115,Schizophrenia,Schizophrenia & psychosis
NCT06366035,Postpartum Depression,Depression
NCT02134808,Major Depressive Disorder,Depression
NCT05240976,Schizophrenia,Schizophrenia & psychosis
NCT05873517,Substance-Related Disorders,Substance use
NCT05873517,Substance Use,Substance use
NCT05873517,Substance Use Disorders,Substance use
NCT02810717,Treatment Resistant Depression,Depression
NCT03598868,Bipolar Disorder Depression,Depression
NCT02783118,Mild Depression,Depression
NCT01363310,Depression With Prominent Agitation,Depression
NCT06813313,Treatment of Resistant Depression,Depression
NCT06667713,Substance Use Disorder (SUD),Substance use
NCT05438160,Schizophrenia,Schizophrenia & psychosis
NCT01984710,Treatment Resistant Depression,Depression
NCT01516424,Schizophrenia,Schizophrenia & psychosis
NCT02755623,Schizophrenia,Schizophrenia & psychosis
NCT06399523,Bipolar Disorder,Bipolar disorder
NCT06432114,Anxiety,Anxiety
NCT06748716,Bipolar,Bipolar disorder
NCT06748716,Manic,Bipolar disorder
NCT06748716,Bipolar Disorder (BD),Bipolar disorder
NCT06748716,Mania,Bipolar disorder
NCT03071484,Schizophrenia,Schizophrenia & psychosis
NCT02549547,Major Depressive Disorder,Depression
NCT02549547,"Bipolar, Depression",Depression
NCT07330648,Generalized Anxiety Disorder,Anxiety
NCT04607226,Major Depressive Disorder,Depression
NCT06234176,Major Depressive Disorder,Depression
NCT04366817,Post Partum Depression,Depression
NCT05488691,Substance Use Disorders,Substance use
NCT03635697,Anxiety,Anxiety
NCT03635697,Depression,Depression
NCT02957123,"Organic Brain Syndrome, Nonpsychotic",Schizophrenia & psychosis
NCT02957123,Nonpsychotic Organic Brain Syndrome,Schizophrenia & psychosis
NCT02957123,"Encephalopathy, Post-Traumatic, Chronic",PTSD
NCT04809116,Posttraumatic Stress Disorder,PTSD
NCT04789915,Psychosis,Schizophrenia & psychosis
NCT04789915,Negative Symptoms With Primary Psychotic Disorder,Schizophrenia & psychosis
NCT02943408,"Stress Disorders, Post-Traumatic",PTSD
NCT02943408,Depression,Depression
NCT02943408,Anxiety,Anxiety
NCT02943408,Substance-Related Disorders,Substance use
NCT07012876,Symptoms of Depression and Anxiety,Depression
NCT06525818,"Feeding Disorder, Infancy or Early Childhood",Eating disorders
NCT03988218,Anorexia Nervosa,Eating disorders
NCT05027113,Anxiety,Anxiety
NCT05027113,Depression,Depression
NCT05813093,Major Depressive Disorder,Depression
NCT02407704,Depression,Depression
NCT02407704,"Depressive Disorder, Major",Depression
NCT02407704,Depressive Disorder,Depression
NCT02407704,Unipolar Depression,Depression
NCT02407704,Major Depressive Disorder,Depression
NCT07715604,Anxiety,Anxiety
NCT07715604,Depression,Depression
NCT02613104,Bipolar Disorder,Bipolar disorder
NCT04137458,Depression,Depression
NCT06170255,Depression,Depression
NCT05157035,Posttraumatic Stress Disorder,PTSD
NCT06603025,Anxiety,Anxiety
NCT06963476,Opioid Use,Substance use
NCT06963476,Alcohol Use Disorder,Substance use
NCT06876740,PTSD,PTSD
NCT03299140,Bipolar Disorder,Bipolar disorder
NCT04108689,Performance Anxiety,Anxiety
NCT01623713,Schizophrenia,Schizophrenia & psychosis
NCT06049420,"Depression, Anxiety",Depression
NCT06901687,Depression,Depression
NCT01891721,Schizophrenia,Schizophrenia & psychosis
NCT03665038,Post Partum Depression,Depression
NCT04604158,Anxiety,Anxiety
NCT04076215,Post Traumatic Stress Disorder,PTSD
NCT01197508,Major Depressive Disorder,Depression
NCT06377176,Postpartum Depression,Depression
NCT00356317,Schizophrenia,Schizophrenia & psychosis
NCT03437317,Anxiety Disorders and Symptoms,Anxiety
NCT03437317,Social Anxiety Disorder,Anxiety
NCT03203889,Substance Use Disorders,Substance use
NCT05693389,Bipolar Disorder,Bipolar disorder
NCT06073691,Panic Attacks and Disorders,Anxiety
NCT04773197,"Depression, Anxiety",Depression
NCT03333460,Cocaine Dependence,Substance use
NCT03333460,Substance Use Disorders,Substance use
NCT03333460,Chemical Addiction,Substance use
NCT03333460,Cocaine-Related Disorders,Substance use
NCT03333460,Drug Dependence,Substance use
NCT01603563,Posttraumatic Stress Disorder,PTSD
NCT04891614,Post-Traumatic Stress Disorder (PTSD),PTSD
NCT06616116,Bipolar Disorder (BD),Bipolar disorder
NCT06616116,Major Depressive Diorder,Depression
NCT06708026,Depression,Depression
NCT03846115,Substance Use Disorders,Substance use
NCT03846115,PTSD,PTSD
NCT06242535,Depression,Depression
NCT06477276,Major Depressive Disorder,Depression
NCT04558489,Depression,Depression
NCT04558489,Anxiety,Anxiety
NCT01906268,Generalized Anxiety Disorder,Anxiety
NCT01906268,Social Anxiety Disorder,Anxiety
NCT01906268,Panic Disorder,Anxiety
NCT07116850,Schizophrenia Disorder,Schizophrenia & psychosis
NCT07025590,Depression Anxiety Disorder,Depression
NCT06563310,Anxiety,Anxiety
NCT06563310,Social Anxiety Disorder,Anxiety
NCT06563310,Panic Disorder,Anxiety
NCT06563310,Generalized Anxiety Disorder,Anxiety
NCT04246905,Depressive Disorder,Depression
NCT04745494,Postnatal Depression,Depression
NCT05048251,Obsessive-Compulsive Disorder,OCD
NCT03430622,Maternal Depression,Depression
NCT06829251,Anxiety,Anxiety
NCT06208605,Eating Disorders,Eating disorders
NCT04015505,Depression in Old Age,Depression
NCT06986122,Anxiety,Anxiety
NCT03438656,Depression,Depression
NCT05812131,PTSD,PTSD
NCT05812131,Substance Use Disorders,Substance use
NCT04987151,Schizophrenia,Schizophrenia & psychosis
NCT03642522,Major Depressive Disorder,Depression
NCT03642522,Depression,Depression
NCT01449890,Depressive Disorders,Depression
NCT05791760,Posttraumatic Stress Disorder,PTSD
NCT06361160,Treatment Resistant Schizophrenia,Schizophrenia & psychosis
NCT06512220,Treatment Resistant Depression,Depression
NCT06907420,Negative Symptoms in Schizophrenia,Schizophrenia & psychosis
NCT06907420,Schizophrenia Disorders,Schizophrenia & psychosis
NCT06907420,Schizoaffective Disorder,Schizophrenia & psychosis
NCT05114824,Anxiety Disorders,Anxiety
NCT05114824,"Depression, Unipolar",Depression
NCT04567524,Schizophrenia Schizoaffective,Schizophrenia & psychosis
NCT07033546,Anxiety,Anxiety
NCT01427088,Schizophrenia,Schizophrenia & psychosis
NCT02500888,OCD,OCD
NCT05282173,Substance-Related Disorders,Substance use
NCT05282173,Depression,Depression
NCT05881941,Anxiety,Anxiety
NCT02283541,Major Depressive Disorder,Depression
NCT05754151,Anxiety Disorders and Symptoms,Anxiety
NCT05754151,Depressive Symptoms,Depression
NCT05754151,Depression,Depression
NCT07490353,Depression - Major Depressive Disorder,Depression
NCT07490353,Anhedonia,Depression
NCT04847245,Major Depressive Disorder,Depression
NCT02131883,Severe Health Anxiety,Anxiety
NCT02131883,Illness Anxiety Disorder,Anxiety
NCT01274741,Posttraumatic Stress Disorder,PTSD
NCT01274741,Substance Use Disorder,Substance use
NCT01274741,Alcohol Use Disorder,Substance use
NCT02361554,Treatment-resistant Schizophrenia,Schizophrenia & psychosis
NCT06530654,Anxiety,Anxiety
NCT05261594,Panic Disorder,Anxiety
NCT06831994,Depression,Depression
NCT05019651,PTSD,PTSD
NCT04586829,Anxiety Disorders,Anxiety
NCT03033602,PTSD,PTSD
NCT06593002,Anxiety,Anxiety
NCT06593002,Anxiety and Fear,Anxiety
NCT06013137,Depression,Depression
NCT06013137,Anxiety,Anxiety
NCT06013137,Eating Disorders,Eating disorders
NCT01724372,Psychotic Disorder,Schizophrenia & psychosis
NCT04616157,Depressive Disorder,Depression
NCT04616157,Anxiety Disorders,Anxiety
NCT01592201,Schizophrenia,Schizophrenia & psychosis
NCT04281719,Substance Use Disorders,Substance use
NCT04281719,Post Traumatic Stress Disorder,PTSD
NCT03004430,Depression,Depression
NCT06129500,Bipolar Disorder,Bipolar disorder
NCT06129500,Bipolar I Disorder,Bipolar disorder
NCT06129500,Bipolar II Disorder,Bipolar disorder
NCT06129500,Bipolar Affective Disorder,Bipolar disorder
NCT04722666,Major Depressive Disorder With Suicidal Ideation With Intent,Depression
NCT01422902,Schizophrenia,Schizophrenia & psychosis
NCT03912753,Alcohol Abuse,Substance use
NCT03912753,"Depression, Anxiety",Depression
NCT07492472,Anxiety,Anxiety
NCT06261177,MDD,Depression
NCT01243957,Major Depressive Disorder,Depression
NCT03881657,Depression,Depression
NCT01267019,Psychosis,Schizophrenia & psychosis
NCT06296030,Anxiety,Anxiety
NCT06296030,Anxiety Disorders,Anxiety
NCT05869630,Depression,Depression
NCT04415528,Anxiety,Anxiety
NCT02239367,Depression,Depression
NCT06957067,Post Traumatic Stress Disorder,PTSD
NCT05564767,"Depression, Anxiety",Depression
NCT03872492,"Depressive Disorder, Major",Depression
NCT04891367,Obsessive-Compulsive Disorder,OCD
NCT02968667,Psychotic Disorders,Schizophrenia & psychosis
NCT05221671,Anxiety,Anxiety
NCT01162044,Posttraumatic Stress Disorder,PTSD
NCT02153944,Anxiety Disorder,Anxiety
NCT06324864,Depression,Depression
NCT06324864,Depression/Anxiety,Depression
NCT06324864,Anxiety,Anxiety
NCT02342210,Psychotic Disorders,Schizophrenia & psychosis
NCT02342210,Schizophrenia,Schizophrenia & psychosis
NCT01368510,Obsessive-Compulsive Disorder (OCD),OCD
NCT03470480,Methamphetamine Abuse,Substance use
NCT03470480,Substance Use Disorders,Substance use
NCT03470480,Stimulant Dependence,Substance use
NCT03470480,Methamphetamine-dependence,Substance use
NCT03470480,Stimulant Use,Substance use
NCT01204346,Depression,Depression
NCT06639061,PTSD - Post Traumatic Stress Disorder,PTSD
NCT06306586,Eating Disorders,Eating disorders
NCT01113541,Bipolar Disorder,Bipolar disorder
NCT01744041,"Depressive Disorder, Major",Depression
NCT01744041,Postpartum Depression,Depression
NCT05611541,Anxiety in Pregnancy,Anxiety
NCT04609956,"Anxiety, Dental",Anxiety
NCT03195231,Antidepressive Agents,Depression
NCT07106645,Anorexia Nervosa,Eating disorders
NCT06955845,PTSD,PTSD
NCT06955845,PTSD - Post Traumatic Stress Disorder,PTSD
NCT05205772,Depression,Depression
NCT03711786,Depression,Depression
NCT04953273,Post-Traumatic Stress Disorder,PTSD
NCT04110041,Depression,Depression
NCT01982656,Anxiety,Anxiety
NCT04322422,Clinical Anxiety,Anxiety
NCT04322422,Clinical Depression,Depression
NCT06358651,Social Anxiety Disorder,Anxiety
NCT03018145,Anxiety,Anxiety
NCT04947475,Opioid-use Disorder,Substance use
NCT04947475,Depression,Depression
NCT05046912,Psychosis,Schizophrenia & psychosis
NCT03185819,"Depressive Disorder, Major",Depression
NCT07051746,Schizophrenia,Schizophrenia & psychosis
NCT07051746,Major Depressive Disorder,Depression
NCT07051746,Bipolar Disorder,Bipolar disorder
NCT02709746,"Depressive Disorder, Major",Depression
NCT03231761,Depression,Depression
NCT03231761,Psychosis,Schizophrenia & psychosis
NCT01015586,Alcohol Dependence,Substance use
NCT01015586,Bipolar Disorder,Bipolar disorder
NCT01015586,Depression,Depression
NCT01015586,Mania,Bipolar disorder
NCT01015586,Psychosis,Schizophrenia & psychosis
NCT01429454,Psychosis,Schizophrenia & psychosis
NCT06595654,Schizophrenia,Schizophrenia & psychosis
NCT06595654,Negative Symptoms in Schizophrenia,Schizophrenia & psychosis
NCT07242105,Major Depressive Disorder,Depression
NCT06557005,Anxiety,Anxiety
NCT06557005,Depression,Depression
NCT05925322,Depression,Depression
NCT05925322,Major Depressive Disorder,Depression
NCT05925322,Depressive Disorder,Depression
NCT01940237,Depression,Depression
NCT04701866,"Depressive Disorder, Treatment-Resistant",Depression
NCT04701866,"Depressive Disorder, Major",Depression
NCT04701866,Unipolar Depression,Depression
NCT04701866,"Depression, Bipolar",Depression
NCT05966766,Anxiety,Anxiety
NCT06236451,Schizophrenia,Schizophrenia & psychosis
NCT04316572,Depression,Depression
NCT04316572,Anxiety Disorder,Anxiety
NCT01797575,Bipolar Disorder,Bipolar disorder
NCT01355081,Major Depressive Disorder,Depression
NCT04935619,Cannabis Use,Substance use
NCT04935619,Major Depressive Disorder,Depression
NCT02186730,Depression,Depression
NCT03990792,Depression,Depression
NCT01671436,Depression,Depression
NCT01763736,Anxiety,Anxiety
NCT04245436,Anxiety,Anxiety
NCT04245436,Depressive Symptoms,Depression
NCT07036354,Anxiety,Anxiety
NCT04708522,Anxiety Disorders and Symptoms,Anxiety
NCT04708522,Depressive Symptoms,Depression
NCT01769729,Depression,Depression
NCT04785677,Depressive Symptoms,Depression
NCT04785677,Anxiety,Anxiety
NCT04785677,Substance Use,Substance use
NCT03110575,PTSD,PTSD
NCT06412757,Post Traumatic Stress Disorder,PTSD
NCT01627301,Post-traumatic Stress Disorder,PTSD
NCT04421612,Anxiety,Anxiety
NCT02220712,Schizophrenia,Schizophrenia & psychosis
NCT05014919,Depression,Depression
NCT03426930,Anorexia Nervosa,Eating disorders
NCT04921228,Disordered Eating,Eating disorders
NCT05658328,Depression,Depression
NCT06685965,Posttraumatic Stress Disorder (PTSD),PTSD
NCT05738967,Anxiety,Anxiety
NCT05738967,Depression,Depression
NCT07623967,PTSD - Post Traumatic Stress Disorder,PTSD
NCT02526407,"Depression, Postpartum",Depression
NCT01466751,Anxiety,Anxiety
NCT01466751,Depression,Depression
NCT05051995,Depressive Symptoms,Depression
NCT05051995,Antidepressants,Depression
NCT05357612,Parkinson Disease Psychosis,Schizophrenia & psychosis
NCT04404712,Post Traumatic Stress Disorder,PTSD
NCT04404712,Alcohol Use Disorder,Substance use
NCT04404712,Psychosis,Schizophrenia & psychosis
NCT06274775,Anxiety,Anxiety
NCT05402657,Major Depressive Episode,Depression
NCT04158219,Depression,Depression
NCT06999330,Anxiety,Anxiety
NCT06888128,PTSD,PTSD
NCT06390618,Post-Traumatic Stress Disorder,PTSD
NCT07110727,Post-traumatic Stress Disorder (PTSD) Among Road Traffic Injury Victims,PTSD
NCT03793569,Postpartum Depression,Depression
NCT04822883,Schizophrenia,Schizophrenia & psychosis
NCT06119854,Anxiety,Anxiety
NCT06119854,Depression,Depression
NCT02582905,Alcohol Use Disorder,Substance use
NCT02582905,Bipolar Disorder,Bipolar disorder
NCT02582905,Schizoaffective Disorder Bipolar Type,Bipolar disorder
NCT06700902,Major Depressive Disorder,Depression
NCT06700902,Bipolar Disorder,Bipolar disorder
NCT06700902,Schizophrenia,Schizophrenia & psychosis
NCT02650102,Schizophrenia,Schizophrenia & psychosis
NCT06596837,Anxiety,Anxiety
NCT06048172,Post Traumatic Stress Disorder,PTSD
NCT06048172,PTSD,PTSD
NCT06048172,Psychosis,Schizophrenia & psychosis
NCT06214039,Public Speaking Anxiety,Anxiety
NCT05934877,Substance Use Disorders,Substance use
NCT06072677,Adolescent Depression,Depression
NCT05279989,Anxiety,Anxiety
NCT05279989,Depression,Depression
NCT06622850,Anxiety,Anxiety
NCT04191876,Schizophrenia,Schizophrenia & psychosis
NCT04191876,Schizo Affective Disorder,Schizophrenia & psychosis
NCT04191876,Bipolar Disorder,Bipolar disorder
NCT04191876,Depression,Depression
NCT02437968,Anxiety Disorders,Anxiety
NCT05279976,Anxiety,Anxiety
NCT04152525,Substance Use Disorders,Substance use
NCT01166425,Bipolar Disorder,Bipolar disorder
NCT04564976,Anxiety,Anxiety
NCT02224989,"Stress Disorders, Post-Traumatic",PTSD
NCT04417738,Opioid-use Disorder,Substance use
NCT04417738,"Depression, Anxiety",Depression
NCT03977376,Anxiety,Anxiety
NCT04551976,Depression Mild,Depression
NCT04551976,"Depression, Anxiety",Depression
NCT04551976,Anxiety,Anxiety
NCT02773576,Schizophrenia,Schizophrenia & psychosis
NCT03202576,Feeding and Eating Disorders,Eating disorders
NCT03083340,MDD,Depression
NCT03969589,Psychotic Disorders,Schizophrenia & psychosis
NCT03969589,"Stress Disorders, Post-Traumatic",PTSD
NCT05105568,Anxiety,Anxiety
NCT05105568,Depression,Depression
NCT01504191,Depression,Depression
NCT01504191,Anxiety,Anxiety
NCT06882590,Bipolar Disorder I or II,Bipolar disorder
NCT05298397,Anxiety Disorder of Childhood or Adolescence,Anxiety
NCT05496413,Memory Deficits Schizophrenia Neurostimulator; Complications,Schizophrenia & psychosis
NCT01306760,Depression,Depression
NCT04788524,Major Depressive Disorder,Depression
NCT06993259,Anxiety,Anxiety
NCT02970279,Depression,Depression
NCT03464162,First Episode Psychosis,Schizophrenia & psychosis
NCT03464162,Schizophrenia,Schizophrenia & psychosis
NCT03812146,"Stress Disorders, Post-Traumatic",PTSD
NCT02579642,Depressive Disorder,Depression
NCT01861769,Posttraumatic Stress Disorder,PTSD
NCT06748274,Major Depression,Depression
NCT06610318,Depressive Symptoms,Depression
NCT06610318,Disordered Eating Behaviors,Eating disorders
NCT02279290,Anxiety,Anxiety
NCT02279290,Depression,Depression
NCT04870710,Schizophrenia,Schizophrenia & psychosis
NCT04870710,Schizoaffective Disorder,Schizophrenia & psychosis
NCT04870710,Bipolar Disorder,Bipolar disorder
NCT04976413,Depression,Depression
NCT04976413,Anxiety,Anxiety
NCT02982213,Anxiety,Anxiety
NCT03043560,Depressive Disorder,Depression
NCT03043560,Anhedonia,Depression
NCT06065020,"Depression, Anxiety",Depression
NCT07203820,Anxiety,Anxiety
NCT02690324,"Major Depressive Disorder, Anxiety Disorder",Depression
NCT05641623,Depression,Depression
NCT05641623,"Depressive Disorder, Treatment-Resistant",Depression
NCT05641623,Depressive Disorder,Depression
NCT05641623,Depressive Episode,Depression
NCT05641623,Recurrent Depressive Disorder,Depression
NCT05641623,Recurrent Depression,Depression
NCT06959823,Anxiety,Anxiety
NCT04058080,Depression,Depression
NCT04618562,Depression,Depression
NCT06025396,Cocaine Use Disorder,Substance use
NCT06025396,Substance Use Disorders,Substance use
NCT05374096,Anxiety,Anxiety
NCT02883686,Depression,Depression
NCT02883686,"Depression, Postpartum",Depression
NCT06441786,Anxiety Depression,Depression
NCT01396486,Pediatric Bipolar Spectrum Disorders,Bipolar disorder
NCT04418570,Psychotic Disorders,Schizophrenia & psychosis
NCT06029738,Obsessive-Compulsive Disorder,OCD
NCT03790085,Schizophrenia,Schizophrenia & psychosis
NCT03790085,Major Depressive Disorder,Depression
NCT03790085,Anxiety Disorders,Anxiety
NCT07404085,Bipolar Disorder (BD),Bipolar disorder
NCT07404085,Depression - Major Depressive Disorder,Depression
NCT03295708,Major Depressive Disorder,Depression
NCT05562674,Psychotic Disorders,Schizophrenia & psychosis
NCT04010890,Depression,Depression
NCT04010890,Anxiety,Anxiety
NCT03784820,Binge-Eating Disorder,Eating disorders
NCT03829280,Schizophrenia,Schizophrenia & psychosis
NCT03829280,Schizoaffective Disorder,Schizophrenia & psychosis
NCT04101942,Post Traumatic Stress Disorder,PTSD
NCT05235828,PTSD,PTSD
NCT05235828,Depressive Symptoms,Depression
NCT05235828,Anxiety,Anxiety
NCT05235828,Post Traumatic Stress Disorder,PTSD
NCT02997865,"Depressive Disorder, Major",Depression
NCT05943665,Alcohol Use Disorder,Substance use
NCT05943665,Post Traumatic Stress Disorder,PTSD
NCT01969500,Schizophrenia,Schizophrenia & psychosis
NCT01969500,Schizoaffective Disorder,Schizophrenia & psychosis
NCT01680107,Panic Disorder,Anxiety
NCT01832792,Bulimia Nervosa,Eating disorders
NCT01832792,Eating Disorder Not Otherwise Specified,Eating disorders
NCT01832792,Binge Eating Disorder,Eating disorders
NCT07053111,Anxiety,Anxiety
NCT07053111,Depression Not Otherwise Specified,Depression
NCT05442099,Anxiety State,Anxiety
NCT06546163,Eating Disorders,Eating disorders
NCT06546163,Anorexia Nervosa/Bulimia,Eating disorders
NCT06546163,Eating Disorder Binge,Eating disorders
NCT02375321,Depressive Symptoms,Depression
NCT05224206,Major Depressive Disorder,Depression
NCT06413433,Binge-Eating Disorder,Eating disorders
NCT03966885,Alcohol Use Disorder,Substance use
NCT03966885,Depression,Depression
NCT03966885,Post-traumatic Stress Disorder,PTSD
NCT03966885,Substance Use Disorders,Substance use
NCT06934525,Obsessive Compulsive Disorder (OCD),OCD
NCT06934525,Pediatric Anxiety Disorders,Anxiety
NCT06934525,Anxiety Disorder,Anxiety
NCT06934525,Anxiety,Anxiety
NCT06934525,OCD,OCD
NCT06934525,Phobia,Anxiety
NCT06934525,Agoraphobia,Anxiety
NCT06934525,Generalized Anxiety,Anxiety
NCT06934525,Generalized Anxiety Disorder,Anxiety
NCT06934525,Separation Anxiety,Anxiety
NCT06934525,Social Anxiety,Anxiety
NCT06934525,Social Anxiety Disorder,Anxiety
NCT06934525,Panic Disorder,Anxiety
NCT03370640,Schizophrenia,Schizophrenia & psychosis
NCT03990389,"Depression, Postpartum",Depression
NCT03990389,"Depression, Unipolar",Depression
NCT06616350,Obsessive-Compulsive Disorder (OCD),OCD
NCT01593774,Schizophrenia,Schizophrenia & psychosis
NCT06504290,Schizophrenia,Schizophrenia & psychosis
NCT04469790,Anxiety,Anxiety
NCT04763590,Anxiety,Anxiety
NCT03562520,Bipolar Disorder,Bipolar disorder
NCT01631682,Posttraumatic Stress Disorder,PTSD
NCT01631682,Anxiety Disorder,Anxiety
NCT01721824,Major Depressive Disorder,Depression
NCT01721824,Bipolar Disorder,Bipolar disorder
NCT01721824,Anxiety Disorder,Anxiety
NCT06754124,Depression,Depression
NCT05683223,Social Anxiety Disorder,Anxiety
NCT03217123,Obsessive-Compulsive Disorder,OCD
NCT02033759,Anxiety,Anxiety
NCT05147480,Anxiety,Anxiety
NCT05513079,Anxiety,Anxiety
NCT03986658,Treatment Resistant Depression,Depression
NCT04185155,Post Traumatic Stress Disorder,PTSD
NCT07050355,Depression - Major Depressive Disorder,Depression
NCT05625126,Posttraumatic Stress Disorder,PTSD
NCT01667926,Major Depressive Disorder,Depression
NCT01941043,Major Depressive Disorder,Depression
NCT06659315,Depression During Pregnancy,Depression
NCT01525576,Obsessive-compulsive Disorder,OCD
NCT05521074,Obsessive-Compulsive Disorder,OCD
NCT02884674,Obsessive-Compulsive Disorder,OCD
NCT05676918,Postpartum Depression,Depression
NCT06434818,Substance Use Disorders,Substance use
NCT06434818,Opioid Use Disorder,Substance use
NCT06434818,Alcohol Use Disorder,Substance use
NCT06434818,Cocaine Use Disorder,Substance use
NCT06434818,Methamphetamine-dependence,Substance use
NCT03113890,Major Depressive Disorder,Depression
NCT03113890,PTSD,PTSD
NCT06016582,Anxiety,Anxiety
NCT02669082,Major Depressive Disorder,Depression
NCT05890482,PTSD,PTSD
NCT05042323,Post Traumatic Stress Disorder,PTSD
NCT06110559,Depression,Depression
NCT07313280,Posttraumatic Stress Symptom,PTSD
NCT03859180,Anxiety,Anxiety
NCT06133296,Anxiety,Anxiety
NCT06957288,Death Anxiety,Anxiety
NCT05456958,Post Traumatic Stress Disorder,PTSD
NCT03899948,Anxiety,Anxiety
NCT02466126,Depression,Depression
NCT02450617,Posttraumatic Stress Disorder,PTSD
NCT06370117,Anxiety,Anxiety
NCT05208190,Schizophrenia,Schizophrenia & psychosis
NCT05208190,Schizoaffective Disorder,Schizophrenia & psychosis
NCT06575660,Anxiety,Anxiety
NCT06575660,Depression,Depression
NCT06278779,Treatment Resistant Depression,Depression
NCT03665662,Anxiety,Anxiety
NCT01920555,Treatment Resistant Depression,Depression
NCT06384274,Anxiety,Anxiety
NCT01635218,Moderate Depression,Depression
NCT02119910,Feeding and Eating Disorders of Childhood,Eating disorders
NCT06881810,Schizophrenia Spectrum Disorders (SSD),Schizophrenia & psychosis
NCT04820920,Postnatal Depression,Depression
NCT02346682,Severe Major Depression Disorder,Depression
NCT01178424,Major Depression,Depression
NCT05335980,Anxiety,Anxiety
NCT05335980,Depression,Depression
NCT04958096,Obsessive-Compulsive Disorder,OCD
NCT03948217,Anorexia Nervosa,Eating disorders
NCT03948217,Eating Disorder,Eating disorders
NCT07211750,Depression - Major Depressive Disorder,Depression
NCT07211750,Bipolar,Bipolar disorder
NCT01652391,Major Depression,Depression
NCT03282110,Depression; Psychoneurotic,Depression
NCT03673982,Anorexia Nervosa,Eating disorders
NCT07591324,Pain and Anxiety,Anxiety
NCT06213324,Major Depressive Disorder,Depression
NCT02425124,Depression,Depression
NCT05269459,PTSD,PTSD
NCT06904079,Schizophrenia,Schizophrenia & psychosis
NCT06904079,Schizoaffective Disorder,Schizophrenia & psychosis
NCT06904079,Paranoid Psychosis,Schizophrenia & psychosis
NCT06904079,Bipolar Affective Disorder,Bipolar disorder
NCT06303596,Schizophrenia,Schizophrenia & psychosis
NCT02816788,"Stress Disorders, Post-Traumatic",PTSD
NCT03299127,Depression,Depression
NCT01476527,Bipolar Disorder,Bipolar disorder
NCT01820286,Bipolar Disorder,Bipolar disorder
NCT01820286,Depression,Depression
NCT06073886,Anxiety,Anxiety
NCT06073886,Depression,Depression
NCT06073886,Post-traumatic Stress Disorder,PTSD
NCT06969170,Generalized Anxiety Disorder (GAD),Anxiety
NCT05746273,Depressive Disorder,Depression
NCT02719054,Maternal Depressive Symptom and Child Development,Depression
NCT04010305,Schizophrenia,Schizophrenia & psychosis
NCT07483294,Psychosis; Acute,Schizophrenia & psychosis
NCT01428661,Major Depressive Disorder,Depression
NCT06426342,Depression and Suicide Ideation,Depression
NCT03978286,Depression,Depression
NCT06635486,Anxiety,Anxiety
NCT06635486,Post Traumatic Stress Disorder,PTSD
NCT06635486,Depression,Depression
NCT07523594,Anxiety,Anxiety
NCT02342366,"Depressive Disorder, Major",Depression
NCT02342366,Bipolar Disorder,Bipolar disorder
NCT02013531,Major Depressive Disorder,Depression
NCT02013531,Anxiety,Anxiety
NCT03465137,Social Anxiety,Anxiety
NCT02397837,Bipolar Disorder,Bipolar disorder
NCT04280445,Anxiety,Anxiety
NCT04280445,Depression,Depression
NCT07283172,The Effects of Virtual Reality on Pain and Anxiety Levels During Chest Tube Removal,Anxiety
NCT04838977,Post-Traumatic Stress Disorder in Children,PTSD
NCT04838977,Post-Traumatic Stress Disorder in Adolescence,PTSD
NCT06701123,Opioid Use Disorders,Substance use
NCT01598896,Cannabis Dependence,Substance use
NCT01598896,Marijuana Dependence,Substance use
NCT04220996,MDD,Depression
NCT04220996,Anxiety Disorders,Anxiety
NCT02420561,Depression,Depression
NCT02420561,Substance-Related Disorders,Substance use
NCT02765542,Depression,Depression
NCT05904483,Anxiety,Anxiety
NCT03973541,Social Anxiety,Anxiety
NCT02380066,Major Depressive Disorder (MDD),Depression
NCT01503151,Social Phobia,Anxiety
NCT02872051,Generalized Anxiety,Anxiety
NCT02872051,Social Phobia,Anxiety
NCT02872051,Panic Disorder,Anxiety
NCT02872051,Depression,Depression
NCT01912729,Depression,Depression
NCT04236531,Psychosis,Schizophrenia & psychosis
NCT03752853,Major Depressive Episode,Depression
NCT07018245,Depression,Depression
NCT02880202,Anxiety,Anxiety
NCT02880202,Depression,Depression
NCT02860962,Major Depressive Disorder,Depression
NCT01182727,Schizophrenia,Schizophrenia & psychosis
NCT02766361,Bipolar Disorder,Bipolar disorder
NCT07064551,Depression,Depression
NCT07495553,Parenting Anxiety,Anxiety
NCT02566759,"Schizophrenia, Cerebellar Ataxia",Schizophrenia & psychosis
NCT01908959,"Depression, Postpartum",Depression
NCT02535780,Anorexia Nervosa,Eating disorders
NCT02535780,Bulimia Nervosa,Eating disorders
NCT01958788,Generalized Anxiety Disorder,Anxiety
NCT04118127,Schizophrenia,Schizophrenia & psychosis
NCT05223842,Depression,Depression
NCT05223842,Anhedonia,Depression
NCT05223842,Depressive Disorder,Depression
NCT02352870,Depression,Depression
NCT02352870,Anxiety,Anxiety
NCT07772583,Anxiety,Anxiety
NCT06152705,Depression,Depression
NCT06152705,"Depressive Disorder, Major",Depression
NCT06152705,Depressive Episode,Depression
NCT04332029,Tobacco Use Disorder,Substance use
NCT04570202,Depression,Depression
NCT04570202,Post Traumatic Stress Disorder,PTSD
NCT05850897,Anxiety,Anxiety
NCT03280810,Schizophrenia,Schizophrenia & psychosis
NCT07074860,Initation of Substance Use Disorder,Substance use
NCT04493320,Depression,Depression
NCT02517424,Posttraumatic Stress Disorder,PTSD
NCT06330779,PTSD,PTSD
NCT04304196,Anxiety,Anxiety
NCT02040883,Schizophrenia,Schizophrenia & psychosis
NCT04891224,Major Depressive Disorder,Depression
NCT02474524,Schizophrenia,Schizophrenia & psychosis
NCT02474524,"Affective Disorders, Psychotic",Schizophrenia & psychosis
NCT02474524,Psychotic Disorders,Schizophrenia & psychosis
NCT06812923,Treatment Resistant Depression (TRD),Depression
NCT03730259,Anxiety,Anxiety
NCT02445196,PTSD,PTSD
NCT04016896,Depression,Depression
NCT01884246,Depression,Depression
NCT02983188,Schizophrenia,Schizophrenia & psychosis
NCT02983188,Schizophrenia Spectrum and Other Psychotic Disorders,Schizophrenia & psychosis
NCT05745103,Anxiety Disorders,Anxiety
NCT02264327,Substance Use Disorders,Substance use
NCT03654261,Postpartum Depression,Depression
NCT03307070,Major Depressive Disorder,Depression
NCT01932541,Mania,Bipolar disorder
NCT01932541,Bipolar I,Bipolar disorder
NCT01932541,Bipolar II,Bipolar disorder
NCT01932541,Bipolar Spectrum Disorder,Bipolar disorder
NCT01932541,Bipolar Disorder,Bipolar disorder
NCT03829241,Generalized Anxiety Disorder,Anxiety
NCT05346120,Post COVID -19 Depression,Depression
NCT04235582,Substance-Related Disorders,Substance use
NCT04235582,Opioid-Related Disorders,Substance use
NCT02069379,Depression,Depression
NCT05717946,Depression,Depression
NCT05717946,Anxiety,Anxiety
NCT03025646,Maternal Depression,Depression
NCT02503488,Posttraumatic Stress Disorder,PTSD
NCT02503488,Depression,Depression
NCT01121042,Schizoaffective and Schizophreniform Disorders,Schizophrenia & psychosis
NCT01121042,Schizophrenia,Schizophrenia & psychosis
NCT02532686,Schizophrenia,Schizophrenia & psychosis
NCT06598670,Post-stroke Depression,Depression
NCT06569654,Depression,Depression
NCT07325929,Social Anxiety Disorder (SAD),Anxiety
NCT06432829,"Depression, Anxiety",Depression
NCT02308878,Substance Use Disorder,Substance use
NCT04652089,Depression,Depression
NCT05320991,Ketamine-Induced Psychotic Disorder,Schizophrenia & psychosis
NCT03948074,Anxiety,Anxiety
NCT03651674,"Schizophrenia, Bipolar Disorder",Bipolar disorder
NCT06600113,Anxiety,Anxiety
NCT04187560,Schizophrenia,Schizophrenia & psychosis
NCT05920720,Disordered Eating,Eating disorders
NCT07165782,Post-Traumatic Stress Disorder in Adolescence,PTSD
NCT07165782,"Post-Traumatic Stress Disorder, PTSD",PTSD
NCT07165782,Post-Traumatic Stress Disorder in Youth,PTSD
NCT02191124,Major Depressive Disorder,Depression
NCT03282448,Peripartum Depression,Depression
NCT07368855,Depression,Depression
NCT01510015,Cannabis Dependence,Substance use
NCT01510015,Psychostimulant Dependence,Substance use
NCT03906240,Posttraumatic Stress Disorder,PTSD
NCT07632989,Bipolar Disorder (BD),Bipolar disorder
NCT07632989,Schizophrenia Spectrum Disorders (SSD),Schizophrenia & psychosis
NCT02542891,Depressive Disorder,Depression
NCT05339074,Bipolar Disorder,Bipolar disorder
NCT05339074,Bipolar Depression,Depression
NCT05339074,Bipolar I Disorder,Bipolar disorder
NCT05339074,Bipolar II Disorder,Bipolar disorder
NCT04293874,Depression,Depression
NCT06461260,Major Depressive Disorder,Depression
NCT04663724,Social Anxiety Disorder,Anxiety
NCT02118623,Bipolar Disorder,Bipolar disorder
NCT05568823,"Depression, Bipolar",Depression
NCT05568823,Major Depressive Disorder,Depression
NCT05568823,Bipolar Disorder,Bipolar disorder
NCT03153579,Anxiety Disorders,Anxiety
NCT05985096,Anxiety,Anxiety
NCT05985096,Depression,Depression
NCT05207462,Post Traumatic Stress Disorder,PTSD
NCT05802446,Bipolar Disorder,Bipolar disorder
NCT02400346,Major Depression Disorder,Depression
NCT04994470,Depression,Depression
NCT04994470,Depressive Disorder,Depression
NCT04994470,Depressive Symptoms,Depression
NCT04994470,"Depressive Disorder, Major",Depression
NCT06103370,Substance Use Disorders,Substance use
NCT06103370,Addiction,Substance use
NCT06103370,Opioid Use,Substance use
NCT05838573,Schizophrenia,Schizophrenia & psychosis
NCT04672551,Posttraumatic Stress Disorder,PTSD
NCT06795451,Depression - Major Depressive Disorder,Depression
NCT01736631,Social Phobia,Anxiety
NCT01736631,Bipolar Disorder,Bipolar disorder
NCT01852331,Schizophrenia,Schizophrenia & psychosis
NCT01852331,Schizophrenic Disorder,Schizophrenia & psychosis
NCT03232502,Depression,Depression
NCT03232502,Obsessive-Compulsive Disorder,OCD
NCT03232502,Generalized Anxiety Disorder,Anxiety
NCT02435095,Schizophrenia,Schizophrenia & psychosis
NCT02032680,Schizophrenia,Schizophrenia & psychosis
NCT02032680,Schizoaffective Disorder,Schizophrenia & psychosis
NCT02032680,Schizophrenia and Related Disorders,Schizophrenia & psychosis
NCT05304780,Schizophrenia,Schizophrenia & psychosis
NCT07071779,Alcohol Use Disorder (AUD),Substance use
NCT07071779,Cocaine Use Disorder (CUD),Substance use
NCT07071779,Substance Use Disorder (SUD),Substance use
NCT05900479,"Stress Disorders, Post-Traumatic",PTSD
NCT04532996,Complex Post-Traumatic Stress Disorder,PTSD
NCT04532996,Post-traumatic Stress Disorder,PTSD
NCT05136742,Depression,Depression
NCT02079142,Eating Disorders (Excluding Anorexia Nervosa),Eating disorders
NCT02079142,Depression,Depression
NCT03135886,Substance Use Disorders,Substance use
NCT03135886,Opioid-use Disorder,Substance use
NCT01013870,Post-traumatic Stress Disorder,PTSD
NCT01324973,Schizophrenia,Schizophrenia & psychosis
NCT01324973,"Affective Disorders, Psychotic",Schizophrenia & psychosis
NCT04293341,Major Depressive Disorder,Depression
NCT04293341,Posttraumatic Stress Disorder,PTSD
NCT04293341,Panic Disorder and Agoraphobia,Anxiety
NCT05976022,MDD,Depression
NCT05976022,Major Depressive Disorder,Depression
NCT05976022,Treatment Resistant Depression,Depression
NCT01210651,"Depression, Unipolar",Depression
NCT07044531,Substance Use Disorders,Substance use
NCT07044531,Alcohol Use Disorders,Substance use
NCT05523453,"Stress Disorders, Post-Traumatic",PTSD
NCT03488745,Depression,Depression
NCT03488745,Anxiety,Anxiety
NCT03548545,Major Depressive Disorder,Depression
NCT07137572,Anxiety Disorders,Anxiety
NCT07137572,"Affective Disorders, Psychotic",Schizophrenia & psychosis
NCT07137572,Psychotic Disorder,Schizophrenia & psychosis
NCT07137572,Depression Disorders,Depression
NCT07137572,Schizophrenia Disorders,Schizophrenia & psychosis
NCT05799872,Anorexia Nervosa,Eating disorders
NCT02116127,Depression,Depression
NCT07164261,Post-traumatic Stress Disorder,PTSD
NCT01953042,Obsessive-Compulsive Disorder,OCD
NCT01953042,Anxiety Disorders,Anxiety
NCT05282186,Schizophrenia,Schizophrenia & psychosis
NCT01527786,Depression,Depression
NCT05791383,"Depression, Anxiety",Depression
NCT02704754,Posttraumatic Stress Disorder,PTSD
NCT04495166,Perinatal Depression,Depression
NCT02671266,Obsessive-compulsive Disorder,OCD
NCT02504931,PTSD,PTSD
NCT02504931,Alcohol Use Disorder,Substance use
NCT06404502,Anxiety,Anxiety
NCT06404502,Depression,Depression
NCT04917302,Schizophrenia,Schizophrenia & psychosis
NCT05528302,Anxiety,Anxiety
NCT03922672,Depression,Depression
NCT05843695,Posttraumatic Stress Disorder,PTSD
NCT05843695,Anxiety Disorders,Anxiety
NCT06009523,Depression and Suicide,Depression
NCT04869423,Eating Disorders in Adolescence,Eating disorders
NCT04869423,Eating Disorders,Eating disorders
NCT04869423,Anorexia Nervosa/Bulimia,Eating disorders
NCT06109480,Depressive Disorder,Depression
NCT01284803,"Patients With Moderate Depression,",Depression
NCT05974527,Schizophrenia,Schizophrenia & psychosis
NCT05974527,Schizoaffective Disorder,Schizophrenia & psychosis
NCT05974527,Schizophreniform Disorders,Schizophrenia & psychosis
NCT05974527,Bipolar Disorder,Bipolar disorder
NCT06134661,Schizophrenia; Psychosis,Schizophrenia & psychosis
NCT06134661,Schizophrenia and Related Disorders,Schizophrenia & psychosis
NCT06134661,Schizo Affective Disorder,Schizophrenia & psychosis
NCT06134661,Brief Psychotic Disorder,Schizophrenia & psychosis
NCT04498442,Anxiety Depression,Depression
NCT05357586,Posttraumatic Stress Disorder,PTSD
NCT05357586,Depression,Depression
NCT05357586,Anxiety,Anxiety
NCT05357586,Alcohol Use Disorder,Substance use
NCT04715269,Anxiety,Anxiety
NCT02911441,Maternal Anxiety,Anxiety
NCT02911441,Maternal Depression,Depression
NCT02656641,Depressive Symptoms,Depression
NCT02656641,"Anxiety States, Neurotic",Anxiety
NCT05767554,Depression,Depression
NCT04822194,Depressive Symptoms,Depression
NCT01012856,Unipolar Depression,Depression
NCT03110302,Posttraumatic Stress Disorder,PTSD
NCT03078322,Major Depressive Disorder,Depression
NCT03206437,Anxiety Disorders,Anxiety
NCT03206437,Generalized Anxiety Disorder,Anxiety
NCT03206437,Social Anxiety Disorder,Anxiety
NCT03206437,Panic Disorder,Anxiety
NCT03206437,Post Traumatic Stress Disorder,PTSD
NCT03206437,Agoraphobia,Anxiety
NCT03206437,Simple Phobia,Anxiety
NCT07371988,Depression,Depression
NCT02625103,Schizophrenia,Schizophrenia & psychosis
NCT01913327,Schizophrenia,Schizophrenia & psychosis
NCT01913327,Schizoaffective Disorder,Schizophrenia & psychosis
NCT01913327,Schizophreniform Disorder,Schizophrenia & psychosis
NCT01219686,Unipolar Depression,Depression
NCT05595486,Perinatal Depression,Depression
NCT05595486,Post Partum Depression,Depression
NCT03899194,Major Depressive Disorder,Depression
NCT06942494,Obsessive - Compulsive Disorder,OCD
NCT04175366,Psychosis,Schizophrenia & psychosis
NCT05554094,PTSD,PTSD
NCT05554094,"Stress Disorders, Post-Traumatic",PTSD
NCT03163056,Tobacco Use Disorder,Substance use
NCT03795051,"Depressive Disorder, Major",Depression
NCT03873129,Substance Use Disorders,Substance use
NCT06882902,Obsessive-Compulsive Disorder,OCD
NCT05555745,Depressive Symptoms,Depression
NCT03850639,Post Traumatic Stress Disorder,PTSD
NCT01663077,Schizophrenia,Schizophrenia & psychosis
NCT06455527,Depression,Depression
NCT07109973,Depression,Depression
NCT07109973,Adolescent Depression,Depression
NCT07109973,Anxiety Disorder,Anxiety
NCT03720769,Depression,Depression
NCT04124341,Treatment Resistant Depression,Depression
NCT02137941,Anxiety,Anxiety
NCT02623205,Depression,Depression
NCT05227794,Anxiety,Anxiety
NCT05227794,Depression,Depression
NCT05029466,Treatment Resistant Depression,Depression
NCT06792656,Anxiety,Anxiety
NCT06792656,Anxiety Depression (Mild or Not Persistent),Depression
NCT01774045,Major Depressive Disorder,Depression
NCT06844695,Anxiety,Anxiety
NCT04174703,Eating Disorders,Eating disorders
NCT04174703,Anorexia Nervosa,Eating disorders
NCT04174703,Bulimia Nervosa,Eating disorders
NCT04174703,Binge-Eating Disorder,Eating disorders
NCT01259427,Schizophrenia,Schizophrenia & psychosis
NCT01259427,Schizoaffective Disorder,Schizophrenia & psychosis
NCT01259427,Bipolar Disorder,Bipolar disorder
NCT01259427,Major Depression With Psychotic Features,Depression
NCT04148261,Depression,Depression
NCT01832805,Unipolar Major Depression,Depression
NCT01104766,Schizophrenia,Schizophrenia & psychosis
NCT03482466,Post-traumatic Stress Disorder,PTSD
NCT03281629,Nicotine Addiction,Substance use
NCT03281629,Schizophrenia,Schizophrenia & psychosis
NCT02142231,Test Anxiety,Anxiety
NCT04144231,Schizophrenia,Schizophrenia & psychosis
NCT04144231,Schizoaffective Disorder,Schizophrenia & psychosis
NCT02334202,Disordered Eating,Eating disorders
NCT02334202,Eating Disorder,Eating disorders
NCT03406845,Depression,Depression
NCT03406845,Anxiety,Anxiety
NCT05323695,Depressive Symptoms,Depression
NCT03627377,Schizophrenia,Schizophrenia & psychosis
NCT05247151,Schizophrenia Spectrum Disorders,Schizophrenia & psychosis
NCT05452629,State Anxiety,Anxiety
NCT03154931,PTSD,PTSD
NCT01693237,Bulimia Nervosa (BN),Eating disorders
NCT01693237,Binge Eating Disorder (BED),Eating disorders
NCT01693237,Eating Disorder Not Otherwise Specified (EDNOS),Eating disorders
NCT07634445,Anxiety,Anxiety
NCT04582695,Ptsd,PTSD
NCT04582695,Alcohol Use Disorder,Substance use
NCT03941301,Depressive Disorder,Depression
NCT03457181,Anxiety State,Anxiety
NCT05693805,PTSD,PTSD
NCT03346551,Postnatal Depression,Depression
NCT04722731,Anxiety Disorders,Anxiety
NCT07267702,Postpartum Depression,Depression
NCT05823753,Social Anxiety,Anxiety
NCT05823753,Social Anxiety Disorder,Anxiety
NCT04875572,Anxiety,Anxiety
NCT04875572,Opioid Consumption,Substance use
NCT04560595,Caffeine Dependence,Substance use
NCT04560595,Anxiety,Anxiety
NCT04560595,Caffeine-Induced Anxiety Disorder,Anxiety
NCT04560595,"Caffeine-Induced Sleep Disorder, Without Use Disorder",Substance use
NCT04560595,Anxiety Disorders,Anxiety
NCT01292577,Schizophrenia,Schizophrenia & psychosis
NCT01292577,Schizoaffective Disorder,Schizophrenia & psychosis
NCT05577377,PTSD,PTSD
NCT05958875,Schizophrenia and Related Disorders,Schizophrenia & psychosis
NCT05237557,Anxiety,Anxiety
NCT03799419,Obsessive-Compulsive Disorder,OCD
NCT03799419,Obsessive-compulsive Disorders and Symptoms,OCD
NCT06388005,Anxiety,Anxiety
NCT05746494,Schizophrenia,Schizophrenia & psychosis
NCT05746494,Schizo Affective Disorder,Schizophrenia & psychosis
NCT01620866,Bipolar Disorder,Bipolar disorder
NCT01620866,PTSD,PTSD
NCT05017831,Anorexia Nervosa,Eating disorders
NCT01931202,Major Depressive Disorder,Depression
NCT06715553,Schizophenia Disorder,Schizophrenia & psychosis
NCT03228953,Major Depressive Disorder,Depression
NCT01802437,Adolescent Depression,Depression
NCT02557945,Clinical High Risk for Psychosis,Schizophrenia & psychosis
NCT04103775,Psychosis,Schizophrenia & psychosis
NCT04352101,Major Depression,Depression
NCT04590612,Depression,Depression
NCT04424212,Depression and Quality of Life Related to the Coronavirus Pandemic,Depression
NCT02086201,Major Depression,Depression
NCT02521012,Depression,Depression
NCT02521012,Depressive Disorder,Depression
NCT05951257,Anxiety,Anxiety
NCT04311619,Major Depressive Disorder,Depression
NCT05050201,Psychosis,Schizophrenia & psychosis
NCT05050201,First Episode Psychosis,Schizophrenia & psychosis
NCT05921201,Subclinical Depressive Symptoms,Depression
NCT05987228,Anxiety,Anxiety
NCT05987228,Depression,Depression
NCT01779700,Schizophrenia,Schizophrenia & psychosis
NCT01451736,Schizophrenia (Recent-onset),Schizophrenia & psychosis
NCT05378711,Social Anxiety,Anxiety
NCT02176044,Schizophrenia,Schizophrenia & psychosis
NCT05368844,Anorexia Nervosa,Eating disorders
NCT04101032,Binge-Eating Disorder,Eating disorders
NCT05823532,Schizophrenia,Schizophrenia & psychosis
NCT02780232,Depression,Depression
NCT07244198,Social Anxiety Disorder,Anxiety
NCT03762798,Substance Use Disorders,Substance use
NCT03762798,Substance Abuse,Substance use
NCT03762798,Substance Use,Substance use
NCT03762798,Substance Dependence,Substance use
NCT07196098,Anxiety,Anxiety
NCT06169293,Depression,Depression
NCT06169293,Anxiety,Anxiety
NCT04268914,Anxiety,Anxiety
NCT03518216,Anxiety,Anxiety
NCT02056106,Depression,Depression
NCT02060084,Feeding and Eating Disorders of Childhood,Eating disorders
NCT02259036,Anxiety,Anxiety
NCT05854836,Substance Use Disorders,Substance use
NCT02364544,Schizophrenia,Schizophrenia & psychosis
NCT02364544,Schizoaffective Disorder,Schizophrenia & psychosis
NCT02364544,Psychosis NOS,Schizophrenia & psychosis
NCT02163564,Depression,Depression
NCT04877093,PTSD,PTSD
NCT04877093,Posttraumatic Stress Disorder,PTSD
NCT05662306,Schizophrenia,Schizophrenia & psychosis
NCT02966106,Depression,Depression
NCT04015206,"Depressive Disorder, Major",Depression
NCT05339347,Schizophrenia,Schizophrenia & psychosis
NCT05676658,Anxiety,Anxiety
NCT05676658,Depressive Symptoms,Depression
NCT01879826,Anxiety,Anxiety
NCT06743178,Opioid Use Disorder,Substance use
NCT06743178,Substance Use Disorders,Substance use
NCT05701111,Post Traumatic Stress Disorder,PTSD
NCT05701111,Complex Posttraumatic Stress Disorder,PTSD
NCT04948944,Depression,Depression
NCT04948944,Anxiety and Fear,Anxiety
NCT01488799,Anxiety Disorders,Anxiety
NCT01488799,Generalized Anxiety Disorder,Anxiety
NCT01605799,Posttraumatic Stress Disorder,PTSD
NCT06524232,Substance Use Disorders,Substance use
NCT06524232,Substance Abuse,Substance use
NCT06524232,Alcohol Use Disorder,Substance use
NCT06524232,Substance Use,Substance use
NCT02730832,Schizophrenia,Schizophrenia & psychosis
NCT05837832,Anxiety,Anxiety
NCT05343598,Schizophrenia,Schizophrenia & psychosis
NCT05343598,Schizo Affective Disorder,Schizophrenia & psychosis
NCT03353493,"Major Depressive Disorder, Recurrent",Depression
NCT06255093,Anxiety,Anxiety
NCT05210816,Psychotic Disorders,Schizophrenia & psychosis
NCT06271304,Bipolar Disorder,Bipolar disorder
NCT03484338,Depressive Symptoms,Depression
NCT06087185,Anxiety,Anxiety
NCT02810236,Anxiety,Anxiety
NCT02258711,Bipolar Disorder,Bipolar disorder
NCT03162211,Depression,Depression
NCT02855411,Cognitive Impairment Associated With Schizophrenia (CIAS),Schizophrenia & psychosis
NCT03743571,Social Anxiety,Anxiety
NCT02972398,Major Depressive Disorders,Depression
NCT01595698,Schizophrenia,Schizophrenia & psychosis
NCT02936414,Schizophrenia,Schizophrenia & psychosis
NCT06117306,Post-Traumatic Stress Disorder,PTSD
NCT04117906,Anxiety,Anxiety
NCT01045655,Depression,Depression
NCT05827809,Anxiety Depression,Depression
NCT06002087,Depression,Depression
NCT06002087,Anxiety,Anxiety
NCT02435784,Schizophrenia,Schizophrenia & psychosis
NCT02901249,Depression,Depression
NCT01056458,Anxiety,Anxiety
NCT04569448,Bipolar Depression,Depression
NCT04579185,Depression,Depression
NCT03093415,Substance Use Disorders,Substance use
NCT03093415,"Substance Abuse, Intravenous",Substance use
NCT02734108,Anorexia Nervosa,Eating disorders
NCT05335564,Depressive Disorder,Depression
NCT05335564,Depression in Adolescence,Depression
NCT01114698,Depression,Depression
NCT02125799,Major Depressive Disorder,Depression
NCT05833087,Treatment Resistant Depression,Depression
NCT05833087,Chronic Depression,Depression
NCT03539614,Posttraumatic Stress Disorder,PTSD
NCT04779216,Anorexia Nervosa,Eating disorders
NCT04779216,Eating Disorders,Eating disorders
NCT01346306,Major Depression,Depression
NCT06608706,Schizophrenia Disorders,Schizophrenia & psychosis
NCT02955784,Depression,Depression
NCT02955784,Anxiety,Anxiety
NCT02205684,Schizophrenia,Schizophrenia & psychosis
NCT02205684,Substance Use,Substance use
NCT06094933,Posttraumatic Stress Disorder,PTSD
NCT06221852,Bipolar I Disorder,Bipolar disorder
NCT06221852,Psychosis,Schizophrenia & psychosis
NCT06221852,Schizoaffective Disorder,Schizophrenia & psychosis
NCT02432352,Depression,Depression
NCT02986152,Posttraumatic Stress Disorder,PTSD
NCT07167849,Depressive Disorders,Depression
NCT07167849,Anxiety Disorders,Anxiety
NCT01834638,Schizophrenia,Schizophrenia & psychosis
NCT05798078,Social Anxiety,Anxiety
NCT04304378,Post-Traumatic Stress Disorder,PTSD
NCT04124614,Post Traumatic Stress Disorder,PTSD
NCT05353452,"Epilepsy, Post-Traumatic",PTSD
NCT03955549,Schizophrenia Spectrum and Other Psychotic Disorders,Schizophrenia & psychosis
NCT03122158,Major Depressive Disorder,Depression
NCT03122158,Anxiety Disorders,Anxiety
NCT05032885,Anxiety State,Anxiety
NCT02421315,Obsessive Compulsive Disorder,OCD
NCT06699706,Anxiety,Anxiety
NCT04346784,Depressive Symptoms,Depression
NCT04346784,Remited Major Depressive Disorder,Depression
NCT06067984,Schizophrenia,Schizophrenia & psychosis
NCT06067984,Negative Symptoms in Schizophrenia,Schizophrenia & psychosis
NCT06505733,Depression,Depression
NCT04437485,Depression,Depression
NCT04437485,Major Depressive Disorder,Depression
NCT04437485,Dysthymic Disorder,Depression
NCT04437485,Depressive Symptoms,Depression
NCT02049385,Depression,Depression
NCT06896435,Social Anxiety Disorder,Anxiety
NCT06896435,Eating Disorders,Eating disorders
NCT04656808,Depressive Symptoms,Depression
NCT04656808,Anxious Symptoms,Anxiety
NCT07822074,Anxiety,Anxiety
NCT02459340,Complex Posttraumatic Stress Disorder (cPTSD),PTSD
NCT02147522,Depression,Depression
NCT02362529,Major Depressive Disorder,Depression
NCT06579950,Depression,Depression
NCT02290678,Anxiety,Anxiety
NCT02290678,Depression,Depression
NCT01695291,Obsessive Compulsive Disorder,OCD
NCT06843187,Major Depressive Disorder(MDD),Depression
NCT01585493,Schizophrenia,Schizophrenia & psychosis
NCT02990793,PostTraumatic Stress Disorder,PTSD
NCT05536414,Major Depressive Disorder,Depression
NCT07575516,Schizophrenia Patients,Schizophrenia & psychosis
NCT03129204,Anxiety,Anxiety
NCT03129204,Depression,Depression
NCT03129204,Posttraumatic Stress Disorder,PTSD
NCT03972033,Depression,Depression
NCT06311838,Opioid Use Disorder,Substance use
NCT03238326,Schizophrenia,Schizophrenia & psychosis
NCT02759185,Posttraumatic Stress Disorder,PTSD
NCT04641143,Obsessive-Compulsive Disorder,OCD
NCT01793935,Schizophrenia,Schizophrenia & psychosis
NCT01793935,Schizoaffective Disorder,Schizophrenia & psychosis
NCT06470035,Major Depressive Disorder \(MDD,Depression
NCT06470035,"Depressive Disorder, Major",Depression
NCT01288079,Major Depressive Disorder,Depression
NCT02974296,Treatment Resistant Depression,Depression
NCT01221883,Posttraumatic Stress Disorder,PTSD
NCT03183505,Major Depressive Disorder,Depression
NCT01518894,Schizophrenia,Schizophrenia & psychosis
NCT04609631,Depression,Depression
NCT02431702,Schizophrenia,Schizophrenia & psychosis
NCT02431702,Psychotic Disorders,Schizophrenia & psychosis
NCT07234396,Anxiety,Anxiety
NCT02794103,Anxiety,Anxiety
NCT05496803,Parental Anxiety,Anxiety
NCT07848503,"Effects of Classical and Heavy Metal Music on Stress, Anxiety, and Pulse Rate Among Medical Students",Anxiety
NCT07099196,Anxiety,Anxiety
NCT03702803,Generalized Anxiety Disorder,Anxiety
NCT07801196,Labor Pain and Anxiety,Anxiety
NCT02807662,Posttraumatic Stress Disorder,PTSD
NCT05289596,Anxiety,Anxiety
NCT06639646,Depression Symptoms,Depression
NCT04432246,Obsessive Compulsive Disorder (OCD),OCD
NCT01052103,Schizophrenia,Schizophrenia & psychosis
NCT06631196,Anxiety,Anxiety
NCT02290496,Depression,Depression
NCT06810362,Schizophrenia,Schizophrenia & psychosis
NCT06810362,Psychosis,Schizophrenia & psychosis
NCT02200003,Anxiety,Anxiety
NCT04559620,Maternal Depressive Disorder Complicating Childbirth,Depression
NCT04559620,Maternal Anxiety Disorder Complicating Childbirth,Anxiety
NCT04810624,Anorexia Nervosa,Eating disorders
NCT04461327,Major Depressive Disorder,Depression
NCT04495842,Anxiety,Anxiety
NCT06456983,Schizophrenia,Schizophrenia & psychosis
NCT06456983,Treatment Resistant Schizophrenia,Schizophrenia & psychosis
NCT06014294,Depressive Symptoms,Depression
NCT03545022,Anxiety,Anxiety
NCT01070329,Major Depressive Disorder,Depression
NCT03363529,Depression,Depression
NCT06827431,Major Depressive Disorder (MDD),Depression
NCT06463431,"Stress Disorders, Post-Traumatic",PTSD
NCT04457271,PTSD,PTSD
NCT04457271,Post-traumatic Stress Disorder,PTSD
NCT06158607,Substance Use,Substance use
NCT06640907,Perinatal Depression,Depression
NCT06640907,Perinatal Anxiety,Anxiety
NCT06810765,PTSD - Post Traumatic Stress Disorder,PTSD
NCT05694000,Treatment-resistant Schizophrenia,Schizophrenia & psychosis
NCT02459236,Major Depressive Disorder,Depression
NCT04040036,Anxiety State,Anxiety
NCT04822311,Depression,Depression
NCT06266611,Anxiety,Anxiety
NCT06266611,Depression,Depression
NCT03549819,Generalized Anxiety Disorder,Anxiety
NCT03549819,Social Anxiety Disorder,Anxiety
NCT03549819,Panic Disorder,Anxiety
NCT03549819,Agoraphobia,Anxiety
NCT01416220,Major Depressive Disorder,Depression
NCT01235559,Schizophrenia,Schizophrenia & psychosis
NCT04728503,Anxiety State,Anxiety
NCT04728503,Depression,Depression
NCT01163227,Schizophrenia Disorders,Schizophrenia & psychosis
NCT03039842,Bipolar Disorder II,Bipolar disorder
NCT04291469,Schizophrenia,Schizophrenia & psychosis
NCT01375894,Schizophrenia,Schizophrenia & psychosis
NCT01375894,Depression,Depression
NCT04721379,Anxiety,Anxiety
NCT02022462,Schizophrenia,Schizophrenia & psychosis
NCT02022462,Depression,Depression
NCT03899662,Schizophrenia,Schizophrenia & psychosis
NCT01825746,Substance Abuse,Substance use
NCT01825746,Anxiety,Anxiety
NCT01825746,Depression,Depression
NCT04039542,Depression,Depression
NCT04039542,Anxiety Disorders,Anxiety
NCT04672486,"Depression, Anxiety",Depression
NCT05708586,Anxiety,Anxiety
NCT06938841,Major Depressive Disorder,Depression
NCT06938841,Treatment Resistant Depression,Depression
NCT01837966,Anxiety; Generalized,Anxiety
NCT03621722,Anxiety,Anxiety
NCT05899322,Post-Traumatic Stress Disorder in Adolescence,PTSD
NCT05899322,Post Traumatic Stress Disorder,PTSD
NCT05968651,Social Phobia,Anxiety
NCT02542618,Depression,Depression
NCT02210390,Bipolar Disorder,Bipolar disorder
NCT02700620,Eating Disorders,Eating disorders
NCT02700620,Bulimia,Eating disorders
NCT03226223,Substance Use Disorders,Substance use
NCT03226223,Methamphetamine Abuse,Substance use
NCT06608979,Substance Use Disorders,Substance use
NCT06608979,Posttraumatic Stress Disorder,PTSD
NCT06608979,Opioid Use Disorder,Substance use
NCT05005546,Depression,Depression
NCT05005546,Anxiety,Anxiety
NCT04331288,Potential Treatment for Alcohol Dependence-Alcohol Interaction,Substance use
NCT03955003,Anxiety,Anxiety
NCT01637103,Treatment of Depressive Symptoms in Cancer Patients,Depression
NCT03628027,Major Depressive Disorder,Depression
NCT03225027,Schizophrenia Simple,Schizophrenia & psychosis
NCT03256227,Posttraumatic Stress Disorder,PTSD
NCT06708442,Anxiety and Depression,Depression
NCT02887586,Anorexia Nervosa,Eating disorders
NCT04132973,Depression,Depression
NCT05099341,Depression,Depression
NCT02884518,Schizophrenia,Schizophrenia & psychosis
NCT06903897,Depression,Depression
NCT01355523,Depression,Depression
NCT06247527,"Depression, Anxiety",Depression
NCT02282761,Schizophrenia,Schizophrenia & psychosis
NCT06066073,Anxiety,Anxiety
NCT01240083,Depression,Depression
NCT07545941,First- Episode Schizophrenia,Schizophrenia & psychosis
NCT05418283,Depressive Disorder,Depression
NCT01495156,Bipolar I Disorder,Bipolar disorder
NCT06929208,Anxiety,Anxiety
NCT06929208,Depression,Depression
NCT02128568,Anxiety Disorder,Anxiety
NCT02128568,Depressive Disorder,Depression
NCT01589913,Anxiety,Anxiety
NCT01589913,Depression,Depression
NCT06103760,Major Depressive Disorder,Depression
NCT04048824,Social Anxiety Disorder,Anxiety
NCT04048824,Panic Disorder,Anxiety
NCT05022524,"Depression, Anxiety",Depression
NCT04538846,Eating Disorders,Eating disorders
NCT05746546,Depressive Disorder,Depression
NCT02914769,Major Depression,Depression
NCT07065994,Anxiety,Anxiety
NCT05151666,Depression,Depression
NCT07253324,Major Depressive Disorder,Depression
NCT02490280,Anxiety,Anxiety
NCT02008396,Social Anxiety in Autistic Adults,Anxiety
NCT04257227,Depressive Symptoms,Depression
NCT04257227,"Depression, Anxiety",Depression
NCT05640427,Anxiety,Anxiety
NCT02649127,Posttraumatic Stress Disorder,PTSD
NCT07242586,SCHIZOPHRENIA 1 (Disorder),Schizophrenia & psychosis
NCT07242586,Schizotypal Disorder,Schizophrenia & psychosis
NCT07242586,Post Traumatic Stress Symptoms,PTSD
NCT06736886,Anxiety,Anxiety
NCT04094870,Perinatal Depression,Depression
NCT02437773,Obsessive-Compulsive Disorder,OCD
NCT02709369,Anxiety,Anxiety
NCT02709369,Post-Traumatic Stress Disorder,PTSD
NCT03800641,Anxiety,Anxiety
NCT04995913,Social Anxiety Disorder,Anxiety
NCT01566162,Schizophrenia,Schizophrenia & psychosis
NCT02201888,Schizophrenia,Schizophrenia & psychosis
NCT01831986,Schizophrenia,Schizophrenia & psychosis
NCT01831986,Schizoaffective Disorder,Schizophrenia & psychosis
NCT01078870,Schizophrenia,Schizophrenia & psychosis
NCT02402205,PTSD,PTSD
NCT05604794,Depression,Depression
NCT05604794,Anxiety,Anxiety
NCT05604794,Post Traumatic Stress Disorder,PTSD
NCT02030522,Post-traumatic Stress Disorder (PTSD),PTSD
NCT01373931,"Depressive Disorder, Major",Depression
NCT06816329,Major Depressive Disorder,Depression
NCT04842929,Major Depressive Disorder,Depression
NCT06510166,Anxiety,Anxiety
NCT06936202,Depression,Depression
NCT07360054,Anxiety,Anxiety
NCT01964456,Anorexia Nervosa,Eating disorders
NCT06744751,Anorexia Nervosa,Eating disorders
NCT03741751,Schizophrenia Spectrum and Other Psychotic Disorders,Schizophrenia & psychosis
NCT06993831,Schizophrenia Spectrum Disorders,Schizophrenia & psychosis
NCT06993831,Negative Symptoms in Schizophrenia,Schizophrenia & psychosis
NCT04867122,"Depression, Anxiety",Depression
NCT06559631,Substance Use Disorders,Substance use
NCT05539131,Depression,Depression
NCT02748694,Schizophrenia,Schizophrenia & psychosis
NCT06374810,Anxiety,Anxiety
NCT03514810,Major Depressive Disorder,Depression
NCT04317482,Substance Use Disorders,Substance use
NCT04317482,Methamphetamine-dependence,Substance use
NCT03410446,Depression,Depression
NCT04524403,Antipsychotic-induced Weight Gain (AIWG),Schizophrenia & psychosis
NCT05777161,Anxiety Disorders,Anxiety
NCT05777161,Obsessive-Compulsive Disorder,OCD
NCT07565142,Pain and Anxiety,Anxiety
NCT04183842,Anxiety,Anxiety
NCT01454141,Depression,Depression
NCT06589505,"Post-Traumatic Stress Disorder, PTSD",PTSD
NCT03449394,Depression,Depression
NCT01587066,Bipolar Depression,Depression
NCT03499756,Postnatal Depression,Depression
NCT05800522,Anxiety Symptoms,Anxiety
NCT05800522,Depressive Symptoms,Depression
NCT04356820,Anxiety Acute,Anxiety
NCT07365982,Schizophrenia,Schizophrenia & psychosis
NCT01887782,Major Depressive Disorder,Depression
NCT06721559,Depression,Depression
NCT02625779,"Depression, Bipolar",Depression
NCT02855762,Bipolar Disorder,Bipolar disorder
NCT06364488,Depression,Depression
NCT06364488,"Depression, Postpartum",Depression
NCT06364488,Anxiety in Pregnancy,Anxiety
NCT06364488,Anxiety,Anxiety
NCT06364488,Anhedonia,Depression
NCT06364488,Perinatal Depression,Depression
NCT04566042,Depression,Depression
NCT04566042,Anxiety,Anxiety
NCT02898883,Posttraumatic Stress Disorder,PTSD
NCT06680141,Anxiety,Anxiety
NCT02413294,Depression,Depression
NCT03139266,Anxiety,Anxiety
NCT03139266,Depression,Depression
NCT06188910,Anxiety,Anxiety
NCT04777110,Depression,Depression
NCT05535062,Major Depressive Disorder,Depression
NCT03681288,Substance Use Disorder,Substance use
NCT03681288,Post-traumatic Stress Disorder,PTSD
NCT02930473,Anxiety,Anxiety
NCT02422290,Obsessive-Compulsive Disorder,OCD
NCT02149810,Major Depressive Disorder,Depression
NCT04543513,PTSD,PTSD
NCT05428046,Eating Disorders,Eating disorders
NCT07178873,Anxiety,Anxiety
NCT07178873,Depression,Depression
NCT07098169,Schizophrenia Disorders,Schizophrenia & psychosis
NCT07098169,Schizoaffective Disorder,Schizophrenia & psychosis
NCT07098169,Psychotic Disorder,Schizophrenia & psychosis
NCT02868983,Anxiety,Anxiety
NCT02868983,Depression,Depression
NCT02868983,Substance Use Disorder,Substance use
NCT05109741,Depression,Depression
NCT03750305,Bipolar Disorder,Bipolar disorder
NCT02168166,Psychotic Disorders,Schizophrenia & psychosis
NCT04690582,Ptsd,PTSD
NCT03924323,"Anxiety Disorders,Generalized Anxiety Disorder",Anxiety
NCT06547996,Schizophrenic Patients,Schizophrenia & psychosis
NCT04504773,Specific Phobia,Anxiety
NCT04504773,"Specific Phobia, Situational",Anxiety
NCT04504773,"Specific Phobia, Animal",Anxiety
NCT04504773,"Specific Phobia, Natural Environment",Anxiety
NCT04504773,Childhood Anxiety Disorder,Anxiety
NCT05941754,Depression,Depression
NCT05322954,Methamphetamine Use Disorder,Substance use
NCT05322954,Substance-Related Disorders,Substance use
NCT05322954,Substance Use Disorders,Substance use
NCT05322954,Stimulant-Use Disorder,Substance use
NCT00625105,PTSD,PTSD
NCT02044913,"Depression, Anxiety",Depression
NCT05977582,Eating Disorders,Eating disorders
NCT05603923,Depression,Depression
NCT05603923,Anxiety,Anxiety
NCT07552623,Substance Use Disorder (SUD),Substance use
NCT03240380,Schizophrenia,Schizophrenia & psychosis
NCT03240380,Bipolar Disorder,Bipolar disorder
NCT03240380,Schizoaffective Disorder,Schizophrenia & psychosis
NCT06539780,Psychosis,Schizophrenia & psychosis
NCT06539780,Psychotic Disorders,Schizophrenia & psychosis
NCT06539780,Schizophrenia,Schizophrenia & psychosis
NCT06539780,"Psychoses, Traumatic",Schizophrenia & psychosis
NCT06894680,Depression,Depression
NCT02943096,Depression,Depression
NCT02943096,Major Depressive Disorder,Depression
NCT05964296,Substance Related Disorder,Substance use
NCT06514742,"Depressive Disorder, Major",Depression
NCT06514742,Anhedonia,Depression
NCT02276469,Psychosis,Schizophrenia & psychosis
NCT02276469,Major Depression,Depression
NCT02276469,Bipolar Disorder,Bipolar disorder
NCT05890183,Schizophrenia,Schizophrenia & psychosis
NCT05890183,Schizophreniform Disorder,Schizophrenia & psychosis
NCT05890183,Schizoaffective Disorder,Schizophrenia & psychosis
NCT02163941,Prolonged Post-traumatic Stress Disorder,PTSD
NCT06520241,Depression,Depression
NCT06520241,Anxiety,Anxiety
NCT01443182,Posttraumatic Stress Disorder (PTSD),PTSD
NCT06273423,Postpartum Depression,Depression
NCT04965246,Anxiety,Anxiety
NCT05161546,Bipolar Disorder,Bipolar disorder
NCT06920888,Depression/Anxiety,Depression
NCT06701903,Generalized Anxiety Disorder,Anxiety
NCT05181527,Major Depressive Disorder,Depression
NCT05585827,Depressive Symptoms,Depression
NCT05585827,Anxiety,Anxiety
NCT04182061,Anxiety Disorder,Anxiety
NCT04182061,Depressive Disorder,Depression
NCT05147142,Depression,Depression
NCT06046170,Anxiety,Anxiety
NCT06046170,Separation Anxiety,Anxiety
NCT06046170,Generalized Anxiety Disorder,Anxiety
NCT06046170,Social Anxiety Disorder of Childhood,Anxiety
NCT04174170,Post Traumatic Stress Disorder,PTSD
NCT05786560,Binge Eating,Eating disorders
NCT05786560,Disordered Eating,Eating disorders
NCT02051660,Depression,Depression
NCT05258123,Schizophrenia,Schizophrenia & psychosis
NCT02265588,Anxiety,Anxiety
NCT02265588,Depression,Depression
NCT07268430,Schizophrenia,Schizophrenia & psychosis
NCT01829165,Major Depressive Disorder,Depression
NCT01829165,Depression,Depression
NCT03822065,Major Depressive Disorder,Depression
NCT04524767,Depression,Depression
NCT01594528,Schizophrenia,Schizophrenia & psychosis
NCT01594528,Major Depression,Depression
NCT01347619,Off-label Use of Atypical Antipsychotic Drugs,Schizophrenia & psychosis
NCT02260765,Depression,Depression
NCT06085092,Eating Disorders,Eating disorders
NCT06085092,Anorexia Nervosa,Eating disorders
NCT02278367,Depression,Depression
NCT07266792,Schizophrenia,Schizophrenia & psychosis
NCT06996067,Postpartum Anxiety,Anxiety
NCT06996067,Postpartum Depression (PPD),Depression
NCT03575728,Bipolar Disorder,Bipolar disorder
NCT01919892,Bipolar Disorder,Bipolar disorder
NCT01919892,Bipolar Depression,Depression
NCT06971692,Posttraumatic Stress Disorder (PTSD),PTSD
NCT06971692,Generalized Anxiety Disorder (GAD),Anxiety
NCT06971692,Social Anxiety Disorder (SAD),Anxiety
NCT06971692,Panic Disorder (With or Without Agoraphobia),Anxiety
NCT02633267,Social Anxiety,Anxiety
NCT05826392,Anxiety,Anxiety
NCT05826392,Depressive Symptoms,Depression
NCT04013165,Depression,Depression
NCT02648165,Major Depression,Depression
NCT01570400,Social Phobia,Anxiety
NCT05380583,Psychosis,Schizophrenia & psychosis
NCT05380583,Substance Use,Substance use
NCT05380583,Substance Use Disorders,Substance use
NCT05380583,Schizophrenia,Schizophrenia & psychosis
NCT05380583,Schizoaffective Disorder,Schizophrenia & psychosis
NCT05380583,Bipolar Disorder,Bipolar disorder
NCT06472154,Depression,Depression
NCT06472154,Anxiety,Anxiety
NCT06835556,Schizophrenia Disorders,Schizophrenia & psychosis
NCT02904356,Obsessive-Compulsive Disorder,OCD
NCT06625502,Depression Scale Score,Depression
NCT06625502,Anxiety Symptoms,Anxiety
NCT02398045,Obsessive-compulsive Disorder,OCD
NCT04959253,Treatment Resistant Depression,Depression
NCT01125241,Depression,Depression
NCT05585905,"Anxiety, Dental",Anxiety
NCT05366556,Anxiety,Anxiety
NCT02653729,Psychosis,Schizophrenia & psychosis
NCT04763681,Posttraumatic Stress Disorder,PTSD
NCT04116528,Major Depressive Disorder,Depression
NCT04578756,Schizophrenia,Schizophrenia & psychosis
NCT04578756,Bipolar I Disorder,Bipolar disorder
NCT01323556,Panic Disorder,Anxiety
NCT01323556,Agoraphobia,Anxiety
NCT01323556,Panic Attacks,Anxiety
NCT01818622,Bipolar Disorder,Bipolar disorder
NCT01818622,Mania,Bipolar disorder
NCT05375851,Generalized Anxiety Disorder,Anxiety
NCT05762939,Anxiety,Anxiety
NCT05762939,Depression,Depression
NCT02403557,Anxiety,Anxiety
NCT02403557,Depression,Depression
NCT06582901,Clinical High Risk for Psychosis (CHR),Schizophrenia & psychosis
NCT02470130,Anxiety,Anxiety
NCT00488670,Depressive Disorder,Depression
NCT03121573,Major Depressive Disorder,Depression
NCT04627805,Substance Use Disorders,Substance use
NCT04999553,Depression,Depression
NCT04999553,Major Depressive Disorder,Depression
NCT04999553,Major Depressive Episode,Depression
NCT05124639,Panic Disorder,Anxiety
NCT05124639,Agoraphobia,Anxiety
NCT05124639,Social Anxiety Disorder,Anxiety
NCT05124639,Generalized Anxiety Disorder,Anxiety
NCT04394039,Anxiety,Anxiety
NCT06900712,PTSD,PTSD
NCT06900712,Depression,Depression
NCT05315401,Major Depressive Disorder,Depression
NCT05314153,Postpartum Psychosis,Schizophrenia & psychosis
NCT04038112,Psychosis,Schizophrenia & psychosis
NCT01189812,Major Depressive Disorder,Depression
NCT01189812,Dysthymia,Depression
NCT01189812,Depression Not Otherwise Specified,Depression
NCT02149381,Depression,Depression
NCT06648928,PTSD Symptoms,PTSD
NCT06648928,Anxiety Symptoms,Anxiety
NCT06648928,Depression Symptoms,Depression
NCT03488966,Eating Disorder Symptom,Eating disorders
NCT02695472,Major Depressive Disorder,Depression
NCT07122895,Schizophrenia,Schizophrenia & psychosis
NCT01359839,Depression,Depression
NCT05252039,Psychosis,Schizophrenia & psychosis
NCT05252039,Schizophrenia,Schizophrenia & psychosis
NCT05252039,Negative Symptoms With Primary Psychotic Disorder,Schizophrenia & psychosis
NCT07475039,Depression and Suicide Ideation,Depression
NCT01457339,Schizophrenia,Schizophrenia & psychosis
NCT02538601,Post Traumatic Stress Disorder,PTSD
NCT04103801,Immunisation Anxiety Related Reaction,Anxiety
NCT03804619,Opiate Dependence,Substance use
NCT03804619,Depression,Depression
NCT03804619,Opioid Use,Substance use
NCT03804619,Opioid-Related Disorders,Substance use
NCT03804619,Opioid-use Disorder,Substance use
NCT03804619,Major Depressive Disorder,Depression
NCT01909973,Depression,Depression
NCT03698669,Opioid-Related Disorders,Substance use
NCT07077941,Postpartum Depression (PPD),Depression
NCT06544941,Postpartum Depression,Depression
NCT06544941,Postpartum Anxiety,Anxiety
NCT01565629,Generalized Anxiety Disorder,Anxiety
NCT01565629,Social Phobia,Anxiety
NCT01565629,Separation Anxiety Disorder,Anxiety
NCT01565629,Obsessive-compulsive Disorder,OCD
NCT04239612,Psychotic Disorders,Schizophrenia & psychosis
NCT02817412,Binge Eating,Eating disorders
NCT02426983,Schizophrenia,Schizophrenia & psychosis
NCT03228394,Depression,Depression
NCT03228394,Depressive Disorder,Depression
NCT03228394,"Depression, Postpartum",Depression
NCT07843056,Schizophenia Disorder,Schizophrenia & psychosis
NCT06967857,Depression - Major Depressive Disorder,Depression
NCT05796401,Psychosis,Schizophrenia & psychosis
NCT01207219,Psychotic Disorder,Schizophrenia & psychosis
NCT01299454,Schizophrenia,Schizophrenia & psychosis
NCT02308956,Schizophrenia,Schizophrenia & psychosis
NCT02308956,Bipolar Disorder,Bipolar disorder
NCT02308956,Major Depressive Disorder,Depression
NCT02308956,Schizoaffective Disorder,Schizophrenia & psychosis
NCT03363256,Substance Use Disorders,Substance use
NCT07116005,Exam Anxiety,Anxiety
NCT02462551,Treatment-Resistant Depression,Depression
NCT05056753,Opioid-use Disorder,Substance use
NCT02906553,Schizophrenia,Schizophrenia & psychosis
NCT02906553,Psychotic Disorders,Schizophrenia & psychosis
NCT05130853,Schizophrenia,Schizophrenia & psychosis
NCT05130853,Schizo Affective Disorder,Schizophrenia & psychosis
NCT05408637,Bipolar Disorder,Bipolar disorder
NCT04301895,"Opioid; Intoxication, Perception Disturbance (Acute)",Substance use
NCT04301895,Overdose of Opiate,Substance use
NCT04963257,OCD,OCD
NCT06180629,Depression,Depression
NCT06180629,Anxiety,Anxiety
NCT07611253,Depression and Anxiety Symptoms,Depression
NCT07422519,Depression - Major Depressive Disorder,Depression
NCT07422519,Depression Disorder,Depression
NCT07422519,Depression Chronic,Depression
NCT07422519,Treatment-Resistant Major Depressive Disorder,Depression
NCT03559192,"Depressive Disorder, Major",Depression
NCT01974934,Vascular Depression,Depression
NCT06231732,Schizophrenia,Schizophrenia & psychosis
NCT01892384,Schizophrenia,Schizophrenia & psychosis
NCT04133389,Depressive Symptoms,Depression
NCT01764789,Anxiety Disorder,Anxiety
NCT01764789,Depression,Depression
NCT02326389,Schizophrenia,Schizophrenia & psychosis
NCT02326389,Schizoaffective Disorder,Schizophrenia & psychosis
NCT02326389,Bipolar Disorder,Bipolar disorder
NCT06243640,Generalized Anxiety Disorder,Anxiety
NCT06761716,PTSD,PTSD
NCT05537584,Major Depressive Disorder,Depression
NCT04846504,Perinatal Depression,Depression
NCT06563752,Schizophrenia,Schizophrenia & psychosis
NCT02739347,Schizophrenia,Schizophrenia & psychosis
NCT02739347,Psychosis,Schizophrenia & psychosis
NCT01185743,Schizophrenia,Schizophrenia & psychosis
NCT07648368,Anxiety,Anxiety
NCT03198364,Schizophrenia,Schizophrenia & psychosis
NCT03198364,Bipolar Disorder,Bipolar disorder
NCT04118309,Anxiety,Anxiety
NCT04118309,Depressive Symptoms,Depression
NCT03196999,Post Traumatic Stress Disorder,PTSD
NCT05726552,"Depression, Anxiety",Depression
NCT06290778,PTSD,PTSD
NCT06290778,Alcohol Use Disorder,Substance use
NCT06290778,Depression,Depression
NCT06290778,Anxiety,Anxiety
NCT03898843,Anxiety,Anxiety
NCT03898843,Post Traumatic Stress Disorder,PTSD
NCT06994715,Anxiety,Anxiety
NCT01241435,"Depressive Disorder, Major",Depression
NCT03979040,Major Depressive Disorder,Depression
NCT03979040,Posttraumatic Stress Disorder,PTSD
NCT05138198,Post-Traumatic Stress Disorder,PTSD
NCT04720963,Sedative; Anxiety Disorder,Anxiety
NCT06246214,"Depression, Postpartum",Depression
NCT06246214,Anxiety State,Anxiety
NCT02479906,Post-Traumatic Stress Disorder,PTSD
NCT01331304,Bipolar Disorder,Bipolar disorder
NCT03978533,Depression,Depression
NCT03978533,Anxiety,Anxiety
NCT03978533,PTSD,PTSD
NCT06881758,Anxiety,Anxiety
NCT06881758,Depression Anxiety Disorder,Depression
NCT04478526,Generalized Anxiety Disorder,Anxiety
NCT01813643,Methamphetamine Dependence,Substance use
NCT05579015,Major Depression in Remission,Depression
NCT04331925,Anxiety,Anxiety
NCT04331925,Depression,Depression
NCT04181567,Major Depressive Disorder,Depression
NCT03820700,Anxiety,Anxiety
NCT02410967,Anxiety,Anxiety
NCT02161211,CBT Anxiety Reduction,Anxiety
NCT03284671,Obsessive-compulsive Disorders and Symptoms,OCD
NCT04450771,Avoidant/Restrictive Food Intake Disorder,Eating disorders
NCT01843608,Depression,Depression
NCT07659171,Depression and Anxiety Symptom,Depression
NCT05259592,Complex Post-Traumatic Stress Disorder,PTSD
NCT04366011,Panic Disorder,Anxiety
NCT03069911,Depression,Depression
NCT02810171,Anxiety Disorders,Anxiety
NCT02810171,Social Anxiety Disorder,Anxiety
NCT02810171,Social Phobia,Anxiety
NCT02810171,Generalized Anxiety Disorder,Anxiety
NCT02810171,Separation Anxiety Disorder,Anxiety
NCT02810171,Specific Phobia,Anxiety
NCT02810171,Phobia,Anxiety
NCT02810171,Agoraphobia,Anxiety
NCT02810171,Panic Disorder,Anxiety
NCT02810171,Panic Attack,Anxiety
NCT02810171,Anxiety,Anxiety
NCT06963034,Schizophrenia,Schizophrenia & psychosis
NCT03416764,Posttraumatic Stress Disorder (PTSD),PTSD
NCT03070587,Social Anxiety Disorder,Anxiety
NCT05661448,Schizophrenia,Schizophrenia & psychosis
NCT01246908,Treatment Resistant Depression,Depression
NCT01963676,Schizophrenia,Schizophrenia & psychosis
NCT01963676,Schizoaffective Disorder,Schizophrenia & psychosis
NCT04613076,Depression,Depression
NCT01273376,Major Depressive Disorder,Depression
NCT04820309,Schizophrenia,Schizophrenia & psychosis
NCT05110599,Anxiety,Anxiety
NCT04662463,Anxiety,Anxiety
NCT04108533,Postpartum Depression,Depression
NCT04338152,Psychotic Disorders,Schizophrenia & psychosis
NCT04338152,Prodromal Schizophrenia,Schizophrenia & psychosis
NCT04338152,Psychosis,Schizophrenia & psychosis
NCT04999852,Post Traumatic Stress Disorder,PTSD
NCT04999852,Anxiety,Anxiety
NCT04495543,Depression,Depression
NCT05953740,Schizophrenia,Schizophrenia & psychosis
NCT06589544,Depressive Symptoms,Depression
NCT04675099,Opioid-use Disorder,Substance use
NCT04675099,Substance Use Disorders,Substance use
NCT04127032,"Depression, Anxiety",Depression
NCT02909387,Depressive Symptoms,Depression
NCT02909387,Anxiety Disorders and Symptoms,Anxiety
NCT04152993,Post-Traumatic Stress Disorder,PTSD
NCT06656806,Generalized Anxiety Disorder,Anxiety
NCT07337733,Substance Use Disorders,Substance use
NCT07337733,Drug Use Disorder,Substance use
NCT07337733,Alcohol Use Disorder,Substance use
NCT04078048,Schizophrenia,Schizophrenia & psychosis
NCT06352255,Anxiety,Anxiety
NCT06044285,Food Addiction,Substance use
NCT03819608,Post Traumatic Stress Disorder,PTSD
NCT07302334,PTSD,PTSD
NCT04002063,Depression,Depression
NCT05758584,Anxiety,Anxiety
NCT01416948,Posttraumatic Stress Disorder,PTSD
NCT04944758,Major Depression in Remission,Depression
NCT05036499,Alcohol Abuse,Substance use
NCT06496087,Depression,Depression
NCT06496087,Depression Mild,Depression
NCT06496087,Depression Moderate,Depression
NCT04158687,Schizophrenia,Schizophrenia & psychosis
NCT05644093,Major Depressive Disorder,Depression
NCT05423093,Postpartum Depression,Depression
NCT05423093,Postpartum Anxiety,Anxiety
NCT06079814,Anxiety,Anxiety
NCT07302984,Post Traumatic Stress Disorder PTSD,PTSD
NCT02167347,Psychosis,Schizophrenia & psychosis
NCT01731678,Major Depressive Disorder,Depression
NCT05758935,Anxiety,Anxiety
NCT06152640,Feeding and Eating Disorders,Eating disorders
NCT03274440,Obsessive-Compulsive Disorder,OCD
NCT03407950,Schizophrenia,Schizophrenia & psychosis
NCT05596318,Depression,Depression
NCT04810988,Depression,Depression
NCT04810988,Anxiety,Anxiety
NCT03488927,Post-traumatic Stress Disorder,PTSD
NCT03488927,Depression,Depression
NCT03488927,Alcohol Abuse,Substance use
NCT05994261,Anxiety,Anxiety
NCT05841017,Obsessive-Compulsive Disorder,OCD
NCT02850523,Perinatal Anxiety,Anxiety
NCT06993662,Anxiety,Anxiety
NCT06993662,Depression,Depression
NCT06993662,Obsessive-compulsive Disorder,OCD
NCT06993662,Bipolar Disorder,Bipolar disorder
NCT06993662,Schizophrenia,Schizophrenia & psychosis
NCT06993662,Psychotic Disorders,Schizophrenia & psychosis
NCT06993662,PTSD,PTSD
NCT05602688,Depression,Depression
NCT05602688,Anxiety,Anxiety
NCT01726088,Posttraumatic Stress Disorder,PTSD
NCT03285503,Schizophrenia,Schizophrenia & psychosis
NCT01127503,Psychosis,Schizophrenia & psychosis
NCT06759441,Depression,Depression
NCT06759441,Anxiety,Anxiety
NCT05923476,Depressive Disorder,Depression
NCT06591676,Depression,Depression
NCT06591676,Anxiety,Anxiety
NCT03924297,PTSD,PTSD
NCT05550610,Depressive Symptoms,Depression
NCT05550610,Anxiety,Anxiety
NCT07232823,Obsessive-Compulsive Disorder,OCD
NCT03738046,Psychosis,Schizophrenia & psychosis
NCT06530888,Depressive Disorder,Depression
NCT06530888,Anxiety Disorder,Anxiety
NCT03537703,Schizophrenia,Schizophrenia & psychosis
NCT06823661,Opioids,Substance use
NCT05939986,Aerophobia,Anxiety
NCT05939986,Anxiety,Anxiety
NCT07247370,Alcohol Use Disorder (AUD),Substance use
NCT07247370,Major Depressive Disorder (MDD),Depression
NCT05385289,Anxiety,Anxiety
NCT05385289,Depression,Depression
NCT02808468,Posttraumatic Stress Disorder,PTSD
NCT02808468,Alcohol Use Disorders,Substance use
NCT01041274,Schizophrenia,Schizophrenia & psychosis
NCT01041274,Schizophreniform Disorder,Schizophrenia & psychosis
NCT03894397,Obsessive-Compulsive Disorder,OCD
NCT03934697,Eating Disorder,Eating disorders
NCT03934697,Anorexia Nervosa,Eating disorders
NCT03934697,Bulimia Nervosa,Eating disorders
NCT03194997,Depressive Symptoms,Depression
NCT04667520,Alcohol Use Disorder,Substance use
NCT04667520,Depression,Depression
NCT01810159,Substance Use Disorders,Substance use
NCT03016546,Depression,Depression
NCT03585127,Treatment-resistant Schizophrenia,Schizophrenia & psychosis
NCT04039568,Depression,Depression
NCT02686697,Schizophrenia,Schizophrenia & psychosis
NCT06725160,Depression,Depression
NCT02278224,Depression,Depression
NCT02278224,Recurrent Depression,Depression
NCT02307396,Schizophrenia,Schizophrenia & psychosis
NCT02307396,Schizophrenia and Disorders With Psychotic Features,Schizophrenia & psychosis
NCT02307396,Schizoaffective Disorders,Schizophrenia & psychosis
NCT06655961,Anxiety,Anxiety
NCT06655961,Investigation of Anxiety Levels and Psychosocial Symptoms of Children Hospitalized for Acute Diseases During Their Hospital Stay,Anxiety
NCT02421861,Anxiety,Anxiety
NCT03336268,Substance Use Disorders,Substance use
NCT01822197,Depression,Depression
NCT01271413,Substance Use Disorders,Substance use
NCT02382224,Generalized Anxiety Disorder,Anxiety
NCT01301859,Depression,Depression
NCT06213142,Depression,Depression
NCT06213142,"Depression, Anxiety",Depression
NCT06213142,Depression in Adolescence,Depression
NCT06213142,Anxiety,Anxiety
NCT03769493,Psychotic Disorders,Schizophrenia & psychosis
NCT03237078,Major Depressive Disorder,Depression
NCT04054778,Treatment-resistant Schizophrenia,Schizophrenia & psychosis
NCT05380115,Generalized Anxiety Disorder,Anxiety
NCT03605524,Depressive Symptoms,Depression
NCT03605524,"Depressive Disorder, Major",Depression
NCT02453880,Depression,Depression
NCT02453880,Anxiety,Anxiety
NCT01875796,Cannabis Dependence,Substance use
NCT01875796,Anxiety Disorders,Anxiety
NCT01875796,Cannabis Use Disorder,Substance use
NCT02435225,"Bipolar Disorder, NOS",Bipolar disorder
NCT05770089,Anorexia Nervosa,Eating disorders
NCT03379597,Schizophrenia,Schizophrenia & psychosis
NCT03379597,Bipolar Disorder,Bipolar disorder
NCT07183982,Schizophenia Disorder,Schizophrenia & psychosis
NCT02872324,Patients With Recurrent Depressive Disorders,Depression
NCT01335217,Depression,Depression
NCT01335217,Post-traumatic Stress Disorder,PTSD
NCT04311450,Food Addiction,Substance use
NCT03380091,Depression,Depression
NCT05280691,"Depression, Anxiety",Depression
NCT05280691,Posttraumatic Stress Disorder,PTSD
NCT02634697,Anxiety,Anxiety
NCT02634697,Depression,Depression
NCT02860910,Bipolar Disorder,Bipolar disorder
NCT02860910,Major Depressive Disorder,Depression
NCT03486860,Anxiety,Anxiety
NCT01118780,Generalized Anxiety Disorder,Anxiety
NCT07005388,Psychotic Disorders,Schizophrenia & psychosis
NCT07005388,Psychosis,Schizophrenia & psychosis
NCT07005388,Schizophrenia and Related Disorders,Schizophrenia & psychosis
NCT04029961,Anxiety,Anxiety
NCT01643642,Depressive Disorder,Depression
NCT01643642,Anxiety Disorder,Anxiety
NCT06005766,Schizophrenia,Schizophrenia & psychosis
NCT06005766,Schizoaffective Disorder,Schizophrenia & psychosis
NCT06005766,Psychotic Disorders,Schizophrenia & psychosis
NCT06005766,Psychotic Depression,Depression
NCT07780331,Anxiety,Anxiety
NCT05056831,Anxiety Disorder,Anxiety
NCT06740331,Bipolar Disorder and Major Depressive Disorder,Depression
NCT06004531,Anxiety,Anxiety
NCT07179172,Depression,Depression
NCT05682677,Depression,Depression
NCT01654796,Treatment Resistant Depression,Depression
NCT03483896,Depression,Depression
NCT01421342,Major Depressive Disorder,Depression
NCT02112266,Depression,Depression
NCT04723251,Depression,Depression
NCT04723251,Anxiety,Anxiety
NCT03003429,Anorexia Nervosa,Eating disorders
NCT02644902,Maternal Depression,Depression
NCT05186337,Bipolar Disorder,Bipolar disorder
NCT06054386,Social Anxiety Disorder,Anxiety
NCT02567266,Depression,Depression
NCT02567266,Anxiety,Anxiety
NCT03757494,"PTSD, Post Traumatic Stress Disorder",PTSD
NCT02400502,Schizophrenia,Schizophrenia & psychosis
NCT04787302,Schizophrenia,Schizophrenia & psychosis
NCT04552639,Eating Disorders in Adolescence,Eating disorders
NCT05628103,Schizophrenia,Schizophrenia & psychosis
NCT06540703,Anorexia Nervosa,Eating disorders
NCT05167942,Treatment Resistant Schizophrenia Based on the DTMS,Schizophrenia & psychosis
NCT05330442,PTSD,PTSD
NCT07315269,Depression Disorders,Depression
NCT07414641,Maternal Anxiety,Anxiety
NCT01134731,Major Depressive Disorder,Depression
NCT04748731,Depressive Symptoms,Depression
NCT04028596,Depression,Depression
NCT03756246,Depression,Depression
NCT02479594,Depression,Depression
NCT04125251,Depression,Depression
NCT07628153,Anxiety Disorders,Anxiety
NCT07807072,Depressive Disorder,Depression
NCT03644927,Posttraumatic Stress Disorder,PTSD
NCT06219642,Symptoms of Depression and Anxiety,Depression
NCT04653337,Depression,Depression
NCT05763537,Substance-Related Disorders,Substance use
NCT05763537,Postpartum Depression,Depression
NCT05763537,Depression,Depression
NCT03244345,Depression and Epilepsy,Depression
NCT04106427,Schizophrenia,Schizophrenia & psychosis
NCT07111169,Major Depression Disorder,Depression
NCT03184454,Obsessive Compulsive Disorder,OCD
NCT00999505,Schizophrenia,Schizophrenia & psychosis
NCT06838351,Anxiety,Anxiety
NCT04021329,Post-Traumatic Stress Disorder,PTSD
NCT04021329,Depressive Symptoms,Depression
NCT04021329,Anxiety Symptoms,Anxiety
NCT05385653,Bulimia Nervosa,Eating disorders
NCT05385653,Binge-Eating Disorder,Eating disorders
NCT01509053,Schizophrenia,Schizophrenia & psychosis
NCT06872424,Schizophrenia Patients,Schizophrenia & psychosis
NCT04754061,"Depression, Anxiety",Depression
NCT02069366,Post-Traumatic Stress Disorder,PTSD
NCT04851366,Anxiety Disorders and Symptoms,Anxiety
NCT04851366,Depressive Symptoms,Depression
NCT02794129,Bipolar Disorder,Bipolar disorder
NCT06189937,Depressive Symptoms,Depression
NCT04411979,Schizophrenia,Schizophrenia & psychosis
NCT07239362,Depression Anxiety Disorder,Depression
NCT07050927,Food Neophobia,Anxiety
NCT07027761,Perinatal Depression,Depression
NCT02046369,Bipolar I Depression,Depression
NCT05786066,Depressive Disorder,Depression
NCT05786066,Major Depressive Disorder,Depression
NCT05786066,Bipolar Disorder,Bipolar disorder
NCT05786066,Post Traumatic Stress Disorder,PTSD
NCT06749353,Anxiety,Anxiety
NCT05948553,Post Traumatic Stress Disorder,PTSD
NCT04747262,"ASD, Anxiety",Anxiety
NCT05268588,Post Partum Depression,Depression
NCT03334942,Posttraumatic Stress Disorder,PTSD
NCT03865186,Schizophrenia,Schizophrenia & psychosis
NCT02386670,"Major Depressive Disorder, Recurrent, In Remission",Depression
NCT02386670,"Major Depressive Disorder, Single Episode, in Full Remission",Depression
NCT01203683,Major Depressive Disorder,Depression
NCT06244654,Anxiety,Anxiety
NCT05707689,Psychotic Disorder,Schizophrenia & psychosis
NCT04703491,Depressive Symptoms,Depression
NCT03449979,Depression,Depression
NCT03449979,Major Depressive Disorder,Depression
NCT03449979,Depressive Episode,Depression
NCT02550379,Anxiety,Anxiety
NCT02550379,Depression,Depression
NCT02433886,Obsessive-compulsive Disorder,OCD
NCT04087317,Post Partum Depression,Depression
NCT04087317,Opioid Use,Substance use
NCT05383989,Anxiety Sensitivity,Anxiety
NCT01764074,Bipolar Disorder,Bipolar disorder
NCT04265196,PTSD,PTSD
NCT04265196,Depression,Depression
NCT05280561,Insomnia Due to Anxiety and Fear,Anxiety
NCT05478941,Anxiety,Anxiety
NCT05478941,Depression,Depression
NCT03904654,Anxiety,Anxiety
NCT03904654,Depression,Depression
NCT03874650,Depression,Depression
NCT06253390,Postnatal Depression,Depression
NCT01337713,Generalized Anxiety Disorder,Anxiety
NCT04808713,Post Traumatic Stress Disorder,PTSD
NCT04808713,Depression,Depression
NCT01403662,Bipolar Disorder,Bipolar disorder
NCT01403662,Bipolar Depression,Depression
NCT01403662,Bipolar I Depression,Depression
NCT01403662,Bipolar II Depression,Depression
NCT06496646,Depression,Depression
NCT02470988,Chronic Depression,Depression
NCT06154369,Depression,Depression
NCT06154369,Anxiety,Anxiety
NCT06226025,Bipolar Disorder,Bipolar disorder
NCT06333925,Anxiety Disorder,Anxiety
NCT04368689,Post-Traumatic Stress Disorders,PTSD
NCT07239388,Depression in Adults,Depression
NCT07239388,Anxiety,Anxiety
NCT02726061,Depression,Depression
NCT06616324,Anxiety,Anxiety
NCT04393623,Alcohol Use Disorder,Substance use
NCT04393623,Post Traumatic Stress Disorder,PTSD
NCT02336880,Anxiety,Anxiety
NCT06482762,Bipolar,Bipolar disorder
NCT05830903,Schizophrenia,Schizophrenia & psychosis
NCT05897827,Depressive Symptoms,Depression
NCT04622527,Anxiety,Anxiety
NCT03971942,Depressive Disorder,Depression
NCT07121270,PTSD - Post Traumatic Stress Disorder,PTSD
NCT01193166,Schizophrenia,Schizophrenia & psychosis
NCT03463356,Social Anxiety Disorder,Anxiety
NCT01981356,Psychotic Disorders,Schizophrenia & psychosis
NCT06747182,Substance Use Disorder (SUD),Substance use
NCT06719986,Opioid Overdose,Substance use
NCT03820973,Anxiety,Anxiety
NCT04294654,Major Depressive Disorder,Depression
NCT02076854,Eating Disorders,Eating disorders
NCT03256305,Post-stroke Depression,Depression
NCT04334356,Posttraumatic Stress Disorder,PTSD
NCT03772951,Schizophrenia,Schizophrenia & psychosis
NCT06631729,Eating Disorders,Eating disorders
NCT04020588,Schizophrenia,Schizophrenia & psychosis
NCT07094503,Disordered Eating Behaviors,Eating disorders
NCT07094503,Eating Disorder Prevention,Eating disorders
NCT02999269,Major Depressive Disorder,Depression
NCT06480383,Generalized Anxiety Disorder,Anxiety
NCT06038929,Depression,Depression
NCT07059780,Anxiety,Anxiety
NCT01544088,PTSD,PTSD
NCT05690503,Depressive Symptoms,Depression
NCT04810403,Eating Disorder Symptom,Eating disorders
NCT04566861,Anxiety,Anxiety
NCT03430869,Major Depressive Disorder,Depression
NCT05942469,Depression,Depression
NCT05942469,Anxiety,Anxiety
NCT05015569,Anxiety,Anxiety
NCT07257354,Anxiety,Anxiety
NCT02151331,Bipolar Disorder,Bipolar disorder
NCT02151331,Depression,Depression
NCT04883541,State Anxiety,Anxiety
NCT04014959,Major Depressive Disorder,Depression
NCT05255380,Depressive Symptoms,Depression
NCT06845488,Social Anxiety Disorder,Anxiety
NCT04504903,Posttraumatic Stress Disorders,PTSD
NCT06709027,Patients With Depression in the Elderly,Depression
NCT01487083,Schizophrenia,Schizophrenia & psychosis
NCT05186766,Anxiety,Anxiety
NCT06280222,Anxiety,Anxiety
NCT02006199,Obsessive-compulsive Disorder,OCD
NCT03405493,Depression,Depression
NCT03405493,"Depressive Disorder, Major",Depression
NCT03405493,"Depression, Unipolar",Depression
NCT03405493,Depression Moderate,Depression
NCT05086133,Schizophrenia,Schizophrenia & psychosis
NCT04836585,"Depression, Postpartum",Depression
NCT04836585,Anxiety,Anxiety
NCT04977232,Depression,Depression
NCT07145021,Test Anxiety,Anxiety
NCT06817304,"Anxiety, Mild to Moderate",Anxiety
NCT06187233,Anxiety State,Anxiety
NCT03097133,"Depressive Disorder, Major",Depression
NCT04641052,Anxiety,Anxiety
NCT03141047,Symptoms of Post Traumatic Stress Disorder (PTSD),PTSD
NCT03472638,Major Depression,Depression
NCT02678858,Schizophrenia,Schizophrenia & psychosis
NCT05784948,Schizophrenia Spectrum Disorders,Schizophrenia & psychosis
NCT05784948,Schizophrenia,Schizophrenia & psychosis
NCT05784948,Schizoaffective Disorder,Schizophrenia & psychosis
NCT05784948,Schizophreniform Disorders,Schizophrenia & psychosis
NCT05784948,Psychotic Disorder Not Otherwise Specified,Schizophrenia & psychosis
NCT07765355,Anxiety,Anxiety
NCT07765355,Depression,Depression
NCT02501226,Unipolar Depressed Outpatients,Depression
NCT02501226,Without Psychotic Features,Schizophrenia & psychosis
NCT03316664,Schizophrenia,Schizophrenia & psychosis
NCT03316664,Schizoaffective Disorder,Schizophrenia & psychosis
NCT03316664,Psychotic Disorders,Schizophrenia & psychosis
NCT05573009,"Depression, Postpartum",Depression
NCT05573009,Anxiety in Pregnancy,Anxiety
NCT02484521,Schizophrenia,Schizophrenia & psychosis
NCT02843906,Bipolar Disorders,Bipolar disorder
NCT03208738,Alcohol Abuse,Substance use
NCT03208738,Post-Traumatic Stress Disorder,PTSD
NCT06496438,Depression,Depression
NCT06496438,Anxiety Disorder,Anxiety
NCT06632158,Anxiety,Anxiety
NCT04080778,Bipolar Disorder,Bipolar disorder
NCT00633685,"Posttraumatic Stress Disorder, Combat-related",PTSD
NCT03509909,PTSD,PTSD
NCT02072187,Depression,Depression
NCT04202393,Bipolar Disorder,Bipolar disorder
NCT04202393,Substance Use Disorders,Substance use
NCT05440214,Psychosis,Schizophrenia & psychosis
NCT02980484,Major Depressive Disorder,Depression
NCT02022449,Depression,Depression
NCT06768749,Depressive Disorder and Anxiety Disorders,Depression
NCT06252155,Birth Depression,Depression
NCT01901848,"Stress Disorders, Post-Traumatic",PTSD
NCT02793648,Depression,Depression
NCT05089955,Anxiety,Anxiety
NCT04899934,Substance Abuse,Substance use
NCT05516121,Schizophrenia,Schizophrenia & psychosis
NCT04168684,Depressive Symptoms,Depression
NCT04168684,Anxiety Disorders,Anxiety
NCT04695249,Social Anxiety Disorder,Anxiety
NCT04695249,Agoraphobia,Anxiety
NCT03563755,Eating Disorders in Adolescence,Eating disorders
NCT01928264,Depressive Disorder,Depression
NCT01928264,Anxiety Disorder,Anxiety
NCT03680664,Anxiety Disorders,Anxiety
NCT05642364,Depressive Symptoms,Depression
NCT02933606,Post-Traumatic Stress Disorder,PTSD
NCT02616549,Major Depressive Disorder,Depression
NCT06477848,Substance Use Disorder,Substance use
NCT06477848,Opioid Use Disorder,Substance use
NCT03389464,Depression,Depression
NCT05598034,Major Depressive Disorder,Depression
NCT04428099,"Depressive Disorder, Treatment-Resistant",Depression
NCT03348787,Chronic Psychosis,Schizophrenia & psychosis
NCT05489133,Post Traumatic Stress Disorder,PTSD
NCT05489133,"Depression, Anxiety",Depression
NCT01389752,"Depressive Disorder, Major",Depression
NCT03910855,Anxiety,Anxiety
NCT03910855,Depression,Depression
NCT06004414,Depression,Depression
NCT06004414,Anxiety,Anxiety
NCT05415306,Depressive Symptoms,Depression
NCT04767204,Schizophrenia,Schizophrenia & psychosis
NCT01867749,Major Depressive Disorder,Depression
NCT06560749,Bipolar Disorder,Bipolar disorder
NCT01347749,Posttraumatic Stress Disorder,PTSD
NCT01263106,Major Depressive Disorder,Depression
NCT05680584,Anxiety,Anxiety
NCT06737055,Postpartum Depression,Depression
NCT05117099,Depression,Depression
NCT05120232,Anxiety Disorders,Anxiety
NCT05120232,Depressive Disorder,Depression
NCT06424184,Stimulant Use,Substance use
NCT06424184,Depression,Depression
NCT02874833,"Depression, Unipolar",Depression
NCT02874833,Bipolar Disorder,Bipolar disorder
NCT03403738,Posttraumatic Stress Disorder,PTSD
NCT03802838,Schizophrenia,Schizophrenia & psychosis
NCT02626832,Schizophrenia,Schizophrenia & psychosis
NCT02626832,Depression,Depression
NCT06600763,Anxiety,Anxiety
NCT04018521,First Episode Psychosis (FEP),Schizophrenia & psychosis
NCT03276793,Depression,Depression
NCT04398784,Depression,Depression
NCT04398784,"Depression, Anxiety",Depression
NCT03205033,Depression,Depression
NCT06593652,Alcohol Use,Substance use
NCT06593652,Mild Alcohol Use Disorder,Substance use
NCT06593652,Mild Substance Use Disorder,Substance use
NCT05211947,Schizophrenia,Schizophrenia & psychosis
NCT01347138,Major Depressive Disorders,Depression
NCT01347138,Senile; Depression,Depression
NCT02021578,Depression,Depression
NCT06902064,Depression - Major Depressive Disorder,Depression
NCT04940663,Psychosis,Schizophrenia & psychosis
NCT04940663,Schizophrenia,Schizophrenia & psychosis
NCT04780763,Anxious Healthy Subjects,Anxiety
NCT01980147,Schizophrenia,Schizophrenia & psychosis
NCT01980147,Bipolar Disorder,Bipolar disorder
NCT01980147,Major Depression,Depression
NCT07507149,Anxiety,Anxiety
NCT07507149,Depression Anxiety Disorder,Depression
NCT02957799,Alcohol Use/Abuse,Substance use
NCT02957799,Depression,Depression
NCT02565563,Post Traumatic Stress Disorder,PTSD
NCT06118606,Depressive Symptoms,Depression
NCT06118606,Anxiety,Anxiety
NCT06118606,Posttraumatic Stress Symptom,PTSD
NCT07031206,Anxiety,Anxiety
NCT06691347,Post Traumatic Stress Disorder PTSD,PTSD
NCT06691347,Complex Post-Traumatic Stress Disorder,PTSD
NCT05554458,Eating Disorders,Eating disorders
NCT05554458,Eating Disorders in Adolescence,Eating disorders
NCT01723215,PTSD,PTSD
NCT05847114,Anxiety,Anxiety
NCT02604706,Substance Abuse,Substance use
NCT02604706,Anxiety,Anxiety
NCT06555406,Bipolar Disorder,Bipolar disorder
NCT05976347,Depression,Depression
NCT02012738,Post-traumatic Stress Disorder (PTSD),PTSD
NCT03525158,"Intrusive Memories of Trauma, Symptom of Post Traumatic Stress Disorder (Criterion B1)",PTSD
NCT04082858,Depression,Depression
NCT06806943,Substance Use Disorder (SUD),Substance use
NCT04207385,Depression,Depression
NCT06782763,Bipolar Disorder,Bipolar disorder
NCT03915821,Depressive Disorder,Depression
NCT05496647,Anxiety,Anxiety
NCT03653858,Treatment-resistant Depression,Depression
NCT03000478,PTSD,PTSD
NCT06064578,Anxiety,Anxiety
NCT06064578,Depression,Depression
NCT02897843,Depressive Disorder,Depression
NCT05353543,Major Depressive Disorder,Depression
NCT03762421,Anxiety,Anxiety
NCT06001021,Perinatal Depression,Depression
NCT06001021,Perinatal Anxiety,Anxiety
NCT06742814,Anxiety,Anxiety
NCT01148316,Obsessive-Compulsive Disorder,OCD
NCT03183947,Depression,Depression
NCT03183947,Schizophrenia,Schizophrenia & psychosis
NCT01201148,Major Depression,Depression
NCT03272555,Anxiety,Anxiety
NCT03272555,Depression,Depression
NCT02653235,Major Depression,Depression
NCT04023435,Depression,Depression
NCT07782463,Future Anxiety,Anxiety
NCT06961916,Schizophrenia,Schizophrenia & psychosis
NCT05623306,Obsessive-Compulsive Disorder,OCD
NCT05137158,Schizophrenia,Schizophrenia & psychosis
NCT04563078,Post Traumatic Stress Disorder,PTSD
NCT07512843,Schizophrenia Cognition Autobiographical Memory Cognitive Remediation,Schizophrenia & psychosis
NCT07512843,SCHIZOPHRENIA 1 (Disorder),Schizophrenia & psychosis
NCT03447548,Prodromal Schizophrenia,Schizophrenia & psychosis
NCT05752448,Depressive Symptoms,Depression
NCT04061148,Major Depressive Disorder,Depression
NCT06976255,Anxiety,Anxiety
NCT03997344,Posttraumatic Stress Disorders,PTSD
NCT06488287,Eating Disorders,Eating disorders
NCT06650449,Depressive Disorders,Depression
NCT06650449,Anxiety Disorders,Anxiety
NCT04572685,Schizophrenia Patients,Schizophrenia & psychosis
NCT01759485,Clozapine Resistant Schizophrenia,Schizophrenia & psychosis
NCT05937243,Binge Eating,Eating disorders
NCT05937243,Binge-Eating Disorder,Eating disorders
NCT05937243,Bulimia Nervosa,Eating disorders
NCT05937243,Bulimia,Eating disorders
NCT05059600,Postpartum Depression,Depression
NCT04485000,Postpartum Depression,Depression
NCT04850911,Depression,Depression
NCT04850911,Major Depressive Disorder,Depression
NCT04850911,Treatment Resistant Depression,Depression
NCT04875663,Depression,Depression
NCT06485687,Binge-Eating Disorder,Eating disorders
NCT03004521,"Depressive Disorder, Treatment-Resistant",Depression
NCT06464952,PTSD,PTSD
NCT01250847,Schizophrenia,Schizophrenia & psychosis
NCT04635449,PTSD,PTSD
NCT05291611,Obsessive-Compulsive Disorder,OCD
NCT01347099,Obsessive Compulsive Disorder,OCD
NCT01263093,Major Depressive Disorder,Depression
NCT04001114,Tobacco Dependence,Substance use
NCT04001114,Schizophrenia,Schizophrenia & psychosis
NCT01395147,Major Depressive Disorder,Depression
NCT04862247,Eating Disorders,Eating disorders
NCT04862247,Anorexia Nervosa,Eating disorders
NCT04862247,Bulimia Nervosa,Eating disorders
NCT04862247,"Anorexia Nervosa, Atypical",Eating disorders
NCT04862247,Other Specified Feeding or Eating Disorder,Eating disorders
NCT05766436,Anxiety Acute,Anxiety
NCT01065311,Chronic Major Depression,Depression
NCT05817344,"Stress Disorders, Post-Traumatic",PTSD
NCT05817344,Opioid Use Disorder,Substance use
NCT03465371,Psychosis,Schizophrenia & psychosis
NCT06372964,Bipolar Depression,Depression
NCT02415387,Depression,Depression
NCT06874452,Oral Anxiolytic,Anxiety
NCT05615948,Treatment Resistant Depression,Depression
NCT05615948,Major Depressive Disorder,Depression
NCT05615948,Central Nervous System Depressants,Depression
NCT05615948,Depressive Symptoms,Depression
NCT02276807,Depression,Depression
NCT02266134,Depression,Depression
NCT06319898,Anxiety,Anxiety
NCT04536714,Major Depressive Disorder,Depression
NCT04082806,Major Depressive Disorder,Depression
NCT02907138,Stress-related Illness/Anxiety,Anxiety
NCT03296007,"Depression, Anxiety",Depression
NCT06374407,Depressive Symptoms,Depression
NCT06374407,Anxiety,Anxiety
NCT05009511,Major Depressive Disorder,Depression
NCT02806271,Generalized Anxiety Disorder,Anxiety
NCT06843044,Anxiety,Anxiety
NCT01115699,Depression,Depression
NCT05980299,Depression,Depression
NCT05758987,PTSD,PTSD
NCT07010016,Substance Use Disorder,Substance use
NCT06530706,Anxiety State,Anxiety
NCT06882538,Schizophrenia Disorders,Schizophrenia & psychosis
NCT03896438,Schizophrenia,Schizophrenia & psychosis
NCT03896438,Schizoaffective Disorder,Schizophrenia & psychosis
NCT03230864,Treatment-resistant Schizophrenia,Schizophrenia & psychosis
NCT07750899,Depression Symptoms,Depression
NCT06704399,Panic Disorder,Anxiety
NCT04494633,Depression,Depression
NCT06255548,Anxiety,Anxiety
NCT04069819,Major Depressive Disorder,Depression
NCT05755100,PTSD,PTSD
NCT07091344,Schizophrenia Disorders,Schizophrenia & psychosis
NCT05506787,Depression,Depression
NCT05189587,Depression,Depression
NCT05189587,Depressive Disorder,Depression
NCT06420193,Depression,Depression
NCT06556966,Schizophrenia,Schizophrenia & psychosis
NCT06556966,Alzheimer's Disease Psychosis,Schizophrenia & psychosis
NCT04300894,Perinatal Depression,Depression
NCT04005794,Schizophrenia,Schizophrenia & psychosis
NCT04005794,Schizo Affective Disorder,Schizophrenia & psychosis
NCT06601023,"Depression, Anxiety",Depression
NCT06601023,Anxiety,Anxiety
NCT03836846,Depression,Depression
NCT06310668,Substance Use Disorders,Substance use
NCT03544450,Depression,Depression
NCT03544450,Anxiety,Anxiety
NCT06547450,Anxiety Disorders,Anxiety
NCT06547450,Depressive Disorder,Depression
NCT03444974,Substance Use Disorders,Substance use
NCT04890990,Depression,Depression
NCT05941390,Anxiety,Anxiety
NCT03829124,Schizophrenia,Schizophrenia & psychosis
NCT04249596,Treatment Resistant Depression,Depression
NCT06702254,Anxiety and Depression,Depression
NCT04576741,Persistent Depressive Disorder,Depression
NCT04879641,Social Anxiety Disorder (Social Phobia),Anxiety
NCT06118294,Depression,Depression
NCT06118294,Anxiety,Anxiety
NCT04309435,Schizophrenia and Related Disorders,Schizophrenia & psychosis
NCT01919008,Major Depressive Disorder,Depression
NCT05660018,Schizophrenia Schizoaffective,Schizophrenia & psychosis
NCT05660018,Schizophrenia,Schizophrenia & psychosis
NCT06109610,Depression,Depression
NCT06047613,Depression,Depression
NCT04522713,Depression,Depression
NCT04522713,Anxiety,Anxiety
NCT02864576,Schizophrenia,Schizophrenia & psychosis
NCT05267340,Depression Mild,Depression
NCT05267340,Depression Moderate,Depression
NCT05267340,"Depression, Teen",Depression
NCT01390389,Bipolar Depression,Depression
NCT02746510,Schizophrenia,Schizophrenia & psychosis
NCT01592110,Schizophrenia,Schizophrenia & psychosis
NCT03968159,Adjunctive Treatment of Major Depressive Disorder,Depression
NCT04741776,Perinatal Depression,Depression
NCT04741776,Postpartum Depression,Depression
NCT01607840,Schizophrenia,Schizophrenia & psychosis
NCT03938350,Perinatal Depression,Depression
NCT05724810,Schizophrenia,Schizophrenia & psychosis
NCT02194413,Anxiety Disorder,Anxiety
NCT03266120,Anxiety,Anxiety
NCT03266120,Depression,Depression
NCT03633682,Depression,Depression
NCT03633682,Anxiety,Anxiety
NCT02401282,Anxiety,Anxiety
NCT03068013,Depression,Depression
NCT03068013,Anxiety,Anxiety
NCT02548559,Anxiety,Anxiety
NCT06905223,Depressive Symptoms Mild to Moderate in Severity,Depression
NCT05612425,Social Anxiety Disorder,Anxiety
NCT05612425,Eating Disorders,Eating disorders
NCT06076317,Major Depressive Disorder,Depression
NCT07092189,Anxiety,Anxiety
NCT02051413,Major Depressive Disorder,Depression
NCT02051413,Major Depressive Episode,Depression
NCT05564013,Anxiety,Anxiety
NCT02442713,Depression,Depression
NCT05153382,Bipolar Disorder,Bipolar disorder
NCT01802424,Anxiety,Anxiety
NCT06494124,Schizophrenia,Schizophrenia & psychosis
NCT05567640,Anxiety Disorders and Symptoms,Anxiety
NCT05567640,Depressive Symptoms,Depression
NCT05863520,Anxiety Disorders,Anxiety
NCT07677020,Eating Disorder Risk,Eating disorders
NCT04051320,Perinatal Depression,Depression
NCT04051320,Post Partum Depression,Depression
NCT04051320,"Depression, Postpartum",Depression
NCT04051320,Depression,Depression
NCT05813782,"Depression, Postpartum",Depression
NCT06738953,Depression Disorders,Depression
NCT06738953,Substance Use Disorders,Substance use
NCT07399457,Depression and Anxiety Symptom,Depression
NCT04827901,Major Depressive Disorder,Depression
NCT05298007,Anxiety,Anxiety
NCT06430853,"Depression, Anxiety",Depression
NCT06826937,PTSD,PTSD
NCT06826937,Post Traumatic Stress Disorder,PTSD
NCT05157945,Major Depressive Disorder,Depression
NCT06431672,"Depression, Postpartum",Depression
NCT03016572,"Depressive Disorder, Major",Depression
NCT03016572,Anxiety Disorders,Anxiety
NCT06361095,Depression,Depression
NCT05516277,Posttraumatic Stress Disorder,PTSD
NCT03684577,Agoraphobia,Anxiety
NCT04476030,"Depressive Disorder, Major",Depression
NCT06903819,Opioid Use,Substance use
NCT06903819,Depression,Depression
NCT06903819,Post-traumatic Stress Disorder (PTSD),PTSD
NCT01135745,Obsessive Compulsive Disorder,OCD
NCT05388045,Substance Use Disorders,Substance use
NCT05388045,Opioid Use Disorder,Substance use
NCT01616212,Substance Use Disorder,Substance use
NCT03399500,Substance Use Disorders,Substance use
NCT05420792,Bipolar Disorder,Bipolar disorder
NCT05420792,Bipolar I Disorder,Bipolar disorder
NCT05420792,Bipolar II Disorder,Bipolar disorder
NCT06012981,Psychosis,Schizophrenia & psychosis
NCT04731428,Anxiety,Anxiety
NCT05427500,PTSD,PTSD
NCT04887792,Schizophrenia,Schizophrenia & psychosis
NCT04887792,Schizo Affective Disorder,Schizophrenia & psychosis
NCT01075672,Obsessive Compulsive Disorder,OCD
NCT01075672,Panic Disorder,Anxiety
NCT01075672,Social Phobia,Anxiety
NCT01075672,Generalized Anxiety Disorder,Anxiety
NCT01075672,Depression,Depression
NCT01075672,Post-Traumatic Stress Disorder,PTSD
NCT01075672,Eating Disorder,Eating disorders
NCT01075672,Specific Phobia,Anxiety
NCT05204407,Schizophrenia,Schizophrenia & psychosis
NCT05204407,Schizoaffective Disorder,Schizophrenia & psychosis
NCT01349907,Bipolar Disorder,Bipolar disorder
NCT01601002,Major Depressive Disorder,Depression
NCT02401139,Unipolar Depression,Depression
NCT07684677,Major Depression,Depression
NCT07684677,Anxiety,Anxiety
NCT05486312,Schizophrenia,Schizophrenia & psychosis
NCT02270619,Depression,Depression
NCT03485430,"Analgesics, Opioid",Substance use
NCT03485430,Opioid Withdrawal,Substance use
NCT03485430,Opioid Use,Substance use
NCT03485430,Substance Use Disorders,Substance use
NCT06972745,Schizophrenia Disorders,Schizophrenia & psychosis
NCT06063265,Anxiety,Anxiety
NCT06891300,Major Depressive Disorder (MDD),Depression
NCT05860257,Anxiety Depression,Depression
NCT07113119,Psychotic Disorder,Schizophrenia & psychosis
NCT02600507,Bipolar Depression,Depression
NCT02519400,Depression,Depression
NCT05508919,Anxiety,Anxiety
NCT06958692,Major Depressive Disorder (MDD),Depression
NCT01447602,Unipolar Depression,Depression
NCT01447602,Dysthymia,Depression
NCT04288895,Major Depressive Disorder,Depression
NCT03002077,"Depressive Disorder, Major",Depression
NCT02418819,Schizophrenia,Schizophrenia & psychosis
NCT02620267,Schizophrenia,Schizophrenia & psychosis
NCT02818114,PTSD,PTSD
NCT05837104,Bipolar I Disorder,Bipolar disorder
NCT05837104,"Depression, Anxiety",Depression
NCT01324648,Depression,Depression
NCT04263155,Eating Disorders in Adolescence,Eating disorders
NCT01708226,Obsessive Compulsive Disorder,OCD
NCT05577585,Obsessive-Compulsive Disorder,OCD
NCT05204043,Anxiety,Anxiety
NCT04784143,PTSD,PTSD
NCT03896035,Depression,Depression
NCT04944017,Depression,Depression
NCT06010654,Generalized Anxiety Disorder,Anxiety
NCT04941066,Depression,Depression
NCT04941066,Anxiety,Anxiety
NCT05833529,Cocaine Use Disorder,Substance use
NCT03485131,Schizophrenia,Schizophrenia & psychosis
NCT05055037,Post Traumatic Stress Disorder,PTSD
NCT03287037,"Depressive Disorder, Major",Depression
NCT03287037,"Depression, Bipolar",Depression
NCT03720145,Depression,Depression
NCT06012045,Disordered Eating Behaviors,Eating disorders
NCT06012045,Binge Eating,Eating disorders
NCT04220112,Anorexia Nervosa,Eating disorders
NCT01860781,Schizophrenia,Schizophrenia & psychosis
NCT04598230,"Anxiety, Separation",Anxiety
NCT04598230,"Anxiety, Generalized",Anxiety
NCT04598230,"Anxiety, Social",Anxiety
NCT04407767,Posttraumatic Stress Disorder,PTSD
NCT01153009,"Depressive Disorder, Major",Depression
NCT01999309,Schizophrenia,Schizophrenia & psychosis
NCT01999309,Schizoaffective Disorder,Schizophrenia & psychosis
NCT01999309,Schizophreniform Disorder,Schizophrenia & psychosis
NCT01999309,Psychosis NOS,Schizophrenia & psychosis
NCT02414932,Depression,Depression
NCT05299398,Postpartum Depression,Depression
NCT01573598,Major Depressive Disorder,Depression
NCT06262958,Alcoholism,Substance use
NCT06262958,Substance Abuse,Substance use
NCT06262958,Alcohol Dependence,Substance use
NCT06262958,Substance Use Disorders,Substance use
NCT06038955,Bipolar Disorder,Bipolar disorder
NCT06038955,Depression,Depression
NCT06038955,Psychotic Disorders,Schizophrenia & psychosis
NCT06038955,Schizophrenia,Schizophrenia & psychosis
NCT06038955,Schizotypal Disorder,Schizophrenia & psychosis
NCT03747055,Depression,Depression
NCT03747055,Posttraumatic Stress Disorder,PTSD
NCT06595485,Depression in Adolescence,Depression
NCT06065735,Anxiety Disorders,Anxiety
NCT02141399,Major Depressive Disorder,Depression
NCT02149563,"Depression, Normobaric Hyperoxia.",Depression
NCT05811104,Treatment Resistant Depression,Depression
NCT05455684,"Depressive Disorder, Major",Depression
NCT05455684,Anhedonia,Depression
NCT03709433,Generalized Anxiety Disorder,Anxiety
NCT06379633,Social Anxiety,Anxiety
NCT04754438,Anxiety,Anxiety
NCT04754438,Generalized Anxiety Disorder,Anxiety
NCT01226238,Major Depressive Disorder,Depression
NCT01975948,Major Depressive Disorder,Depression
NCT05010915,Late Life Depression,Depression
NCT06963463,Depression,Depression
NCT06813378,PTSD,PTSD
NCT04497909,Anxiety,Anxiety
NCT04497909,Depression,Depression
NCT05600114,Social Anxiety Disorder,Anxiety
NCT07075952,Bulimia Nervosa,Eating disorders
NCT07075952,Binge-Eating Disorder,Eating disorders
NCT04721249,Major Depressive Disorder,Depression
NCT04143243,Post Traumatic Stress Disorder,PTSD
NCT04143243,Depression,Depression
NCT04143243,Anxiety,Anxiety
NCT03965871,Bipolar Depression,Depression
NCT03084744,Chronic Depressive Disorder,Depression
NCT03084744,Dysthymic Disorder,Depression
NCT06899607,Anxiety,Anxiety
NCT05777044,Depression,Depression
NCT05777044,Anxiety,Anxiety
NCT01371734,Major Depressive Disorder,Depression
NCT05331534,Post Traumatic Stress Disorder,PTSD
NCT01602211,Depression,Depression
NCT01796132,Depressive Disorder,Depression
NCT03324906,Depressive Disorder,Depression
NCT03324906,Obsessive-Compulsive Disorder,OCD
NCT05540106,Anxiety,Anxiety
NCT01121484,Major Depressive Disorder,Depression
NCT03944447,Post Traumatic Stress Disorder,PTSD
NCT03944447,Anxiety,Anxiety
NCT03944447,Depression,Depression
NCT03944447,Opioid-use Disorder,Substance use
NCT03944447,Bipolar Disorder,Bipolar disorder
NCT07351799,Anxiety,Anxiety
NCT07351799,Depression,Depression
NCT05874232,Anxiety,Anxiety
NCT02567032,Schizophrenia,Schizophrenia & psychosis
NCT02567032,Psychotic Disorders,Schizophrenia & psychosis
NCT05329363,Schizophrenia,Schizophrenia & psychosis
NCT05938816,Ptsd,PTSD
NCT03784352,Anxiety,Anxiety
NCT05552014,Obsessive-Compulsive Disorder,OCD
NCT06143852,Social Media Addiction,Substance use
NCT06143852,"Depression, Anxiety",Depression
NCT06569849,Anxiety,Anxiety
NCT04268355,Depression,Depression
NCT04268355,Anxiety Disorders,Anxiety
NCT02242578,Schizophrenia,Schizophrenia & psychosis
NCT06303076,"Depressive Disorder, Major",Depression
NCT01914874,Social Anxiety Disorder,Anxiety
NCT03554174,Major Depressive Disorder,Depression
NCT03169374,Situational Anxiety,Anxiety
NCT03459183,Depression,Depression
NCT07582666,"Post-Traumatic Growth, Psychological",PTSD
NCT07582666,Depression,Depression
NCT07582666,Anxiety,Anxiety
NCT03473431,Depression in Old Age,Depression
NCT02986945,Depressive Symptoms,Depression
NCT03756701,Anxiety,Anxiety
NCT05698381,Depression,Depression
NCT05428644,Anxiety,Anxiety
NCT06979544,"Depression, Postpartum",Depression
NCT06979544,"Depression, Post-Partum",Depression
NCT06979544,Postpartum Depression (PPD),Depression
NCT06979544,Post-Natal Depression,Depression
NCT06979544,Peripartum Depression,Depression
NCT06979544,Postnatal Depression,Depression
NCT07138664,Depression in Adolescence,Depression
NCT07138664,Anxiety,Anxiety
NCT06574971,Anxiety Disorders,Anxiety
NCT03168971,Anxiety,Anxiety
NCT03168971,Depression,Depression
NCT07648134,Anxiety,Anxiety
NCT03630471,"Mental Health Issue (E.G., Depression, Psychosis, Personality Disorder, Substance Abuse)",Depression
NCT06363344,Intensive Care Psychosis,Schizophrenia & psychosis
NCT04561544,Depression,Depression
NCT04561544,Anxiety,Anxiety
NCT04561544,Substance Use,Substance use
NCT06627764,Substance Abuse,Substance use
NCT06627764,Depression,Depression
NCT06627764,Anxiety,Anxiety
NCT03317132,Psychosis,Schizophrenia & psychosis
NCT06591663,Anxiety,Anxiety
NCT06591663,Depression,Depression
NCT01900314,Depression,Depression
NCT04020549,Depression,Depression
NCT04020549,Anxiety,Anxiety
NCT02869035,Major Depressive Disorder,Depression
NCT07069517,PTSD - Post Traumatic Stress Disorder,PTSD
NCT06922617,Substance Use Disorders,Substance use
NCT06226233,Feeding and Eating Disorders,Eating disorders
NCT06226233,Anorexia Nervosa,Eating disorders
NCT06226233,Bulimia Nervosa,Eating disorders
NCT06226233,Binge-Eating Disorder,Eating disorders
NCT06226233,Binge Eating,Eating disorders
NCT06226233,Eating Disorders,Eating disorders
NCT06226233,Disordered Eating,Eating disorders
NCT04851938,"Anxiety, Hormone, Labour, Pain, Midwife, Pregnant, Transcutaneous Electrical Nerve Stimulation",Anxiety
NCT03026426,Depression,Depression
NCT07100015,Anxiety,Anxiety
NCT04260763,Schizophrenia; Psychosis,Schizophrenia & psychosis
NCT06382714,DIALYSIS SYMPTOMS AND ANXIETY,Anxiety
NCT03376633,Anxiety,Anxiety
NCT03376633,Anxiety Disorders,Anxiety
NCT03376633,Depression,Depression
NCT03376633,"Stress Disorders, Post-Traumatic",PTSD
NCT06539949,Anxiety,Anxiety
NCT01323478,Major Depressive Disorder,Depression
NCT01624298,Post Traumatic Stress Disorder,PTSD
NCT01624298,Depression,Depression
NCT03934658,PostTraumatic Stress Disorder,PTSD
NCT03934658,Nightmares Associated With Chronic Post-Traumatic Stress Disorder,PTSD
NCT03724448,"PTSD, Post Traumatic Stress Disorder",PTSD
NCT02891421,Post Traumatic Stress Disorder,PTSD
NCT02057406,Depression,Depression
NCT02423733,Depression,Depression
NCT03117452,Schizophrenia,Schizophrenia & psychosis
NCT05462652,Depressive Symptoms,Depression
NCT05462652,Depression,Depression
NCT05462652,Depressive Disorder,Depression
NCT05462652,Depressive Episode,Depression
NCT01896349,Treatment Resistant Depression,Depression
NCT01658748,Post Traumatic Stress Disorder,PTSD
NCT02009358,Depression,Depression
NCT02009358,Anxiety,Anxiety
NCT04897685,Depression,Depression
NCT02017535,Adolescent Depression,Depression
NCT04272476,"Depressive Disorder, Major",Depression
NCT02791932,Depression,Depression
NCT04922593,Schizophrenia,Schizophrenia & psychosis
NCT04922593,Psychotic Disorders,Schizophrenia & psychosis
NCT04922593,Schizophrenia Spectrum,Schizophrenia & psychosis
NCT04922593,Antipsychotic Agents,Schizophrenia & psychosis
NCT04922593,Central Nervous System Depressants,Depression
NCT04123314,Depressive Symptoms,Depression
NCT04123314,Depression,Depression
NCT01671033,Panic Disorder,Anxiety
NCT07230652,Schizophrenia,Schizophrenia & psychosis
NCT07230652,Alzheimer's Disease Psychosis,Schizophrenia & psychosis
NCT04855747,Major Depressive Disorder,Depression
NCT04855747,Depression,Depression
NCT06199817,Schizophrenia,Schizophrenia & psychosis
NCT05742893,Psychotic Disorders,Schizophrenia & psychosis
NCT04041284,Major Depressive Disorder,Depression
NCT06411652,Depression,Depression
NCT04760938,Anxiety Disorders,Anxiety
NCT04760938,Depressive Disorder,Depression
NCT04760938,Substance Use Disorders,Substance use
NCT01212848,Depressive Episode,Depression
NCT01212848,Posttraumatic Stress Disorder,PTSD
NCT04602715,Major Depressive Disorder,Depression
NCT04602715,Anxiety,Anxiety
NCT07234708,Schizophrenia and Schizophrenia Spectrum Psychosis,Schizophrenia & psychosis
NCT03527225,Anxiety,Anxiety
NCT06111976,Post Traumatic Stress Disorder,PTSD
NCT02266693,Major Depressive Disorder,Depression
NCT02266693,Social Anxiety Disorder,Anxiety
NCT02266693,Panic Disorder,Anxiety
NCT02266693,Generalized Anxiety Disorder,Anxiety
NCT07236138,Anxiety,Anxiety
NCT03915938,Schizophrenia,Schizophrenia & psychosis
NCT03982043,Depression,Depression
NCT06174285,Depression,Depression
NCT02711215,Major Depressive Disorder,Depression
NCT06356389,Schizophrenia,Schizophrenia & psychosis
NCT05967468,Obsessive-Compulsive Disorder in Children,OCD
NCT05967468,Anxiety Disorder of Childhood,Anxiety
NCT05967468,Social Anxiety Disorder of Childhood,Anxiety
NCT05967468,Obsessive-Compulsive Disorder in Adolescence,OCD
NCT05967468,Generalized Anxiety Disorder,Anxiety
NCT05967468,Separation Anxiety,Anxiety
NCT05967468,Panic Disorder,Anxiety
NCT05967468,Panic Disorder With Agoraphobia,Anxiety
NCT05967468,Panic Attacks,Anxiety
NCT06404450,Anxiety,Anxiety
NCT04401215,Substance Use Disorders,Substance use
NCT04314635,Psychosis Nos/Other,Schizophrenia & psychosis
NCT06208176,Schizophrenia,Schizophrenia & psychosis
NCT05293691,Depressive Symptoms,Depression
NCT05293691,Depression,Depression
NCT03463590,Obsessive-Compulsive Disorder,OCD
NCT01066897,Depression,Depression
NCT01567124,Schizophrenia,Schizophrenia & psychosis
NCT05450224,Posttraumatic Stress Disorder,PTSD
NCT03495024,Schizophrenia,Schizophrenia & psychosis
NCT03495024,Schizoaffective Disorder,Schizophrenia & psychosis
NCT06176924,Anxiety,Anxiety
NCT01904032,Depression,Depression
NCT02661347,Schizophrenia,Schizophrenia & psychosis
NCT02661347,Schizophreniform,Schizophrenia & psychosis
NCT02661347,Schizoaffective Disorder,Schizophrenia & psychosis
NCT02661347,Psychosis Not Otherwise Specified (NOS),Schizophrenia & psychosis
NCT07042217,Unipolar Depression,Depression
NCT02427789,Major Depressive Disorder,Depression
NCT02020408,Eating Disorder,Eating disorders
NCT04077476,Post-traumatic Stress Disorder,PTSD
NCT04077476,Anxiety,Anxiety
NCT04077476,Depression,Depression
NCT07253935,Depression Disorder,Depression
NCT05974176,Trauma-related PTSD,PTSD
NCT04505540,Opioid-use Disorder,Substance use
NCT04505540,Opioid Medication Assisted Treatment,Substance use
NCT01809340,Depressive Disorder,Depression
NCT04351789,Anxiety,Anxiety
NCT07080489,"Depressive Disorder, Major Depressive Disorder",Depression
NCT01704768,Depressive/Anxiety Symptoms,Depression
NCT06129890,Depression,Depression
NCT04855760,Major Depressive Disorder,Depression
NCT02399982,Binge Eating Disorder,Eating disorders
NCT02399982,Bulimia Nervosa,Eating disorders
NCT02019459,Tobacco Dependence,Substance use
NCT04378426,PTSD,PTSD
NCT06225115,Schizophrenia,Schizophrenia & psychosis
NCT01735708,Depression,Depression
NCT00983476,Psychotic Disorders,Schizophrenia & psychosis
NCT07182890,Depression,Depression
NCT07182890,Anxiety,Anxiety
NCT04109716,Depressive Symptoms,Depression
NCT03785652,Major Depressive Disorder,Depression
NCT01507649,Postnatal Depression,Depression
NCT04632238,Opioid-use Disorder,Substance use
NCT04632238,Substance Use Disorders,Substance use
NCT01939548,Schizophrenia,Schizophrenia & psychosis
NCT01750255,Bipolar Disorder,Bipolar disorder
NCT07677943,Anxiety,Anxiety
NCT07185815,Schizophrenia,Schizophrenia & psychosis
NCT07185815,Bipolar I Disorder,Bipolar disorder
NCT07185815,Major Depressive Disorder,Depression
NCT05247190,Depressive Symptoms,Depression
NCT05247190,Anxiety,Anxiety
NCT05197413,Anxiety,Anxiety
NCT04234776,Depressive Disorder,Depression
NCT04373317,Parkinson's Disease Psychosis,Schizophrenia & psychosis
NCT04846868,Schizophrenia,Schizophrenia & psychosis
NCT06373718,Depression,Depression
NCT02599597,Depression,Depression
NCT06633913,Depression,Depression
NCT05463926,Perinatal Depression,Depression
NCT05463926,Anxiety,Anxiety
NCT03108625,"Depressive Disorder, Major",Depression
NCT05890625,Anxiety,Anxiety
NCT05338268,Substance Use Disorders,Substance use
NCT05598697,Depression,Depression
NCT05582343,Depression,Depression
NCT02878408,Bipolar Disorder,Bipolar disorder
NCT02878408,Schizophrenia,Schizophrenia & psychosis
NCT06011668,Anxiety and Fear,Anxiety
NCT01473550,Psychotic Disorder,Schizophrenia & psychosis
NCT02138513,Anxiety,Anxiety
NCT02138513,Depression,Depression
NCT04560660,PTSD,PTSD
NCT06557759,Depression,Depression
NCT06557759,Anxiety,Anxiety
NCT03935035,Post Traumatic Stress Disorder,PTSD
NCT06527625,Depressive Symptoms,Depression
NCT02377089,Post-Traumatic Stress Disorder,PTSD
NCT04618250,Schizophrenia,Schizophrenia & psychosis
NCT04618250,Bipolar Disorder,Bipolar disorder
NCT04618250,Severe Depression,Depression
NCT04673513,Depression,Depression
NCT05384223,Substance Use Disorders,Substance use
NCT05384223,PTSD,PTSD
NCT06776523,PTSD,PTSD
NCT03628989,Anxiety,Anxiety
NCT01571089,Treatment Resistant Anxiety Disorders,Anxiety
NCT03995368,Schizophrenia,Schizophrenia & psychosis
NCT06115850,Anxiety,Anxiety
NCT02420418,Bipolar Disorder,Bipolar disorder
NCT01232790,Schizophrenia,Schizophrenia & psychosis
NCT03049813,Schizophrenia,Schizophrenia & psychosis
NCT03049813,Schizoaffective Disorder,Schizophrenia & psychosis
NCT03049813,Bipolar Disorder,Bipolar disorder
NCT03049813,Depressive Disorder,Depression
NCT04327362,Posttraumatic Stress Disorder,PTSD
NCT04327362,PTSD,PTSD
NCT04327362,Anxiety,Anxiety
NCT04327362,Depression,Depression
NCT02662803,Generalized Anxiety Disorder (GAD),Anxiety
NCT05312203,Major Depressive Disorder,Depression
NCT05448118,Substance Use Disorder,Substance use
NCT06258590,Anxiety,Anxiety
NCT04072510,Eating Disorders,Eating disorders
NCT02747160,Anxiety,Anxiety
NCT02747160,Depression,Depression
NCT05004896,Bipolar Disorder,Bipolar disorder
NCT05004896,Bipolar Depression,Depression
NCT05004896,Bipolar I Disorder,Bipolar disorder
NCT05004896,Bipolar II Disorder,Bipolar disorder
NCT03501862,Recent-onset Psychosis,Schizophrenia & psychosis
NCT02547246,Bulimia,Eating disorders
NCT06030362,Food Addiction,Substance use
NCT06672562,Bipolar Disorder,Bipolar disorder
NCT03501888,Schizophrenia Spectrum and Other Psychotic Disorders,Schizophrenia & psychosis
NCT03870776,Depression,Depression
NCT05342480,Post Traumatic Stress Disorder,PTSD
NCT07225179,Caregiver to a Young Adult With Early Psychosis,Schizophrenia & psychosis
NCT03861988,Major Depressive Disorder,Depression
NCT06130020,Anxiety,Anxiety
NCT06130020,Depression,Depression
NCT05867823,Anxiety Disorder,Anxiety
NCT05867823,Depressive Disorder,Depression
NCT01465074,Schizophrenia,Schizophrenia & psychosis
NCT02191397,"Depressive Disorder, Major",Depression
NCT05243160,Schizophrenia,Schizophrenia & psychosis
NCT05243160,Major Depressive Disorder,Depression
NCT05243160,Bipolar Disorder,Bipolar disorder
NCT05243160,Psychosis,Schizophrenia & psychosis
NCT05243160,Psychotic Disorders,Schizophrenia & psychosis
NCT04231643,Bipolar Disorder,Bipolar disorder
NCT05465915,Major Depressive Disorder,Depression
NCT05465915,Bipolar Depression,Depression
NCT06576076,Cannabis Use,Substance use
NCT06576076,Depression,Depression
NCT05525689,Depression,Depression
NCT01719289,Depression,Depression
NCT06432374,Posttraumatic Stress Disorder,PTSD
NCT06432374,Depressive Symptoms,Depression
NCT06432374,Anxiety,Anxiety
NCT03441490,Anxiety,Anxiety
NCT01517360,Schizophrenia,Schizophrenia & psychosis
NCT06060860,Depression,Depression
NCT06060860,Anxiety,Anxiety
NCT07742059,Anxiety,Anxiety
NCT03922425,Bipolar Disorder,Bipolar disorder
NCT03922425,Schizophrenia,Schizophrenia & psychosis
NCT03922425,Severe Depression,Depression
NCT07102017,Depression - Major Depressive Disorder,Depression
NCT03541317,Depression,Depression
NCT03541317,Anxiety,Anxiety
NCT04583891,"Depression, Anxiety",Depression
NCT06150118,Re-injury Anxiety,Anxiety
NCT04709224,Schizophrenia,Schizophrenia & psychosis
NCT06587659,"Stress Disorders, Post-Traumatic",PTSD
NCT04983680,Anxiety,Anxiety
NCT06183580,Depression,Depression
NCT05368779,Post Traumatic Stress Disorder,PTSD
NCT05368779,"Post Traumatic Growth, Psychological",PTSD
NCT07065240,Major Depressive Disorder (MDD),Depression
NCT07065240,Major Depressive Disorder With Anxious Distress,Depression
NCT02263768,Anxiety,Anxiety
NCT03390491,Psychosis,Schizophrenia & psychosis
NCT03390491,Schizoaffective Disorder,Schizophrenia & psychosis
NCT03390491,Schizophrenia,Schizophrenia & psychosis
NCT05110690,Anxiety,Anxiety
NCT05110690,Depression,Depression
NCT07111390,Depression,Depression
NCT07111390,MDD,Depression
NCT07111390,Major Depressive Disorder,Depression
NCT07111390,Major Depressive Episode,Depression
NCT05814913,Psychosis,Schizophrenia & psychosis
NCT01147913,Major Depression,Depression
NCT00994279,Depression,Depression
NCT04527302,Obsessive-Compulsive Disorder,OCD
NCT06168253,Social Anxiety,Anxiety
NCT03128437,Anxiety Sensitivity,Anxiety
NCT02765672,Post Traumatic Stress Disorder (PTSD),PTSD
NCT05850572,Depression,Depression
NCT04868357,Anxiety,Anxiety
NCT06439407,Posttraumatic Stress Disorder,PTSD
NCT07609953,Schizophrenia,Schizophrenia & psychosis
NCT06658795,Major Depressive Disorder,Depression
NCT03984539,Eating Disorders,Eating disorders
NCT04591301,Major Depressive Disorder,Depression
NCT06805565,Social Anxiety Disorder (SAD),Anxiety
NCT05369507,Substance Use Disorders,Substance use
NCT07338292,Anxiety,Anxiety
NCT05746364,Eating Disorders,Eating disorders
NCT01371721,Major Depressive Disorder,Depression
NCT01446406,Bipolar Disorder,Bipolar disorder
NCT01945047,Treatment-resistant Depression,Depression
NCT01648049,Depression,Depression
NCT05982158,Psychotic Disorders,Schizophrenia & psychosis
NCT05982158,Schizophrenia and Related Disorders,Schizophrenia & psychosis
NCT05601648,Major Depressive Disorder,Depression
NCT05601648,Anhedonia,Depression
NCT03289026,Acute Schizophrenia Episode,Schizophrenia & psychosis
NCT02082678,Bipolar Disorder,Bipolar disorder
NCT02082678,Alcohol Use Disorder,Substance use
NCT03627078,Post Traumatic Stress Disorder,PTSD
NCT03758599,Anxiety,Anxiety
NCT02853032,"Stress Disorders, Post-Traumatic",PTSD
NCT01648998,Depression,Depression
NCT05307887,Anxiety,Anxiety
NCT06294106,Post Traumatic Stress Disorder,PTSD
NCT05137938,Depression,Depression
NCT07566026,Anxiety,Anxiety
NCT04361045,Anxiety,Anxiety
NCT04361045,Depressive Symptoms,Depression
NCT01680172,Depression,Depression
NCT01680172,Anxiety,Anxiety
NCT02035202,Schizophrenia,Schizophrenia & psychosis
NCT02035202,Bipolar Disorder,Bipolar disorder
NCT02956902,PostTraumatic Stress Disorder,PTSD
NCT03469453,Generalized Anxiety Disorder,Anxiety
NCT02949401,Anxiety,Anxiety
NCT05608330,Depression,Depression
NCT05558332,Psychosis,Schizophrenia & psychosis
NCT03205332,Generalized Anxiety,Anxiety
NCT04060498,Psychosis,Schizophrenia & psychosis
NCT06285487,Depression,Depression
NCT04907604,Anxiety,Anxiety
NCT04907604,Depression,Depression
NCT05053438,Feeding and Eating Disorders,Eating disorders
NCT05053438,Avoidant/Restrictive Food Intake Disorder,Eating disorders
NCT02670538,Bipolar Disorder,Bipolar disorder
NCT02670538,Depression,Depression
NCT03713658,Schizophrenia,Schizophrenia & psychosis
NCT02787148,Depression,Depression
NCT05400252,"Stress Disorders, Post-Traumatic",PTSD
NCT05400252,Depressive Disorder,Depression
NCT05400252,Anxiety Disorders,Anxiety
NCT05400252,Substance-Related Disorders,Substance use
NCT05836649,Anxiety,Anxiety
NCT04044664,Post-Traumatic Stress Disorder,PTSD
NCT06081309,"Stress Disorders, Post-Traumatic",PTSD
NCT06391593,Major Depressive Disorder,Depression
NCT06391593,Anhedonia,Depression
NCT04237714,Depression,Depression
NCT07393737,Fear Anxiety,Anxiety
NCT05477537,Anorexia Nervosa,Eating disorders
NCT04266119,Depression Literacy,Depression
NCT05323019,Treatment Resistant Major Depressive Disorder,Depression
NCT03768830,Anxiety Disorders,Anxiety
NCT03768830,Depressive Disorder,Depression
NCT03886207,Adolescent Anorexia Nervosa,Eating disorders
NCT05885971,Eating Disorders,Eating disorders
NCT01308814,Depression,Depression
NCT04060433,Anorexia Nervosa,Eating disorders
NCT04060433,"Anorexia Nervosa, Atypical",Eating disorders
NCT04060433,Avoidant/Restrictive Food Intake Disorder,Eating disorders
NCT05748652,Generalized Anxiety Disorder,Anxiety
NCT07102147,Anxiety,Anxiety
NCT07102147,Depression in Adults,Depression
NCT06456931,Depression Moderate,Depression
NCT06456931,Depression Mild,Depression
NCT07020572,Depressive Symptoms,Depression
NCT06555172,Anxiety,Anxiety
NCT06555172,Depression,Depression
NCT04744545,Depression,Depression
NCT04647019,Depression,Depression
NCT04647019,Anxiety,Anxiety
NCT04647019,Anhedonia,Depression
NCT06911931,Schizophrenia Disorders,Schizophrenia & psychosis
NCT06911931,Bipolar Disorder,Bipolar disorder
NCT06911931,Schizo Affective Disorder,Schizophrenia & psychosis
NCT06878937,Bipolar Disorder (BD),Bipolar disorder
NCT04433845,Treatment Resistant Depression,Depression
NCT07061236,Anxiety,Anxiety
NCT07393581,Anxiety,Anxiety
NCT06480019,Depression,Depression
NCT02237937,Major Depression,Depression
NCT04332601,Schizophrenia,Schizophrenia & psychosis
NCT01980381,Depression,Depression
NCT01980381,Anxiety,Anxiety
NCT06392867,"Depression, Unipolar",Depression
NCT04007900,Anorexia Nervosa,Eating disorders
NCT04305353,PTSD,PTSD
NCT02344745,Anxiety,Anxiety
NCT02801877,Depression,Depression
NCT02801877,Anxiety,Anxiety
NCT04313777,Depressive Symptoms,Depression
NCT04313777,Anxiety,Anxiety
NCT05386329,Major Depressive Disorder,Depression
NCT05588102,Geriatric Depression,Depression
NCT04688567,Anxiety Disorders and Symptoms,Anxiety
NCT06717165,Obsessive Compulsive Disorder (OCD),OCD
NCT03112265,Anxiety,Anxiety
NCT03112265,Depression,Depression
NCT06487611,Depression,Depression
NCT01117545,"Stress Disorders, Post-Traumatic",PTSD
NCT01123707,Major Depressive Disorder (MDD),Depression
NCT06472492,Unipolar Depression,Depression
NCT01221792,Post-Traumatic Stress Disorder,PTSD
NCT04050202,Depressive Symptoms,Depression
NCT04050202,Anxiety Symptoms,Anxiety
NCT07262372,Substance Use Disorders,Substance use
NCT04393077,Anxiety,Anxiety
NCT01806701,Post-traumatic Syndrome,PTSD
NCT02642536,Anxiety,Anxiety
NCT02642536,Depression,Depression
NCT02642536,PTSD,PTSD
NCT06527092,Anxiety,Anxiety
NCT05370911,Obsessive-Compulsive Disorder,OCD
NCT06585839,Perinatal Depression,Depression
NCT06585839,Anxiety in Pregnancy,Anxiety
NCT06585839,Postpartum Depression,Depression
NCT06585839,Postpartum Anxiety,Anxiety
NCT05462977,Depression,Depression
NCT04901312,Substance Use Disorders,Substance use
NCT03584945,Obsessive-compulsive Disorders and Symptoms in Children,OCD
NCT04760275,Anxiety Disorders,Anxiety
NCT07011901,Obsessive Compulsive Disorder,OCD
NCT01594866,Major Depressive Disorder,Depression
NCT07774156,Anxiety,Anxiety
NCT01794156,Obsessive Compulsive Disorder,OCD
NCT06054256,Depression,Depression
NCT04782102,Social Anxiety,Anxiety
NCT04782102,Social Anxiety Disorder,Anxiety
NCT05476237,Depression,Depression
NCT06569875,Postpartum Depression,Depression
NCT01808612,Major Depressive Disorder,Depression
NCT03297619,Social Anxiety,Anxiety
NCT04532619,Substance Use,Substance use
NCT02128919,Schizophrenia,Schizophrenia & psychosis
NCT05746312,Anxiety,Anxiety
NCT02150681,Major Depressive Disorder,Depression
NCT02150681,Bipolar Disorder,Bipolar disorder
NCT06162741,Post Traumatic Stress Disorder (PTSD),PTSD
NCT06162741,Depression,Depression
NCT06162741,Anxiety,Anxiety
NCT02624102,Major Depressive Disorder,Depression
NCT04893395,"Depressive Disorder, Major",Depression
NCT07384312,Depression Disorder,Depression
NCT04770181,Anxiety,Anxiety
NCT04770181,Depression,Depression
NCT03662581,Anxiety,Anxiety
NCT03662581,Depression,Depression
NCT01153867,Chronic Major Depressive Disorder,Depression
NCT06628986,Postpartum Depression,Depression
NCT06734754,Anxiety,Anxiety
NCT01542229,Post Traumatic Stress Disorder,PTSD
NCT01542229,Schizophrenia,Schizophrenia & psychosis
NCT01542229,Schizoaffective Disorder,Schizophrenia & psychosis
NCT01542229,Bipolar Disorder,Bipolar disorder
NCT01542229,Major Depression,Depression
NCT04727229,Treatment Resistant Depression,Depression
NCT04727229,Major Depressive Disorder,Depression
NCT07328477,Anxiety,Anxiety
NCT06299657,Anxiety,Anxiety
NCT06299657,Substance Use Disorders,Substance use
NCT03514212,Schizophrenia,Schizophrenia & psychosis
NCT06444581,Depressive Symptoms,Depression
NCT06444581,Anxiety Symptoms,Anxiety
NCT01685528,Anxiety,Anxiety
NCT01685528,Depression,Depression
NCT02340637,Anxiety,Anxiety
NCT02340637,Depression,Depression
NCT04491045,Depression,Depression
NCT03376139,Post Traumatic Stress Disorder,PTSD
NCT03376139,Alcohol Use Disorder,Substance use
NCT05691439,Depression in Adolescence,Depression
NCT06174701,Depressive Symptoms,Depression
NCT03817528,Schizophrenia,Schizophrenia & psychosis
NCT03196128,First Episode Psychosis,Schizophrenia & psychosis
NCT05068765,Schizophrenia,Schizophrenia & psychosis
NCT02038465,Schizophrenia Cognition Autobiographical Memory Cognitive Remediation,Schizophrenia & psychosis
NCT03382639,Schizophrenia,Schizophrenia & psychosis
NCT05151601,Anxiety,Anxiety
NCT05542212,Schizophrenia,Schizophrenia & psychosis
NCT05170919,Anorexia Nervosa with Significantly Low Body Weight,Eating disorders
NCT01367119,Depression,Depression
NCT02868619,Binge Eating Disorder,Eating disorders
NCT02661828,Major Depressive Disorder,Depression
NCT02661828,Anxiety Disorder,Anxiety
NCT02661828,Obsessive Compulsive Disorder,OCD
NCT02661828,Post-Traumatic Stress Disorder,PTSD
NCT04347707,Depression,Depression
NCT03256929,Depression,Depression
NCT01220401,PTSD,PTSD
NCT04317001,Major Depressive Disorder,Depression
NCT04286165,Post Traumatic Stress Disorder,PTSD
NCT04286165,Depression,Depression
NCT05603000,Anxiety,Anxiety
NCT05603000,Depression,Depression
NCT07853092,Substance-related Disorders,Substance use
NCT07853092,Substance Use Disorder (SUD),Substance use
NCT03809572,Postpartum Depression,Depression
NCT07770295,Anxiety,Anxiety
NCT04437095,Anxiety,Anxiety
NCT04437095,Depression,Depression
NCT04437095,PTSD,PTSD
NCT02067975,Schizophrenia,Schizophrenia & psychosis
NCT01175512,Food Addiction,Substance use
NCT01175512,How Opioid Tone Was Related to Self Reported,Substance use
NCT01175512,Drive to Eat Using a Measure of Food Addiction,Substance use
NCT02023281,Depression,Depression
NCT03658330,Major Depressive Disorder,Depression
NCT03658330,Alcohol Use Disorder,Substance use
NCT06807528,Depression - Major Depressive Disorder,Depression
NCT06388265,Anxiety and Fear,Anxiety
NCT01295411,Schizophrenia,Schizophrenia & psychosis
NCT04716777,Anxiety Disorders,Anxiety
NCT04716777,Depressive Disorder,Depression
NCT04716777,Anxiety,Anxiety
NCT04716777,Depression,Depression
NCT03429075,"Depressive Disorder, Major",Depression
NCT02658357,Schizophrenia,Schizophrenia & psychosis
NCT02658357,Schizo-affective Disorder,Schizophrenia & psychosis
NCT03382067,Test Anxiety,Anxiety
NCT02441595,"Depression, Postpartum",Depression
NCT06170801,Depressive Disorder,Depression
NCT06170801,Anxiety Disorder,Anxiety
NCT05310981,Cannabis Use Disorder,Substance use
NCT02194036,Anxiety,Anxiety
NCT02194036,Depression,Depression
NCT02027636,Depression,Depression
NCT07299136,"The Effect of Hugging and Praying on Traumatic Birth Perception, Pain, and Anxiety",Anxiety
NCT01457872,Heroin Addiction,Substance use
NCT01457872,Substance Use Disorders,Substance use
NCT03166501,Depression,Depression
NCT03166501,Post Traumatic Stress Disorder,PTSD
NCT01401101,"Stress Disorders, Post-Traumatic",PTSD
NCT03858881,Depression,Depression
NCT01801319,Treatment Resistant Depression,Depression
NCT01801319,Depressive Disorder,Depression
NCT06729671,Psychosis,Schizophrenia & psychosis
NCT03897699,Depression,Depression
NCT03897699,Depressive Disorder,Depression
NCT02785406,Cocaine Use Disorder,Substance use
NCT02785406,Anxiety,Anxiety
NCT06878833,Schizophrenia,Schizophrenia & psychosis
NCT06878833,Schizoaffective Disorder,Schizophrenia & psychosis
NCT05368558,Schizophrenia,Schizophrenia & psychosis
NCT02298985,Chronic Schizophrenia,Schizophrenia & psychosis
NCT02880215,Depression,Depression
NCT06028815,Anxiety,Anxiety
NCT06028815,Depression,Depression
NCT04799899,Depression,Depression
NCT03956693,Anxiety,Anxiety
NCT03956693,Depression,Depression
NCT03208816,Anxiety,Anxiety
NCT03208816,Depression,Depression
NCT04160806,Panic Disorder,Anxiety
NCT04507555,Depression,Depression
NCT05220943,Anxiety,Anxiety
NCT04608032,Schizophrenic Disorders,Schizophrenia & psychosis
NCT01423916,Schizophrenia,Schizophrenia & psychosis
NCT01423916,Schizoaffective Disorder,Schizophrenia & psychosis
NCT06044038,Schizophrenia,Schizophrenia & psychosis
NCT04916626,Schizophrenia,Schizophrenia & psychosis
NCT04916626,Schizotypal Disorder,Schizophrenia & psychosis
NCT04916626,"Acute and Transient Psychotic Disorder, Unspecified",Schizophrenia & psychosis
NCT04916626,Schizoaffective Disorder,Schizophrenia & psychosis
NCT04916626,Non-Organic Psychosis,Schizophrenia & psychosis
NCT04916626,Depression Severe,Depression
NCT04916626,Substance Induced Psychoses,Schizophrenia & psychosis
NCT02987985,"Analgesics, Opioid",Substance use
NCT01378078,Schizophrenia,Schizophrenia & psychosis
NCT06207409,PTSD,PTSD
NCT06207409,Substance Use Disorders,Substance use
NCT04579887,Parkinson Disease Psychosis,Schizophrenia & psychosis
NCT03981406,Depression,Depression
NCT03981406,Anxiety,Anxiety
NCT03981406,Depressive Disorder,Depression
NCT03981406,Anxiety Disorders,Anxiety
NCT03981406,Anxiety Depression,Depression
NCT01678755,Schizophrenia,Schizophrenia & psychosis
NCT03810755,Schizophrenia,Schizophrenia & psychosis
NCT07310615,Schizophrenia,Schizophrenia & psychosis
NCT04347499,Postnatal Depression,Depression
NCT06733558,Major Depressive Disorder,Depression
NCT06733558,Bipolar Disorder II,Bipolar disorder
NCT01460758,Depression,Depression
NCT07230743,Anxiety,Anxiety
NCT07230743,Anxiety After Surgery,Anxiety
NCT07230743,Child Anxiety,Anxiety
NCT04719143,Depression,Depression
NCT04719143,Depressive Symptoms,Depression
NCT02121015,"Depression, Postpartum",Depression
NCT03288714,Depressive Disorder,Depression
NCT03288714,Depression,Depression
NCT03288714,"Depressive Disorder, Major",Depression
NCT03288714,Depressive Episode,Depression
NCT03288714,Major Depressive Disorder,Depression
NCT02203552,Anxiety Disorder,Anxiety
NCT02203552,Depression,Depression
NCT01698047,Depressive Symptoms,Depression
NCT05800509,Postpartum Depression,Depression
NCT05800509,Perinatal Depression,Depression
NCT06332209,Post-Traumatic Stress Disorder,PTSD
NCT05546463,Anxiety State,Anxiety
NCT03077347,Schizophrenia,Schizophrenia & psychosis
NCT05820958,"Depression, Postpartum",Depression
NCT06065787,Anxiety,Anxiety
NCT06065787,Depression,Depression
NCT06065787,Anxiety Depression,Depression
NCT06065787,"Depression, Anxiety",Depression
NCT03851016,Depressive Symptoms,Depression
NCT04130906,Binge-Eating Disorder,Eating disorders
NCT04436952,Obsessive-Compulsive Disorder,OCD
NCT02939755,Depression,Depression
NCT04977544,Phobia,Anxiety
NCT07422545,Anxiety,Anxiety
NCT07422545,Depression,Depression
NCT07112001,Depression,Depression
NCT07112001,Anxiety,Anxiety
NCT06989801,Depressive Symptoms,Depression
NCT06689592,Depression,Depression
NCT06722339,Obsessive-Compulsive Disorder,OCD
NCT04432077,Anxiety Disorder,Anxiety
NCT04487171,Postpartum Depression,Depression
NCT02604277,Depression,Depression
NCT02604277,Alcoholism,Substance use
NCT01935375,Postpartum Depression,Depression
NCT04453475,Anxiety,Anxiety
NCT03062267,Schizoaffective Disorder,Schizophrenia & psychosis
NCT03062267,Schizophrenia,Schizophrenia & psychosis
NCT03062267,Bipolar Disorder,Bipolar disorder
NCT03062267,Major Depressive Disorder,Depression
NCT04325100,Schizophrenia,Schizophrenia & psychosis
NCT04325100,Schizo Affective Disorder,Schizophrenia & psychosis
NCT04325100,Bipolar Disorder,Bipolar disorder
NCT04325100,Major Depressive Disorder,Depression
NCT07273175,Schizophrenia,Schizophrenia & psychosis
NCT04700501,Antenatal Depression,Depression
NCT01143077,Schizophrenia,Schizophrenia & psychosis
NCT01143077,Schizoaffective Disorder,Schizophrenia & psychosis
NCT02336581,Psychosis,Schizophrenia & psychosis
NCT02336581,Schizophrenia,Schizophrenia & psychosis
NCT01691092,Major Depressive Disorder,Depression
NCT01691092,Post-Traumatic Stress Disorder (PTSD),PTSD
NCT06182436,Anxiety,Anxiety
NCT06643871,Schizophrenia; Psychosis,Schizophrenia & psychosis
NCT06643871,Schizo Affective Disorder,Schizophrenia & psychosis
NCT06643871,First Episode Psychosis (FEP),Schizophrenia & psychosis
NCT04055181,Schizophrenia,Schizophrenia & psychosis
NCT04055181,Major Depressive Disorder,Depression
NCT02319330,Depression,Depression
NCT02882711,Treatment Resistant Depression,Depression
NCT02882711,Major Depressive Disorder,Depression
NCT02882711,Bipolar Disorder,Bipolar disorder
NCT05737511,Panic Disorder,Anxiety
NCT06637228,Depressive Symptoms,Depression
NCT05304767,Schizophrenia,Schizophrenia & psychosis
NCT06053567,Nicotine Dependence,Substance use
NCT01656707,Addictive Behaviors,Substance use
NCT01656707,Cannabis Use Disorder,Substance use
NCT07262801,Postpartum Anxiety,Anxiety
NCT07262801,Anxiety Disorders,Anxiety
NCT02745067,Anorexia Nervosa,Eating disorders
NCT04255030,Anxiety,Anxiety
NCT05391971,Post Traumatic Stress Disorder,PTSD
NCT03547219,Depression,Depression
NCT03428828,Treatment Resistant Depression,Depression
NCT07371065,Major Depressive Disorder,Depression
NCT04689867,Psychosis,Schizophrenia & psychosis
NCT02308592,Depression,Depression
NCT02552836,Depression,Depression
NCT06223412,Anxiety State,Anxiety
NCT04302181,"Stress Disorders, Post-Traumatic",PTSD
NCT04400630,Bipolar Disorder,Bipolar disorder
NCT06666400,Postpartum Depression (PPD),Depression
NCT03674671,"Depressive Disorder, Major",Depression
NCT03674671,Bipolar Depression,Depression
NCT06549777,Post Traumatic Stress Disorder,PTSD
NCT06549777,Complex Post-Traumatic Stress Disorder,PTSD
NCT03779477,Depression,Depression
NCT06116812,Anxiety and Depression,Depression
NCT01868867,Depression,Depression
NCT04779801,Bulimia Nervosa,Eating disorders
NCT04779801,Binge-Eating Disorder,Eating disorders
NCT04779801,Other Specified Feeding or Eating Disorder,Eating disorders
NCT05870501,Depressive Disorder,Depression
NCT05870501,"Depressive Disorder, Major",Depression
NCT05870501,"Depressive Disorder, Treatment-Resistant",Depression
NCT05870501,Bipolar Disorder,Bipolar disorder
NCT05870501,Bipolar Disorder I,Bipolar disorder
NCT05870501,Bipolar Disorder II,Bipolar disorder
NCT05870501,Anhedonia,Depression
NCT03203707,Bipolar Disorder,Bipolar disorder
NCT06339112,Anxiety,Anxiety
NCT05800119,Depression,Depression
NCT06146530,Generalized Anxiety,Anxiety
NCT01583400,"Depressive Disorder, Major",Depression
NCT01583400,"Depressive Disorder, Minor",Depression
NCT01583400,Dysthymic Disorder,Depression
NCT02042001,Depression/Anxiety,Depression
NCT07170657,Anxiety,Anxiety
NCT07170657,Depression Disorders,Depression
NCT02315781,Depression,Depression
NCT05319665,Post Traumatic Stress Disorder,PTSD
NCT06629571,Anxiety,Anxiety
NCT02181777,Psychotic Disorders,Schizophrenia & psychosis
NCT03405077,Eating Disorder,Eating disorders
NCT06346119,Reaction Anxiety,Anxiety
NCT01903707,Schizophrenia,Schizophrenia & psychosis
NCT01903707,Psychosis,Schizophrenia & psychosis
NCT01606436,Schizophrenic Disorders,Schizophrenia & psychosis
NCT06293781,Major Depressive Disorder,Depression
NCT05524519,Major Depressive Disorder,Depression
NCT04068467,Schizophrenia,Schizophrenia & psychosis
NCT04068467,Schizoaffective Disorder,Schizophrenia & psychosis
NCT04068467,Major Depressive Disorder,Depression
NCT04068467,Bipolar Disorder,Bipolar disorder
NCT01957371,PTSD,PTSD
NCT05029401,Opiate Withdrawal Syndrome,Substance use
NCT04098601,Substance Use Disorders,Substance use
NCT05440812,Depression,Depression
NCT07161700,Major Depressive Disorder (MDD),Depression
NCT07161700,Major Depressive Disorder With Anxious Distress,Depression
NCT06988800,Anxiety,Anxiety
NCT06988800,Depression Not Otherwise Specified,Depression
NCT01476228,Depression,Depression
NCT02234011,Obsessive-Compulsive Disorder,OCD
NCT04939012,Substance Use Disorders,Substance use
NCT01560728,Post-Traumatic Stress Disorder,PTSD
NCT02765100,Bipolar Disorder,Bipolar disorder
NCT02765100,Depression,Depression
NCT06273228,Substance Use Disorders,Substance use
NCT06273228,Depression,Depression
NCT06273228,Anxiety,Anxiety
NCT05152992,Depression,Depression
NCT05152992,Anxiety,Anxiety
NCT05940324,Obsessive-Compulsive Disorder,OCD
NCT02133170,Bipolar,Bipolar disorder
NCT02133170,Depressive Symptoms,Depression
NCT06160869,Psychosis,Schizophrenia & psychosis
NCT05490069,Depressive Symptoms,Depression
NCT03534583,PTSD,PTSD
NCT01614041,Generalized Anxiety Disorder,Anxiety
NCT05871554,Depression,Depression
NCT05871554,Anxiety,Anxiety
NCT04711005,Major Depressive Disorder,Depression
NCT07656194,Anxiety,Anxiety
NCT06658431,Depression Anxiety Disorder,Depression
NCT07122531,First Episode Psychosis,Schizophrenia & psychosis
NCT07227337,Post Traumatic Stress Disorder,PTSD
NCT07227337,Depression,Depression
NCT02150577,Bipolar Disorder,Bipolar disorder
NCT02150577,Treatment Resistant Depression,Depression
NCT05349877,Depression,Depression
NCT05349877,Anxiety,Anxiety
NCT05349877,Social Phobia,Anxiety
NCT05349877,Post Traumatic Stress Disorder,PTSD
NCT04350775,Schizophrenia,Schizophrenia & psychosis
NCT06113575,Major Depressive Disorder,Depression
NCT06113575,"Major Depressive Disorder, Recurrent Episode, Severe",Depression
NCT06113575,"Major Depressive Disorder, Recurrent, Moderate",Depression
NCT05712057,Anxiety Disorders,Anxiety
NCT05712057,OCD,OCD
NCT05712057,Eating Disorders,Eating disorders
NCT05712057,Obsessive-Compulsive Disorder,OCD
NCT06966401,Major Depressive Disorder,Depression
NCT03999112,Schizophrenia,Schizophrenia & psychosis
NCT05908981,"Anxiety, Dental",Anxiety
NCT04406181,Anxiety and Fear,Anxiety
NCT04406181,Anxiety Depression,Depression
NCT01411774,Obsessive-compulsive Disorder,OCD
NCT03661580,Depression,Depression
NCT03661580,Substance Use Disorders,Substance use
NCT01923896,Specific Phobia,Anxiety
NCT02723188,Anxiety,Anxiety
NCT05148169,Major Depressive Disorder,Depression
NCT05018169,Depression,Depression
NCT03764683,Bipolar Disorder,Bipolar disorder
NCT02904083,Bipolar Disorders,Bipolar disorder
NCT01200641,Anxiety,Anxiety
NCT01958541,Depression,Depression
NCT06397105,PTSD,PTSD
NCT02887794,Schizophrenia,Schizophrenia & psychosis
NCT02861066,Anxiety,Anxiety
NCT02861066,Depression,Depression
NCT05595356,Treatment Resistant Depression,Depression
NCT02960451,Clinical High Risk Syndrome for Psychosis,Schizophrenia & psychosis
NCT05877937,Anxiety,Anxiety
NCT04228939,Anorexia Nervosa,Eating disorders
NCT06961877,Cannabis Use,Substance use
NCT04986475,Anxiety,Anxiety
NCT04410575,Major Depressive Disorder,Depression
NCT04410575,Generalized Anxiety Disorder,Anxiety
NCT03450239,Anorexia Nervosa in Remission (Disorder),Eating disorders
NCT03140839,Social Anxiety,Anxiety
NCT02573701,Schizophrenia,Schizophrenia & psychosis
NCT04245319,Depression,Depression
NCT01655030,Bipolar I Disorder,Bipolar disorder
NCT01655030,Current Episode Depressed,Depression
NCT01809067,Anxiety,Anxiety
NCT06551467,Anxiety,Anxiety
NCT06551467,Depression,Depression
NCT07851467,Anxiety,Anxiety
NCT07851467,Depression,Depression
NCT04990492,General Anxiety Disorder,Anxiety
NCT01844492,Anxiety,Anxiety
NCT01844492,Depression,Depression
NCT06651411,Symptoms of Depression and Anxiety,Depression
NCT04430309,Schizophrenia,Schizophrenia & psychosis
NCT01234298,Negative Symptoms of Schizophrenia,Schizophrenia & psychosis
NCT02438163,Depression,Depression
NCT04007666,Substance Use Disorders,Substance use
NCT04007666,Alcohol Abuse,Substance use
NCT04007666,Posttraumatic Stress Disorder,PTSD
NCT04007666,PTSD,PTSD
NCT04007666,Depression,Depression
NCT00952653,Major Depressive Disorder,Depression
NCT06036472,Depression,Depression
NCT02189057,Depression,Depression
NCT02189057,Bipolar,Bipolar disorder
NCT07056101,Dental Phobia,Anxiety
NCT02329119,Schizophrenia,Schizophrenia & psychosis
NCT05434130,"Depression, Anxiety",Depression
NCT01109030,Major Depressive Disorder,Depression
NCT03894592,Opioid Use,Substance use
NCT03894592,Anxiety,Anxiety
NCT04128644,Depression,Depression
NCT02842034,Schizophrenia,Schizophrenia & psychosis
NCT06784934,Anxiety,Anxiety
NCT04143009,Perinatal Depression,Depression
NCT01368432,Major Depression,Depression
NCT01095263,Major Depression,Depression
NCT02670902,Substance Use Disorders,Substance use
NCT04922502,Obsessive-Compulsive Disorder in Children,OCD
NCT04922502,Social Anxiety Disorder of Childhood,Anxiety
NCT04922502,Obsessive-Compulsive Disorder in Adolescence,OCD
NCT04922502,Separation Anxiety,Anxiety
NCT04922502,Generalized Anxiety Disorder,Anxiety
NCT04922502,Panic Disorder,Anxiety
NCT04922502,Panic Attacks,Anxiety
NCT04922502,Panic With Agoraphobia,Anxiety
NCT03002753,Obsessive-Compulsive Disorder,OCD
NCT04800237,Performance Anxiety,Anxiety
NCT05790239,Post Traumatic Stress Disorder,PTSD
NCT05804877,Depression in Adolescence,Depression
NCT02976077,Schizophrenia,Schizophrenia & psychosis
NCT03074812,Depression,Depression
NCT05422612,Post Traumatic Stress Disorder,PTSD
NCT03310281,Major Depressive Disorder,Depression
NCT03659630,Mild Depression,Depression
NCT03659630,Anxiety State,Anxiety
NCT05956600,"Schizophrenia, Treatment-Resistant",Schizophrenia & psychosis
NCT00998400,Depression,Depression
NCT04845100,Social Anxiety,Anxiety
NCT02948036,Major Depressive Disorder,Depression
NCT02862236,Subclinical Anxious Adults,Anxiety
NCT04982211,Post Traumatic Stress Disorder,PTSD
NCT04982211,Acute Stress Disorder,PTSD
NCT04935671,Depression,Depression
NCT05663034,Depression,Depression
NCT05663034,Post-traumatic Stress,PTSD
NCT05501834,Anxiety,Anxiety
NCT02488109,Anorexia Nervosa,Eating disorders
NCT05310695,Anxiety Disorders,Anxiety
NCT05310695,Depression,Depression
NCT04032795,Subthreshold Depression,Depression
NCT04032795,Depressive Symptoms,Depression
NCT04032795,Anxious Symptoms,Anxiety
NCT07196501,Major Depressive Disorder,Depression
NCT06490965,Obsessive-Compulsive Disorder,OCD
NCT01615367,Bipolar Disorder,Bipolar disorder
NCT03775200,Treatment Resistant Depression,Depression
NCT01460407,"Depressive Disorder, Major",Depression
NCT02958007,Psychotic Disorder,Schizophrenia & psychosis
NCT07023692,Anxiety,Anxiety
NCT03063736,Substance Use Disorders,Substance use
NCT04181736,Major Depressive Disorder,Depression
NCT05543044,Eating Disorders,Eating disorders
NCT04478032,Deep Transcranial Magnetic Stimulation for the Treatment of Treatment Resistance Schizophrenia,Schizophrenia & psychosis
NCT05399498,Major Depressive Disorder,Depression
NCT01583998,Major Depressive Disorder,Depression
NCT02455193,Schizophrenia,Schizophrenia & psychosis
NCT01600456,Posttraumatic Stress Disorder,PTSD
NCT03055351,Substance Use Disorder,Substance use
NCT04199845,Major Depressive Disorder,Depression
NCT06821945,Schizophrenia,Schizophrenia & psychosis
NCT05697172,Major Depressive Disorder,Depression
NCT05374395,Substance Use Disorders,Substance use
NCT06923995,Depression Disorders,Depression
NCT06923995,Anxiety Disorders,Anxiety
NCT05147077,Anxiety,Anxiety
NCT04550377,Post Traumatic Stress Disorder,PTSD
NCT02119975,Major Depression,Depression
NCT02119975,Anxiety Disorder,Anxiety
NCT06949657,Schizophrenia Disorders,Schizophrenia & psychosis
NCT07193901,Major Depressive Disorder (MDD,Depression
NCT03039192,"Depressive Disorder, Major",Depression
NCT05732311,Depression,Depression
NCT01907464,Patients With Anorexia Nervosa,Eating disorders
NCT05407064,Anxiety Generalized,Anxiety
NCT02459509,"Anxiety, Separation",Anxiety
NCT06991309,"Depression, Anxiety",Depression
NCT02192099,Major Depressive Disorder,Depression
NCT01083628,Depression,Depression
NCT06234228,Anxiety,Anxiety
NCT05702736,Depression,Depression
NCT03693911,High Risk for Eating Disorder,Eating disorders
NCT03693911,Eating Disorders in Adolescence,Eating disorders
NCT02667834,Schizophrenia,Schizophrenia & psychosis
NCT03854409,Schizophrenia,Schizophrenia & psychosis
NCT03854409,Bipolar I Disorder,Bipolar disorder
NCT04437498,PTSD,PTSD
NCT01382433,Chronic Cannabis Users,Substance use
NCT04996433,Persistent Depressive Disorder,Depression
NCT04996433,Treatment-resistant Depression,Depression
NCT07521033,Anxiety,Anxiety
NCT07190352,SCHIZOPHRENIA 1 (Disorder),Schizophrenia & psychosis
NCT05728138,"Self Harm, First Episode Psychosis",Schizophrenia & psychosis
NCT05376358,Depression in Adolescence,Depression
NCT06197048,Schizophrenia,Schizophrenia & psychosis
NCT06197048,Psychosis,Schizophrenia & psychosis
NCT06197048,Bipolar Disorder,Bipolar disorder
NCT01849367,Depression,Depression
NCT05904392,Anxiety and Fear,Anxiety
NCT03954392,Depression,Depression
NCT01282736,Binge Eating Disorder,Eating disorders
NCT01981811,Bipolar 1 Disorder,Bipolar disorder
NCT01981811,Schizophrenia,Schizophrenia & psychosis
NCT05693571,Depression,Depression
NCT01854944,Schizophrenia,Schizophrenia & psychosis
NCT03160664,"Bipolar Disorder, Manic",Bipolar disorder
NCT06590298,Psychosis,Schizophrenia & psychosis
NCT04302493,Depression,Depression
NCT06470516,Schizophrenia,Schizophrenia & psychosis
NCT01707706,Depression,Depression
NCT04556747,Anxiety,Anxiety
NCT06587919,Ptsd,PTSD
NCT02677207,Depression,Depression
NCT07145307,Anxiety Disorders,Anxiety
NCT05196971,Treatment Resistant Depressive Disorder,Depression
NCT05685771,Depression,Depression
NCT02524899,Schizotypal Personality Disorder,Schizophrenia & psychosis
NCT06125899,Depression in Old Age,Depression
NCT02378714,Nicotine Dependence,Substance use
NCT02378714,Major Depressive Disorder,Depression
NCT03797716,Anxiety Acute,Anxiety
NCT03797716,Anxiety Fear,Anxiety
NCT06888284,Depression,Depression
NCT06392100,Anxiety,Anxiety
NCT06392100,Depression,Depression
NCT06231407,Schizophrenia and Related Disorders,Schizophrenia & psychosis
NCT01614912,Schizophrenia,Schizophrenia & psychosis
NCT05379881,Depression,Depression
NCT05379881,Anxiety,Anxiety
NCT05155930,PTSD,PTSD
NCT05155930,Depression,Depression
NCT04384965,Major Depressive Disorder,Depression
NCT05561192,Depressive Symptoms,Depression
NCT05561192,Anxiety Symptoms,Anxiety
NCT02069392,Schizophrenia,Schizophrenia & psychosis
NCT02069392,Schizoaffective Disorder,Schizophrenia & psychosis
NCT01431092,Schizophrenia,Schizophrenia & psychosis
NCT01431092,Schizoaffective Disorder,Schizophrenia & psychosis
NCT01431092,Bipolar Affective Disorder,Bipolar disorder
NCT04804800,Anorexia Nervosa,Eating disorders
NCT04804800,Dysmorphophobia,Anxiety
NCT03093467,Depression,Depression
NCT01190267,"Schizophrenia, Paranoid",Schizophrenia & psychosis
NCT01190267,"Schizophrenia, Disorganized",Schizophrenia & psychosis
NCT01190267,"Schizophrenia, Undifferentiated",Schizophrenia & psychosis
NCT06981000,Anxiety,Anxiety
NCT06981000,Anxiety Disorders,Anxiety
NCT06981000,Depression - Major Depressive Disorder,Depression
NCT06981000,Depressive Disorder,Depression
NCT03721900,Major Depressive Disorder,Depression
NCT05229107,Anxiety,Anxiety
NCT03800901,Depression,Depression
NCT04763330,Depressive Disorder,Depression
NCT04763330,Anxiety Disorders,Anxiety
NCT04763330,Post Traumatic Stress Disorder,PTSD
NCT07849192,Anxiety,Anxiety
NCT04560192,Depressive Disorder,Depression
NCT04560192,Depression,Depression
NCT03143634,Major Depressive Disorder,Depression
NCT03143634,Generalized Anxiety Disorder,Anxiety
NCT03143634,Posttraumatic Stress Disorder,PTSD
NCT03143634,Social Anxiety Disorder,Anxiety
NCT03143634,Panic Disorder,Anxiety
NCT03143634,Agoraphobia,Anxiety
NCT03143634,Obsessive-Compulsive Disorder,OCD
NCT03143634,Illness Anxiety Disorder,Anxiety
NCT07408934,Schizophrenia and Schizoaffective Disorder,Schizophrenia & psychosis
NCT02317744,Binge Eating Disorder,Eating disorders
NCT06861400,Post Traumatic Stress Disorder PTSD,PTSD
NCT06861400,Anxiety,Anxiety
NCT06861400,Depression,Depression
NCT06941571,Anxiety,Anxiety
NCT04233671,Opioid-use Disorder,Substance use
NCT04233671,Substance Use Disorders,Substance use
NCT05756634,Depression,Depression
NCT06983834,Bipolar Disorder,Bipolar disorder
NCT04753164,Binge-Eating Disorder,Eating disorders
NCT05544071,Major Depressive Disorder,Depression
NCT05865834,Depression in Adolescence,Depression
NCT05865834,Anxiety Disorders,Anxiety
NCT01199107,Post-Traumatic Stress Disorder,PTSD
NCT03100981,Anxiety Depression,Depression
NCT05487911,Major Depressive Disorder,Depression
NCT01995864,Schizophrenia,Schizophrenia & psychosis
NCT01995864,Psychotic Disorder,Schizophrenia & psychosis
NCT06698471,Depression - Major Depressive Disorder,Depression
NCT06698471,Generalized Anxiety Disorder (GAD),Anxiety
NCT04977271,Depressive Disorder,Depression
NCT01285284,Anxiety,Anxiety
NCT06421233,Anxiety,Anxiety
NCT05051449,Opioid Use Disorder,Substance use
NCT05051449,Depressive Disorder,Depression
NCT05700578,PTSD,PTSD
NCT06803043,Post Traumatic Stress Disorder,PTSD
NCT05280015,Depression,Depression
NCT05280015,Depressive Disorder,Depression
NCT05280015,"Depressive Disorder, Major",Depression
NCT06878976,Binge-Eating Disorder,Eating disorders
NCT03909217,Mild-to-moderate Depression,Depression
NCT01441440,Major Depressive Disorder,Depression
NCT06936540,Anxiety,Anxiety
NCT07251218,Eco-anxiety,Anxiety
NCT07251218,PTSD - Post Traumatic Stress Disorder,PTSD
NCT07251218,Anxiety,Anxiety
NCT04926090,"Depression, Anxiety",Depression
NCT06449690,Depression,Depression
NCT06302010,Anxiety,Anxiety
NCT03547713,Social Anxiety,Anxiety
NCT02940613,Bulimia Nervosa,Eating disorders
NCT02940613,Binge Eating Disorder,Eating disorders
NCT05557760,Major Depression in Remission,Depression
NCT05168020,Social Anxiety,Anxiety
NCT02207582,Depression,Depression
NCT03953924,Depression,Depression
NCT04245423,Opioid-use Disorder,Substance use
NCT06223880,Major Depressive Disorder,Depression
NCT06735079,Major Depressive Disorder (MDD),Depression
NCT05200962,Schizophrenia,Schizophrenia & psychosis
NCT01402206,Depression,Depression
NCT05441033,Prenatal Anxiety,Anxiety
NCT01920685,Paranoia in People With Schizophrenia-spectrum Diagnosis,Schizophrenia & psychosis
NCT03887715,Treatment Resistant Depression,Depression
NCT05066308,Depressive Symptoms,Depression
NCT05355025,Depression,Depression
NCT03134950,Anxiety,Anxiety
NCT01404091,Depression,Depression
NCT07098390,"Arthoplasty, Pain, Anxiety",Anxiety
NCT05036720,Depression,Depression
NCT05809882,Chronic Schizophrenia,Schizophrenia & psychosis
NCT05832424,Perinatal Depression,Depression
NCT05832424,Perinatal Anxiety,Anxiety
NCT05832424,Substance Use,Substance use
NCT05178680,Anxiety,Anxiety
NCT04582396,PTSD,PTSD
NCT04582396,Anxiety and Fear,Anxiety
NCT02934932,Post Traumatic Stress Disorder,PTSD
NCT03172533,Anorexia Nervosa,Eating disorders
NCT01436643,Depression,Depression
NCT07122843,Pain and Anxiety,Anxiety
NCT06423417,Depression,Depression
NCT06423417,Anxiety,Anxiety
NCT07191340,Depression,Depression
NCT01566318,Major Depression,Depression
NCT01566318,Anxiety Disorder,Anxiety
NCT04211818,Bulimia,Eating disorders
NCT04211818,Binge Eating,Eating disorders
NCT04268797,Schizophrenia,Schizophrenia & psychosis
NCT03820297,Anxiety Disorders,Anxiety
NCT07261410,Anxiety State,Anxiety
NCT05352113,Major Depressive Disorder,Depression
NCT06273982,"Depression, Anxiety",Depression
NCT02530164,Major Depressive Disorder,Depression
NCT02530164,Unipolar Depression,Depression
NCT02530164,Depression,Depression
NCT07225049,PTSD,PTSD
NCT04317755,Eating Disorder Symptom,Eating disorders
NCT06891326,Depression Disorders,Depression
NCT02282085,Schizophrenia,Schizophrenia & psychosis
NCT02797808,OCD,OCD
NCT01663025,Anxiety,Anxiety
NCT03624868,PTSD,PTSD
NCT04273191,Postpartum Depression,Depression
NCT05299190,Anxiety Depression,Depression
NCT02801513,Major Depressive Disorder,Depression
NCT05275413,Postnatal Depression,Depression
NCT04468360,Post Traumatic Stress Disorder,PTSD
NCT04367636,Anxiety,Anxiety
NCT04367636,Depressive Symptoms,Depression
NCT05511909,Opioid Use Disorder,Substance use
NCT05511909,Opioid Withdrawal,Substance use
NCT05511909,Opioid Craving,Substance use
NCT05511909,Anxiety,Anxiety
NCT03609515,Psychoses,Schizophrenia & psychosis
NCT01470508,Bulimia Nervosa,Eating disorders
NCT01470508,Binge Eating Disorder,Eating disorders
NCT01470508,Eating Disorder Not Otherwise Specified,Eating disorders
NCT06101225,Anxiety,Anxiety
NCT04116489,"Stress Disorders, Post-Traumatic",PTSD
NCT01574118,Chronic Posttraumatic Stress Disorder,PTSD
NCT05621018,Eating Disorders,Eating disorders
NCT05964790,Schizophrenia,Schizophrenia & psychosis
NCT06136390,Schizophrenia Spectrum Disorders,Schizophrenia & psychosis
NCT04424810,Anxiety,Anxiety
NCT04670510,Depression in Old Age,Depression
NCT05603260,Psychosis,Schizophrenia & psychosis
NCT05506644,Anxiety,Anxiety
NCT05506644,Depression,Depression
NCT05423444,PTSD,PTSD
NCT01492309,Major Depressive Disorder,Depression
NCT01838798,"Stress Disorders, Post-Traumatic",PTSD
NCT01838798,Depression,Depression
NCT05877716,Psychosis,Schizophrenia & psychosis
NCT05877716,Psychosis Nos/Other,Schizophrenia & psychosis
NCT05877716,Schizophrenia,Schizophrenia & psychosis
NCT05877716,Schizo Affective Disorder,Schizophrenia & psychosis
NCT05877716,Schizoaffective Disorder,Schizophrenia & psychosis
NCT05877716,Prodromal Schizophrenia,Schizophrenia & psychosis
NCT05877716,Schizophrenia Spectrum and Other Psychotic Disorders,Schizophrenia & psychosis
NCT05877716,Schizophreniform Disorders,Schizophrenia & psychosis
NCT05877716,Major Depression With Psychotic Features,Depression
NCT05877716,Unspecified Psychosis,Schizophrenia & psychosis
NCT05877716,Bipolar Disorder,Bipolar disorder
NCT02933684,Social Anxiety Disorder,Anxiety
NCT06494384,Depression,Depression
NCT06802952,Clinical High-risk Syndrome of Psychosis,Schizophrenia & psychosis
NCT06000449,Perinatal Depression,Depression
NCT03217058,Substance Use Disorders,Substance use
NCT03217058,Depression,Depression
NCT03217058,Anxiety,Anxiety
NCT06526585,Anxiety,Anxiety
NCT07038876,Schizophrenia,Schizophrenia & psychosis
NCT05010317,Adjustment Reaction With Anxiety and Depression,Depression
NCT06446089,Perinatal Depression,Depression
NCT04298450,First Episode Psychosis,Schizophrenia & psychosis
NCT04298450,Psychosis,Schizophrenia & psychosis
NCT04298450,Psychotic Episode,Schizophrenia & psychosis
NCT04298450,"Psychoses, Affective",Schizophrenia & psychosis
NCT04298450,Bipolar Disorder,Bipolar disorder
NCT04298450,Depressive Psychosis,Depression
NCT04298450,Schizoaffective Disorder,Schizophrenia & psychosis
NCT04298450,Schizophreniform Disorders,Schizophrenia & psychosis
NCT04298450,Schizophrenia,Schizophrenia & psychosis
NCT04298450,Schizophrenia Spectrum and Other Psychotic Disorders,Schizophrenia & psychosis
NCT04298450,Substance Induced Psychoses,Schizophrenia & psychosis
NCT05759091,Schizophrenia; Psychosis,Schizophrenia & psychosis
NCT03052374,Post Partum Depression,Depression
NCT03079297,Major Depressive Disorder,Depression
NCT05859698,Schizophrenia,Schizophrenia & psychosis
NCT05859698,Schizoaffective Disorder,Schizophrenia & psychosis
NCT05859698,Bipolar Disorder,Bipolar disorder
NCT05859698,Major Depressive Disorder,Depression
NCT06413849,Depressive Symptoms,Depression
NCT02476058,Major Depressive Disorder,Depression
NCT02242955,Alcoholism,Substance use
NCT03749278,Depression,Depression
NCT03749278,Anxiety,Anxiety
NCT02591485,PTSD,PTSD
NCT07002385,Depression Anxiety Disorder,Depression
NCT02378415,Acute Depression,Depression
NCT01389908,Schizophrenia,Schizophrenia & psychosis
NCT01389908,Schizoaffective Disorders,Schizophrenia & psychosis
NCT04469608,Major Depressive Disorder,Depression
NCT01443208,Major Depressive Disorder,Depression
NCT04020289,Bipolar Disorder,Bipolar disorder
NCT03150771,Schizophrenia,Schizophrenia & psychosis
NCT04688164,Major Depressive Disorder,Depression
NCT01725932,Depression,Depression
NCT05880498,Anxiety,Anxiety
NCT03290963,Treatment Resistant Depression,Depression
NCT06071858,Psychosis,Schizophrenia & psychosis
NCT06071858,Schizophrenia,Schizophrenia & psychosis
NCT06071858,Schizoaffective Disorder,Schizophrenia & psychosis
NCT06071858,Psychosis Nos/Other,Schizophrenia & psychosis
NCT06071858,Bipolar Disorder,Bipolar disorder
NCT01493726,Schizophrenia,Schizophrenia & psychosis
NCT02395978,Major Depressive Disorder,Depression
NCT02978326,Postpartum Depression,Depression
NCT03133143,Schizophrenia and Disorders With Psychotic Features,Schizophrenia & psychosis
NCT03065335,Major Depressive Disorder,Depression
NCT03065335,Depression,Depression
NCT02771535,Unipolar Depression,Depression
NCT03118193,Depression,Depression
NCT05283187,"Depression, Anxiety",Depression
NCT06972563,Generalized Anxiety Disorder,Anxiety
NCT04325087,Post Traumatic Stress Disorder,PTSD
NCT05389787,Schizophrenia,Schizophrenia & psychosis
NCT04857593,Postnatal Depression,Depression
NCT03175887,Depression,Depression
NCT03175887,Treatment Resistant Depression,Depression
NCT06869187,Bipolar Disorder Depression,Depression
NCT04171193,"Depressive Disorder, Major",Depression
NCT04171193,Treatment Resistant Depression,Depression
NCT04171193,Depressive Episode,Depression
NCT03245593,Bipolar Disorder,Bipolar disorder
NCT04268316,Major Depressive Disorder,Depression
NCT04268316,MDD,Depression
NCT04268316,Depression,Depression
NCT06100406,Anxiety,Anxiety
NCT06100406,Anxiety Generalized,Anxiety
NCT06100406,Anxiety State,Anxiety
NCT04121884,Depressive Symptoms,Depression
NCT04121884,Alcohol Abuse,Substance use
NCT04121884,"Stress Disorders, Post-Traumatic",PTSD
NCT02096484,Generalized Anxiety Disorder,Anxiety
NCT06540833,Psychotic Disorders,Schizophrenia & psychosis
NCT02375152,Obsessive-Compulsive Disorder,OCD
NCT01304147,Major Depressive Disorder,Depression
NCT03481049,Schizophrenia,Schizophrenia & psychosis
NCT03481049,Bipolar Disorder,Bipolar disorder
NCT03481049,Major Depressive Disorder,Depression
NCT03481049,Alcohol Dependence,Substance use
NCT03207048,Bipolar Disorder,Bipolar disorder
NCT06318663,Posttraumatic Stress Symptom,PTSD
NCT06789887,Post Traumatic Stress Disorder,PTSD
NCT01607632,Posttraumatic Stress Disorder,PTSD
NCT04572087,Binge-Eating Disorder,Eating disorders
NCT04205487,Substance Use Disorders,Substance use
NCT03605693,PTSD,PTSD
NCT02226393,Post-Traumatic Stress Disorder in Children,PTSD
NCT02126787,Anxiety Disorders,Anxiety
NCT02126787,Depressive Disorders,Depression
NCT04849793,Anxiety,Anxiety
NCT04113993,Schizophrenia,Schizophrenia & psychosis
NCT04113993,Schizophreniform Disorders,Schizophrenia & psychosis
NCT04113993,Schizo Affective Disorder,Schizophrenia & psychosis
NCT06706687,Bipolar Disorder,Bipolar disorder
NCT01788436,Schizophrenia,Schizophrenia & psychosis
NCT07219264,Depression Anxiety Disorder,Depression
NCT01178671,Posttraumatic Stress Disorder,PTSD
NCT05759936,Menopausal Depression,Depression
NCT01031134,Depression,Depression
NCT07423832,PTSD - Post Traumatic Stress Disorder,PTSD
NCT07105098,Schizophrenia,Schizophrenia & psychosis
NCT01659736,Generalized Anxiety Disorder,Anxiety
NCT06197711,Anxiety,Anxiety
NCT06197711,Depression,Depression
NCT06133309,Depressive Disorder,Depression
NCT03880032,Postpartum Depression,Depression
NCT03880032,Anxiety,Anxiety
NCT03374644,Ventilatory Depression,Depression
NCT05325944,Depression,Depression
NCT05325944,Anxiety,Anxiety
NCT07109544,Anxiety,Anxiety
NCT04594434,Complex Post-Traumatic Stress Disorder,PTSD
NCT01814332,"Stress Disorders, Post-traumatic",PTSD
NCT05643898,Minor Depressive Disorder,Depression
NCT05643898,Major Depressive Disorder,Depression
NCT05643898,Post Partum Depression,Depression
NCT06508632,Anxiety,Anxiety
NCT03050632,Eating Disorders,Eating disorders
NCT02294409,Social Phobia,Anxiety
NCT02294409,Psychosis,Schizophrenia & psychosis
NCT06863909,Eating Disorder,Eating disorders
NCT06863909,Substance Use Disorder,Substance use
NCT01178632,Anxiety Disorders,Anxiety
NCT05795114,Perinatal Depression,Depression
NCT06740487,PTSD,PTSD
NCT06740487,Post Traumatic Stress Disorder,PTSD
NCT03408821,Late Life Depression,Depression
NCT04381104,Anxiety,Anxiety
NCT06450704,Major Depressive Disorder,Depression
NCT04035304,PTSD,PTSD
NCT03862209,Schizophrenia,Schizophrenia & psychosis
NCT03862209,Bipolar Disorder,Bipolar disorder
NCT03862209,Severe Depression,Depression
NCT03092609,Anxiety,Anxiety
NCT02136199,"Diabetes, Depression, Cardiovascular Disease,Hypercholesterolemia, Osteoporosis",Depression
NCT02075047,Bipolar Disorder,Bipolar disorder
NCT06420232,Food Neophobia,Anxiety
NCT06420232,Avoidant Restrictive Food Intake Disorder,Eating disorders
NCT06420232,Anxiety State,Anxiety
NCT03717493,Binge-Eating Disorder,Eating disorders
NCT01253421,Major Depressive Disorder (MDD),Depression
NCT05668416,Anxiety,Anxiety
NCT01568684,Depressive Disorder,Depression
NCT01568684,"Depressive Disorder, Major",Depression
NCT01568684,Depression,Depression
NCT06502509,Schizophrenia,Schizophrenia & psychosis
NCT03340909,Schizophrenia and Related Disorders,Schizophrenia & psychosis
NCT03340909,Psychosis,Schizophrenia & psychosis
NCT06574893,Schizophrenia,Schizophrenia & psychosis
NCT04780152,Major Depressive Disorder,Depression
NCT07121712,Generalized Anxiety Disorder,Anxiety
NCT06096207,Treatment Resistant Depression,Depression
NCT03275909,Chronic Schizophrenia,Schizophrenia & psychosis
NCT05495009,Anxiety,Anxiety
NCT01482221,Major Depressive Disorder,Depression
NCT01975207,Depression,Depression
NCT06080100,Anxiety,Anxiety
NCT01760681,Depression,Depression
NCT04370730,Schizophrenia,Schizophrenia & psychosis
NCT04370730,Psychotic Disorders,Schizophrenia & psychosis
NCT03509792,Post-traumatic Stress Disorders,PTSD
NCT03061136,Schizophrenia,Schizophrenia & psychosis
NCT03061136,Schizoaffective Disorder,Schizophrenia & psychosis
NCT03061136,Schizophreniform Disorder,Schizophrenia & psychosis
NCT03975400,Schizophrenia,Schizophrenia & psychosis
NCT03975400,First Episode Psychosis,Schizophrenia & psychosis
NCT06557200,Postnatal Depression,Depression
NCT02351843,Depression,Depression
NCT01337609,Major Depressive Disorder,Depression
NCT03608449,Anxiety Disorder,Anxiety
NCT02329548,Anxiety,Anxiety
NCT03030326,ANXIETY,Anxiety
NCT03169543,"Depression, Unipolar",Depression
NCT04143308,Schizophrenia,Schizophrenia & psychosis
NCT05357040,Major Depressive Disorder,Depression
NCT05357040,Treatment Resistant Depression,Depression
NCT01693874,Anxiety Disorders,Anxiety
NCT01693874,Depression,Depression
NCT02964897,Substance Use Disorder,Substance use
NCT02909660,Obsessive-Compulsive Disorder,OCD
NCT06846320,Generalized Anxiety Disorder (GAD),Anxiety
NCT04975724,Major Depressive Disorder,Depression
NCT02382003,Anxiety,Anxiety
NCT03913676,Anxiety,Anxiety
NCT03983291,Depression,Depression
NCT06545474,Major Depressive Disorder,Depression
NCT01555697,Schizophrenia,Schizophrenia & psychosis
NCT03498482,Posttraumatic Stress Disorder,PTSD
NCT05541523,"Depression, Anxiety",Depression
NCT06523023,"Stress Disorders, Post-Traumatic",PTSD
NCT01090180,Posttraumatic Stress Disorder,PTSD
NCT04929262,Anxiety Disorders,Anxiety
NCT04834427,"Depression, Anxiety",Depression
NCT03891186,Schizophrenia,Schizophrenia & psychosis
NCT07663916,Anxiety Disorders,Anxiety
NCT07663916,Depressive Disorders,Depression
NCT07663916,Eating Disorders,Eating disorders
NCT06458647,Anxiety,Anxiety
NCT05041647,"Depressive Disorder, Major",Depression
NCT05041647,Depression,Depression
NCT04105868,Depression,Depression
NCT01805479,Depression,Depression
NCT02766296,Posttraumatic Stress Disorder,PTSD
NCT07237217,Anxiety Depression,Depression
NCT03779789,Major Depressive Disorder,Depression
NCT04666974,Anxiety Disorders,Anxiety
NCT04666974,Depressive Disorder,Depression
NCT04666974,Post-Traumatic Stress Disorder,PTSD
NCT01928810,Panic Disorder,Anxiety
NCT01928810,Agoraphobia,Anxiety
NCT06500780,Depression,Depression
NCT04529746,Eating Disorder Symptom,Eating disorders
NCT01317303,Depression,Depression
NCT00285935,Major Depressive Disorder,Depression
NCT01178008,Post-partum Depression,Depression
NCT06123325,Anxiety Depression,Depression
NCT03310489,Anxiety,Anxiety
NCT01266590,Major Depressive Disorder,Depression
NCT01981759,Schizophrenia,Schizophrenia & psychosis
NCT01981759,Schizoaffective Disorder,Schizophrenia & psychosis
NCT05399446,Eating Disorders,Eating disorders
NCT05464888,Anxiety,Anxiety
NCT03692988,Depressive Disorder,Depression
NCT02986126,Depressive Symptoms,Depression
NCT04776226,Depression,Depression
NCT05743543,Post Traumatic Stress Disorder,PTSD
NCT01051440,Bipolar Depression,Depression
NCT06313918,Schizophrenia and Related Disorders,Schizophrenia & psychosis
NCT06313918,Bipolar Disorder,Bipolar disorder
NCT06110897,Major Depressive Disorder,Depression
NCT05155280,Anorexia Nervosa,Eating disorders
NCT03114891,Post Traumatic Stress Disorder,PTSD
NCT03114891,Major Depressive Disorder,Depression
NCT04961697,Anxiety,Anxiety
NCT04961697,Depression,Depression
NCT04961697,"Stress Disorders, Post-Traumatic",PTSD
NCT04914923,Obsessive-Compulsive Disorder,OCD
NCT07188623,Depression - Major Depressive Disorder,Depression
NCT06360562,Anxiety Disorders,Anxiety
NCT06360562,Psychotic Disorders,Schizophrenia & psychosis
NCT04841603,Anxiety,Anxiety
NCT04841603,Depressive Symptoms,Depression
NCT04841603,Anxiety and Fear,Anxiety
NCT04841603,Anxiety State,Anxiety
NCT06843824,Depression/Anxiety Symptoms,Depression
NCT06423027,Depression,Depression
NCT06423027,Anxiety,Anxiety
NCT01169142,Schizophrenia,Schizophrenia & psychosis
NCT01169142,Schizoaffective Disorder,Schizophrenia & psychosis
NCT07300969,Major Depressive Disorder (MDD),Depression
NCT05418894,Treatment Resistant Depression,Depression
NCT06791876,"Depression, Anxiety",Depression
NCT07496268,Death Anxiety,Anxiety
NCT06789250,Alcohol Use Disorders,Substance use
NCT06789250,Depressive Disorders,Depression
NCT06789250,Anxiety Disorder/Anxiety State,Anxiety
NCT03917550,Depression,Depression
NCT03917550,Dysthymic Disorder,Depression
NCT03917550,Panic Disorder,Anxiety
NCT03917550,Social Phobia,Anxiety
NCT03917550,Generalized Anxiety Disorder,Anxiety
NCT03917550,Specific Phobia,Anxiety
NCT06637891,Post Partum Depression,Depression
NCT06637891,"Depression, Anxiety",Depression
NCT02567890,Eating Disorders,Eating disorders
NCT03391297,Posttraumatic Stress Disorder,PTSD
NCT05991713,Anhedonia,Depression
NCT05991713,Depression,Depression
NCT06892613,Depression Anxiety Disorder,Depression
NCT06892613,Anxiety,Anxiety
NCT02119923,Major Depression,Depression
NCT02119923,Anxiety Disorder,Anxiety
NCT06345859,Major Depressive Disorder,Depression
NCT04106466,Major Depressive Disorder,Depression
NCT04106466,Treatment Resistant Depression,Depression
NCT06237556,Anxiety,Anxiety
NCT01624402,Depression,Depression
NCT06258031,Obsessive-Compulsive Disorder,OCD
NCT04761757,Depression,Depression
NCT04761757,Depressive Symptoms,Depression
NCT04761757,"Depressive Disorder, Major",Depression
NCT03047512,Depression,Depression
NCT04731181,Anxiety,Anxiety
NCT03418831,Schizophrenia,Schizophrenia & psychosis
NCT04663672,Claustrophobia,Anxiety
NCT04663672,Obsessive-Compulsive Disorder,OCD
NCT04663672,Arachnophobia,Anxiety
NCT04654377,"Depression, Anxiety",Depression
NCT02262377,Depression,Depression
NCT07227181,Anxiety,Anxiety
NCT05475600,Anxiety,Anxiety
NCT05534867,Anxiety,Anxiety
NCT03408327,Schizophrenia,Schizophrenia & psychosis
NCT05035927,Binge Eating Disorder,Eating disorders
NCT01533402,Anxiety Disorders,Anxiety
NCT01185977,Major Depressive Disorder,Depression
NCT05913401,Treatment Resistant Depression,Depression
NCT02998502,Anxiety,Anxiety
NCT02998502,Panic Disorder,Anxiety
NCT06193772,Depression in Adolescence,Depression
NCT03470675,Postpartum Depression,Depression
NCT05555381,Anxiety,Anxiety
NCT03961581,Anxiety,Anxiety
NCT01948167,Depression,Depression
NCT05873569,Postpartum Depression,Depression
NCT05991154,Depression,Depression
NCT05991154,Anxiety,Anxiety
NCT03358056,Unipolar Depression,Depression
NCT03358056,Anxiety Disorders,Anxiety
NCT01946295,Schizophrenia,Schizophrenia & psychosis
NCT06501339,Clozapine Resistant Schizophrenia,Schizophrenia & psychosis
NCT06890819,"Clinical Decision-Making, Anxiety, Self-Confidence",Anxiety
NCT03954522,Acute Stress Disorder,PTSD
NCT03954522,Post Traumatic Stress Disorder,PTSD
NCT04388202,Major Depressive Disorder,Depression
NCT02442739,Depression,Depression
NCT03993457,Depression,Depression
NCT05644301,Major Depressive Disorder,Depression
NCT06836336,Generalized Anxiety Disorder (GAD),Anxiety
NCT02212041,Schizophrenia,Schizophrenia & psychosis
NCT02212041,Schizophreniform Disorder,Schizophrenia & psychosis
NCT02212041,Bipolar Disorder,Bipolar disorder
NCT06052137,Treatment Resistant Depression,Depression
NCT05941195,Substance Use Disorders,Substance use
NCT05941195,Addiction,Substance use
NCT01804257,Bipolar Disorder,Bipolar disorder
NCT01804257,Schizophrenia,Schizophrenia & psychosis
NCT03363919,Major Depressive Disorder,Depression
NCT06422728,Anxiety Disorders,Anxiety
NCT06422728,Social Anxiety Disorder,Anxiety
NCT06422728,Generalized Anxiety Disorder,Anxiety
NCT06422728,Panic Disorder,Anxiety
NCT06422728,Anxiety Disorder NOS,Anxiety
NCT06230029,Anxiety,Anxiety
NCT01366677,Anxiety,Anxiety
NCT01366677,Depression,Depression
NCT05628675,Depression,Depression
NCT03483701,Schizophrenia and Related Disorders,Schizophrenia & psychosis
NCT03483701,Psychotic Disorder,Schizophrenia & psychosis
NCT07515612,"Anxiety, Dental",Anxiety
NCT01823250,Substance Use Disorders,Substance use
NCT06189118,Older Age; Depression,Depression
NCT05622760,Anxiety,Anxiety
NCT06972420,Anxiety at Induction of Pediatric Anesthesia,Anxiety
NCT02519296,"Stress Disorders, Post-Traumatic",PTSD
NCT04240496,Schizophrenia,Schizophrenia & psychosis
NCT05688423,Substance Use Disorders,Substance use
NCT01506323,"Stress Disorders, Post-Traumatic",PTSD
NCT06236880,Major Depressive Disorder,Depression
NCT06247579,"Depression, Anxiety",Depression
NCT02797379,Anxiety,Anxiety
NCT02390076,Depression,Depression
NCT02062840,Major Depression,Depression
NCT05283382,Anxiety and Fear,Anxiety
NCT06596447,Obsessive Compulsive Disorder (OCD),OCD
NCT01985178,Eating Disorder,Eating disorders
NCT06276478,Dental Phobia,Anxiety
NCT06129435,Posttraumatic Stress Disorder,PTSD
NCT02792608,Depressive Symptoms,Depression
NCT01476540,Anorexia Nervosa,Eating disorders
NCT04168697,"Bipolar Affective Disorder, Currently in Remission",Bipolar disorder
NCT04168697,Bipolar Disorder I,Bipolar disorder
NCT04168697,Bipolar Disorder II,Bipolar disorder
NCT01098110,Schizophrenia,Schizophrenia & psychosis
NCT07172113,Depression Scale Score,Depression
NCT07672613,Post-traumatic Stress Disorder (PTSD),PTSD
NCT07672613,Acute Stress Disorder,PTSD
NCT07672613,Anxiety,Anxiety
NCT07672613,Depression,Depression
NCT05951660,Schizophrenia,Schizophrenia & psychosis
NCT05951660,Schizophrenia Spectrum and Other Psychotic Disorders,Schizophrenia & psychosis
NCT06263660,Depression,Depression
NCT01361555,Depression,Depression
NCT06207526,Psychotic Disorder,Schizophrenia & psychosis
NCT01443715,Major Depressive Disorder,Depression
NCT01443715,Dysthymia,Depression
NCT01882608,Major Depressive Disorder,Depression
NCT01882608,Bipolar Disorder,Bipolar disorder
NCT01882608,Dysthymia,Depression
NCT04712968,Unipolar Depression,Depression
NCT05387291,Anxiety,Anxiety
NCT03868774,Depression,Depression
NCT06986460,Bipolar Depression Depressed Phase,Depression
NCT05716555,"Depressive Disorder, Major",Depression
NCT05227625,Eating Disorders,Eating disorders
NCT03825640,Bipolar Disorder,Bipolar disorder
NCT01399450,Schizophrenia,Schizophrenia & psychosis
NCT05104697,Obsessive-Compulsive Disorder,OCD
NCT03279913,Depression,Depression
NCT06785623,Depression,Depression
NCT06785623,Cancer Patients and Depression and Suicide,Depression
NCT04265859,Depression,Depression
NCT06173752,Obsessive-Compulsive Disorder,OCD
NCT01508585,Eating Disorder,Eating disorders
NCT04553835,Schizophrenia,Schizophrenia & psychosis
NCT04553835,Psychosis,Schizophrenia & psychosis
NCT00948974,Social Anxiety Disorder,Anxiety
NCT05036590,Schizophrenia,Schizophrenia & psychosis
NCT03828760,Anxiety Acute,Anxiety
NCT04532008,Depressive Symptoms,Depression
NCT03565068,Schizophrenia,Schizophrenia & psychosis
NCT02879591,Schizophrenia,Schizophrenia & psychosis
NCT04093791,"Depression, Postpartum",Depression
NCT05722574,Depression,Depression
NCT03451513,Eating Disorder,Eating disorders
NCT03388489,Anxiety,Anxiety
NCT03388489,Depression,Depression
NCT03211468,Feeding and Eating Disorders,Eating disorders
NCT04345718,Substance Use Disorder,Substance use
NCT04345718,"Opioid Use Disorder, Moderate",Substance use
NCT04345718,"Opioid Use Disorder, Severe",Substance use
NCT04682197,Anxiety,Anxiety
NCT02174523,Schizophrenia,Schizophrenia & psychosis
NCT03855943,Obsessive-Compulsive Disorder,OCD
NCT02510508,Addiction,Substance use
NCT02510508,Substance Use Disorder,Substance use
NCT02510508,Alcohol Use Disorder,Substance use
NCT02510508,Substance- Related Disorder,Substance use
NCT05030350,Social Anxiety Disorder,Anxiety
NCT07207018,Post-traumatic Stress Disorder (PTSD),PTSD
NCT06655623,Depression,Depression
NCT06655623,Major Depressive Disorder,Depression
NCT06655623,Chronic Depression,Depression
NCT06655623,Treatment Resistant Depression,Depression
NCT06775379,Major Depressive Disorder,Depression
NCT03621488,Depression,Depression
NCT04852770,Posttraumatic Stress Disorder,PTSD
NCT03688373,Specific Phobia,Anxiety
NCT03045341,Binge-eating Disorder,Eating disorders
NCT02944994,Anxiety,Anxiety
NCT02944994,Depression,Depression
NCT04790162,Depression,Depression
NCT04790162,Anxiety,Anxiety
NCT07198594,Obsessive Compulsive Disorder (OCD),OCD
NCT07198594,Obsessive - Compulsive Disorder,OCD
NCT05917613,Complex Post-Traumatic Stress Disorder,PTSD
NCT04572659,Anxiety Depression,Depression
NCT06269146,Anxiety Disorders,Anxiety
NCT06269146,Anxiety,Anxiety
NCT06269146,Depression,Depression
NCT05041361,Major Depressive Disorder,Depression
NCT03990870,Social Anxiety,Anxiety
NCT04984070,"Depression, Anxiety",Depression
NCT06131866,Bipolar Disorder,Bipolar disorder
NCT03583450,Anxiety,Anxiety
NCT02658682,Major Depression,Depression
NCT03030482,Anxiety,Anxiety
NCT01131559,Bipolar,Bipolar disorder
NCT01131559,Depression,Depression
NCT02748486,Schizophrenia,Schizophrenia & psychosis
NCT02748486,Psychotic Disorders,Schizophrenia & psychosis
NCT05065450,Post Traumatic Stress Disorder,PTSD
NCT02134418,Schizophrenia,Schizophrenia & psychosis
NCT01789697,Anxiety,Anxiety
NCT04192097,Anxiety State,Anxiety
NCT07158060,Exam Anxiety,Anxiety
NCT04620759,Major Depressive Disorder,Depression
NCT04620759,Alcohol Use Disorder,Substance use
NCT03427580,Diagnosis of Schizophrenia Spectrum Disorders,Schizophrenia & psychosis
NCT04383496,"Stress Disorders, Post-Traumatic",PTSD
NCT05558527,Anxiety,Anxiety
NCT07238361,Anxiety,Anxiety
NCT04850573,"Stress Disorders, Post-Traumatic",PTSD
NCT05911269,Anxiety,Anxiety
NCT01885923,Relapse Schizophrenia,Schizophrenia & psychosis
NCT07145203,Anxiety,Anxiety
NCT05973786,Bipolar Depression,Depression
NCT07831135,Addiction Disorders,Substance use
NCT04816708,Anxiety,Anxiety
NCT04816708,Depressive Symptoms,Depression
NCT05686408,Depression,Depression
NCT05686408,Depressive Disorder,Depression
NCT05686408,Depressive Symptoms,Depression
NCT05686408,"Depressive Disorder, Major",Depression
NCT05686408,Depressive Episode,Depression
NCT05686408,Depression Severe,Depression
NCT03711513,Social Anxiety,Anxiety
NCT01804582,Bipolar Disorder,Bipolar disorder
NCT01804582,Psychotic Disorders,Schizophrenia & psychosis
NCT04682080,Anxiety,Anxiety
NCT04682080,Needle Phobia,Anxiety
NCT01446588,Anxiety,Anxiety
NCT01446588,Depression,Depression
NCT02816996,Anxiety,Anxiety
NCT04278027,Schizophrenia,Schizophrenia & psychosis
NCT02715986,Severe Depression,Depression
NCT05728086,Anxiety,Anxiety
NCT05728086,Depression,Depression
NCT03068286,Depression,Depression
NCT03068286,Anxiety,Anxiety
NCT04071886,MDD,Depression
NCT02608086,PTSD,PTSD
NCT03423680,"Depression, Bipolar",Depression
NCT04634396,Anxiety,Anxiety
NCT04634396,Anxiety Disorders and Symptoms,Anxiety
NCT06127342,PTSD,PTSD
NCT05442086,Anxiety State,Anxiety
NCT05441280,Post-traumatic Stress Disorder,PTSD
NCT04969562,Anxiety,Anxiety
NCT04969562,Depressive Symptoms,Depression
NCT07020962,Depression,Depression
NCT02461732,Posttraumatic Stress Disorder,PTSD
NCT02461732,Substance Dependence,Substance use
NCT02994433,"Depressive Disorder, Major",Depression
NCT02994433,"Depressive Disorder, Treatment-Resistant",Depression
NCT03697252,Schizophrenia,Schizophrenia & psychosis
NCT03684447,Treatment Resistant Depression,Depression
NCT06301555,Depression,Depression
NCT06301555,Anxiety,Anxiety
NCT04418115,"Depression, Anxiety",Depression
NCT02420015,Schizophrenia,Schizophrenia & psychosis
NCT06408025,Depressive Symptoms,Depression
NCT03735576,Late-life Depression,Depression
NCT03735576,Major Depressive Disorder,Depression
NCT03735576,Major Depressive Episode,Depression
NCT03735576,"Major Depressive Disorder, Recurrent",Depression
NCT06489834,Depression,Depression
NCT06453109,Opioid Use Disorder,Substance use
NCT06453109,Anxiety,Anxiety
NCT05480033,Anxiety,Anxiety
NCT05184738,Anorexia Nervosa,Eating disorders
NCT03397134,Negative Symptoms of Schizophrenia,Schizophrenia & psychosis
NCT01545999,Schizophrenia,Schizophrenia & psychosis
NCT03978832,Schizophrenia,Schizophrenia & psychosis
NCT06679114,Anxiety,Anxiety
NCT06679114,Depressive Symptoms Mild to Moderate in Severity,Depression
NCT04237155,Schizophrenia,Schizophrenia & psychosis
NCT03559426,Schizophrenia,Schizophrenia & psychosis
NCT03559426,Schizoaffective Disorder,Schizophrenia & psychosis
NCT03559426,Schizophreniform Disorders,Schizophrenia & psychosis
NCT07287878,Depression,Depression
NCT04693585,Post Partum Depression,Depression
NCT06444243,Alcohol Use Disorder,Substance use
NCT06444243,Alcohol Dependence,Substance use
NCT06444243,Depression,Depression
NCT06444243,Anxiety,Anxiety
NCT05512143,Post-traumatic Stress Disorder,PTSD
NCT04079309,Anxiety State,Anxiety
NCT01555814,Schizophrenia,Schizophrenia & psychosis
NCT01555814,Schizophreniform Disorder,Schizophrenia & psychosis
NCT01555814,Schizoaffective Disorder,Schizophrenia & psychosis
NCT05923021,Depression,Depression
NCT03629106,Cannabis Use Disorder,Substance use
NCT03629106,Bipolar Disorder,Bipolar disorder
NCT06265233,Obsessive-Compulsive Disorder,OCD
NCT05756855,Schizophrenia,Schizophrenia & psychosis
NCT05756855,Schizo Affective Disorder,Schizophrenia & psychosis
NCT05756855,Schizophreniform Disorders,Schizophrenia & psychosis
NCT05756855,Other Specified Schizophrenia Spectrum and Other Psychotic Disorder,Schizophrenia & psychosis
NCT05461885,Psychosis,Schizophrenia & psychosis
NCT06934135,Depression,Depression
NCT06934135,Depressive Disorder,Depression
NCT06934135,"Depressive Disorder, Major",Depression
NCT02389816,Major Depressive Disorder,Depression
NCT02148406,Depressive Symptoms,Depression
NCT05401838,Depression,Depression
NCT05401838,Anxiety,Anxiety
NCT05401838,PTSD,PTSD
NCT02510755,"Stress Disorders, Post-Traumatic",PTSD
NCT03198078,Schizophrenia,Schizophrenia & psychosis
NCT05671185,Schizophrenia and Related Disorders,Schizophrenia & psychosis
NCT01200615,Depression,Depression
NCT05523115,Anxiety,Anxiety
NCT04595344,Anxiety,Anxiety
NCT04876144,"Depression, Anxiety",Depression
NCT04559893,Opioid-use Disorder,Substance use
NCT04559893,Addiction,Substance use
NCT04559893,Depression,Depression
NCT04559893,Post-traumatic Stress Disorder,PTSD
NCT06654414,Depression,Depression
NCT06654414,Anxiety,Anxiety
NCT06654414,Nicotine Dependence,Substance use
NCT01450514,Chronic Schizophrenia,Schizophrenia & psychosis
NCT01450514,Schizoaffective Disorder,Schizophrenia & psychosis
NCT01886716,Anxiety Disorders,Anxiety
NCT03845504,Depression,Depression
NCT02699138,"Sleep Apnea, Obstructive; Post-Traumatic Stress Disorders",PTSD
NCT05345548,Schizophrenia,Schizophrenia & psychosis
NCT06063278,Bulimia Nervosa,Eating disorders
NCT05173285,Postpartum Depression,Depression
NCT04013464,"Depressive Disorder, Major",Depression
NCT03591198,Depressive Symptoms,Depression
NCT02188121,Schizophrenia,Schizophrenia & psychosis
NCT02188121,Schizoaffective Disorder,Schizophrenia & psychosis
NCT02188121,Bipolar Disorder,Bipolar disorder
NCT02188121,Major Depressive Disorder,Depression
NCT02188121,Psychosis NOS,Schizophrenia & psychosis
NCT05816304,Post Traumatic Stress Disorder,PTSD
NCT05816304,Anxiety Disorders,Anxiety
NCT05816304,Depression,Depression
NCT03966833,Mental Depression,Depression
NCT05687838,Anxiety,Anxiety
NCT03514355,Depressive Symptoms,Depression
NCT06956378,"Depression, Anxiety",Depression
NCT04942444,Anxiety,Anxiety
NCT04942444,Depression,Depression
NCT07325734,"CPTSD, Compelx Post-traumatic Stress Disorder",PTSD
NCT06606249,Depression,Depression
NCT06606249,Anxiety,Anxiety
NCT02018848,Obsessive-Compulsive Disorder,OCD
NCT05383248,Anhedonia,Depression
NCT05383248,Depression,Depression
NCT04033978,Schizophrenia,Schizophrenia & psychosis
NCT01884844,Bipolar Disorder,Bipolar disorder
NCT01884844,Bipolar Depression,Depression
NCT05344144,Anxiety,Anxiety
NCT06540664,Post-stroke Depression,Depression
NCT02334332,Anxiety,Anxiety
NCT06464432,Complex Post-Traumatic Stress Disorder,PTSD
NCT07237698,Anxiety Symptoms,Anxiety
NCT07237698,Depressive Symptoms,Depression
NCT01343563,Depression,Depression
NCT06687993,Anorexia Nervosa Restricting Type,Eating disorders
NCT04222816,Bipolar Affective Disorder,Bipolar disorder
NCT06718504,Anxiety,Anxiety
NCT07125404,Anxiety State,Anxiety
NCT05599126,Depression,Depression
NCT07554534,Anxiety,Anxiety
NCT07554534,Test Anxiety,Anxiety
NCT06788587,Methamphetamine Abuse,Substance use
NCT06788587,Methamphetamine-dependence,Substance use
NCT06788587,Addiction,Substance use
NCT06788587,Substance Abuse,Substance use
NCT06788587,Methamphetamine Use Disorder,Substance use
NCT03714204,Depression,Depression
NCT03188133,Schizophrenia,Schizophrenia & psychosis
NCT05859347,Cannabis Use Disorder,Substance use
NCT07618338,Schizophrenia Disorder,Schizophrenia & psychosis
NCT04464148,Post Traumatic Stress Disorder,PTSD
NCT04464148,Alcohol Use Disorder,Substance use
NCT05859204,"Depression, Anxiety",Depression
NCT06294184,Subthreshold Depression,Depression
NCT04422652,Major Depressive Disorder,Depression
NCT02466685,Bipolar Disorder,Bipolar disorder
NCT04737915,Acrophobia,Anxiety
NCT04737915,Specific Phobia,Anxiety
NCT04737915,Anxiety Disorder,Anxiety
NCT05436015,Anxiety,Anxiety
NCT05590078,Anxiety,Anxiety
NCT06341517,Schizophrenia; Psychosis,Schizophrenia & psychosis
NCT03821506,Major Depressive Disorder,Depression
NCT03340948,Depressive Symptoms,Depression
NCT05381155,Posttraumatic Stress Disorder,PTSD
NCT03689543,Perimenopause-Related Depression,Depression
NCT02667015,Other (or Unknown) Substance Use Disorders,Substance use
NCT01529515,Schizophrenia,Schizophrenia & psychosis
NCT07317908,Anxiety,Anxiety
NCT07317908,Depression,Depression
NCT02629068,Substance Use Disorders,Substance use
NCT04950868,Postpartum Depression,Depression
NCT04595084,Depression,Depression
NCT04595084,Anxiety,Anxiety
NCT04595084,Substance Use,Substance use
NCT04595084,"Alcohol Use, Unspecified",Substance use
NCT05038033,Anxiety,Anxiety
NCT05038033,Feeding and Eating Disorders,Eating disorders
NCT05562752,Anxiety,Anxiety
NCT01795547,Schizophrenia,Schizophrenia & psychosis
NCT02946255,Psychosis,Schizophrenia & psychosis
NCT05398276,Anxiety,Anxiety
NCT03985917,Anxiety,Anxiety
NCT03985917,Depression,Depression
NCT06133868,"Anxiety, Dental",Anxiety
NCT05932550,Post-stroke Depression,Depression
NCT06200155,"Depression, Anxiety",Depression
NCT06384755,Psychotic Disorders,Schizophrenia & psychosis
NCT06384755,Bipolar Disorder,Bipolar disorder
NCT05700435,Anxiety,Anxiety
NCT06733376,PTSD - Post Traumatic Stress Disorder,PTSD
NCT04125589,Binge-Eating Disorder,Eating disorders
NCT06665568,Depressive Symptoms Mild to Moderate in Severity,Depression
NCT06665568,Anxiety,Anxiety
NCT03964350,Central Nervous System Depression,Depression
NCT02778074,Depression,Depression
NCT02329418,Post Traumatic Stress Disorder,PTSD
NCT06751784,Mild to Moderate Depression,Depression
NCT01686438,Post-Traumatic Stress Disorders,PTSD
NCT05427708,Anxiety Disorders,Anxiety
NCT05427708,Generalized Anxiety Disorder,Anxiety
NCT05427708,Panic Disorder,Anxiety
NCT05427708,Agoraphobia,Anxiety
NCT05427708,Illness Anxiety Disorder,Anxiety
NCT05427708,Social Anxiety Disorder,Anxiety
NCT05427708,Posttraumatic Stress Disorder,PTSD
NCT05427708,Acute Stress Disorder,PTSD
NCT05427708,Adjustment Disorder With Anxious Mood,Anxiety
NCT04606485,Anxiety,Anxiety
NCT03427515,Anxiety,Anxiety
NCT01907035,Anxiety-depressive Patients Mild to Moderate,Depression
NCT06036108,Schizophrenia,Schizophrenia & psychosis
NCT01362543,Posttraumatic Stress Disorder,PTSD
NCT06650943,First Episode Psychosis (FEP),Schizophrenia & psychosis
NCT01774435,Schizophrenia,Schizophrenia & psychosis
NCT05703776,Depressive Symptoms,Depression
NCT01376076,Schizophrenia,Schizophrenia & psychosis
NCT06363968,PTSD,PTSD
NCT06363968,Posttraumatic Stress Disorder,PTSD
NCT04932018,Depression,Depression
NCT07272252,Postpartum Anxiety,Anxiety
NCT07272252,Postpartum Depression (PPD),Depression
NCT06715852,Anxiety,Anxiety
NCT04870255,"Depressive Disorder, Major",Depression
NCT04714255,Anxiety,Anxiety
NCT06180343,Anxiety,Anxiety
NCT06570525,Posttraumatic Stress Disorder,PTSD
NCT03621540,Schizophrenia,Schizophrenia & psychosis
NCT03733574,Major Depressive Disorder,Depression
NCT07255118,Anxiety,Anxiety
NCT06203418,Anorexia Nervosa,Eating disorders
NCT03503526,"Stress Disorders, Post-Traumatic",PTSD
NCT03909685,Anxiety,Anxiety
NCT03607708,Depression Anxiety Disorder,Depression
NCT02634476,Alcohol Dependence,Substance use
NCT04792476,First-episode Psychosis,Schizophrenia & psychosis
NCT04650217,Depressive Disorder,Depression
NCT06547489,Major Depressive Disorder,Depression
NCT06474689,Binge-Eating Disorder,Eating disorders
NCT04152850,"Depression, Anxiety",Depression
NCT02196090,Obsessive Compulsive Disorder,OCD
NCT06565936,Depression,Depression
NCT04366544,Depression,Depression
NCT05243264,Depression,Depression
NCT06877663,Anxiety,Anxiety
NCT05806463,"Depression, Postpartum",Depression
NCT05806463,"Anxiety, Postpartum",Anxiety
NCT06332963,Anorexia Nervosa,Eating disorders
NCT04004416,Schizophrenia,Schizophrenia & psychosis
NCT04004416,Bipolar Disorder,Bipolar disorder
NCT04004416,Psychosis,Schizophrenia & psychosis
NCT04004416,Schizophreniform Disorders,Schizophrenia & psychosis
NCT04004416,Schizo Affective Disorder,Schizophrenia & psychosis
NCT04004416,Major Depression With Psychotic Features,Depression
NCT07197138,Depressive Disorder,Depression
NCT04394455,Anxiety,Anxiety
NCT04394455,Depressive Symptoms,Depression
NCT04394455,Post Traumatic Stress Symptoms,PTSD
NCT06913270,Anxiety Acute,Anxiety
NCT05131256,Binge-Eating Disorder,Eating disorders
NCT03653351,Depressive Symptoms,Depression
NCT03653351,Anxiety,Anxiety
NCT06432322,Depression,Depression
NCT05039853,Post-traumatic Stress Disorder,PTSD
NCT06837337,Anxiety,Anxiety
NCT05934175,Post Traumatic Stress Disorder,PTSD
NCT04068857,Schizophrenia,Schizophrenia & psychosis
NCT04068857,Schizo Affective Disorder,Schizophrenia & psychosis
NCT03368469,Depressive Disorder,Depression
NCT06969105,Anxiety,Anxiety
NCT06741254,Anxiety,Anxiety
NCT07167654,Postpartum Depression,Depression
NCT07167654,Postpartum Depression (PPD),Depression
NCT01879722,Schizophrenia,Schizophrenia & psychosis
NCT05160129,Obsessive Compulsive Disorder (OCD),OCD
NCT03384329,Depression,Depression
NCT06000475,"Stress Disorders, Post-Traumatic",PTSD
NCT06465875,Anxiety,Anxiety
NCT06401070,Depression Symptoms,Depression
NCT03221270,Schizophrenia,Schizophrenia & psychosis
NCT03221270,Schizo Affective Disorder,Schizophrenia & psychosis
NCT04202770,Refractory Depression,Depression
NCT04202770,Anxiety Disorders,Anxiety
NCT07287254,Anxiety,Anxiety
NCT04824105,Anxiety Disorders,Anxiety
NCT05624931,Depression,Depression
NCT05624931,Posttraumatic Stress Disorder,PTSD
NCT07748845,Major Depressive Disorder (MDD),Depression
NCT07079839,Posttraumatic Stress Disorder (PTSD),PTSD
NCT05563857,Depression,Depression
NCT05563857,Anxiety,Anxiety
NCT05509257,Eating Disorders,Eating disorders
NCT05509257,Binge Eating,Eating disorders
NCT05509257,Purging (Eating Disorders),Eating disorders
NCT05509257,Bulimia Nervosa,Eating disorders
NCT05509257,"Anorexia Nervosa, Atypical",Eating disorders
NCT01211405,Posttraumatic Stress Disorder,PTSD
NCT07121166,Schizophrenia and Related Disorders,Schizophrenia & psychosis
NCT04400266,Depression,Depression
NCT03817502,Schizophrenia,Schizophrenia & psychosis
NCT06865937,Schizophenia Disorder,Schizophrenia & psychosis
NCT06865937,Schizoaffective Disorder,Schizophrenia & psychosis
NCT06463145,Situational Anxiety,Anxiety
NCT02656745,Nicotine Addiction,Substance use
NCT02656745,Drug Addiction,Substance use
NCT02656745,Drug Dependence,Substance use
NCT02656745,Substance Use Disorder,Substance use
NCT02656745,Tobacco Dependence,Substance use
NCT01509872,"Stress Disorders, Post-Traumatic",PTSD
NCT01509872,Depression,Depression
NCT01509872,Anxiety,Anxiety
NCT05187975,Post-stroke Depression,Depression
NCT03378570,Major Depressive Disorder,Depression
NCT03378570,Depression,Depression
NCT06030154,Alcohol Use Disorder,Substance use
NCT06030154,Anxiety,Anxiety
NCT06030154,Depression,Depression
NCT03158805,Bipolar Disorder,Bipolar disorder
NCT07175402,Depression/Anxiety,Depression
NCT03668457,Depressive Disorder,Depression
NCT06560957,Bipolar Depression,Depression
NCT06560957,Bipolar I Disorder,Bipolar disorder
NCT06560957,Bipolar II Disorder,Bipolar disorder
NCT05385783,Major Depressive Disorder,Depression
NCT06698445,Anxiety and Fear,Anxiety
NCT06794983,Substance Use History,Substance use
NCT06794983,Substance Use Disorder (SUD),Substance use
NCT04366531,Substance Use Disorder,Substance use
NCT03171753,Anxiety State,Anxiety
NCT04934553,Alcoholism,Substance use
NCT04934553,Substance-Related Disorders,Substance use
NCT04934553,Anxiety,Anxiety
NCT04934553,Depression,Depression
NCT02512445,Post-traumatic Stress Disorders,PTSD
NCT06600139,Depression,Depression
NCT06600139,Anxiety,Anxiety
NCT05260086,Depressive Episode,Depression
NCT05260086,Major Depressive Disorder,Depression
NCT03388554,Schizophrenia,Schizophrenia & psychosis
NCT03388554,Schizoaffective Disorder,Schizophrenia & psychosis
NCT05934305,Substance Use Disorders,Substance use
NCT04711694,Anxiety,Anxiety
NCT05703256,Major Depressive Disorder,Depression
NCT03636022,Anxiety,Anxiety
NCT03636022,Obsessive-Compulsive Disorder,OCD
NCT06789822,Depressive Disorder,Depression
NCT06789822,"Depressive Disorder, Major Depressive Disorder",Depression
NCT06789822,Depressive Disorder Not Otherwise Specified (NOS),Depression
NCT03500029,Depression,Depression
NCT02938845,Anxiety,Anxiety
NCT04815239,Bipolar Disorder,Bipolar disorder
NCT02421146,Chronic Schizophrenia,Schizophrenia & psychosis
NCT03244046,Posttraumatic Stress Disorder,PTSD
NCT03578003,Post-traumatic Stress Disorder,PTSD
NCT05961527,PTSD,PTSD
NCT03868761,PTSD,PTSD
NCT03868761,Anxiety,Anxiety
NCT02895269,Psychosis,Schizophrenia & psychosis
NCT02674529,Major Depressive Disorder,Depression
NCT05926531,Depression,Depression
NCT05926531,Anxiety,Anxiety
NCT04005053,Depression,Depression
NCT01670071,Schizophrenia,Schizophrenia & psychosis
NCT07269964,MDD,Depression
NCT07269964,Severe Depression,Depression
NCT07269964,Major Depressive Episode,Depression
NCT00532493,PTSD,PTSD
NCT07072559,Anxiety,Anxiety
NCT05730062,Depressive Disorder,Depression
NCT05730062,Anxiety Disorders,Anxiety
NCT06174662,Anxiety,Anxiety
NCT07168642,Substance Use Disorder,Substance use
NCT01617083,Obsessive Compulsive Disorder (OCD),OCD
NCT01640483,Major Depressive Disorder,Depression
NCT06502483,Anxiety,Anxiety
NCT06502483,Anxiety Disorders,Anxiety
NCT06502483,Depression,Depression
NCT06502483,Depressive Disorder,Depression
NCT06502483,"Depression, Anxiety",Depression
NCT05779241,Schizophrenia,Schizophrenia & psychosis
NCT05779241,Schizoaffective Disorder,Schizophrenia & psychosis
NCT04072354,Schizophrenia,Schizophrenia & psychosis
NCT01622166,Schizophrenia,Schizophrenia & psychosis
NCT01808651,Major Depressive Disorder,Depression
NCT07147829,Depression Anxiety Disorder,Depression
NCT03239210,Obsessive-Compulsive Disorder,OCD
NCT05308082,Depression in Old Age,Depression
NCT02149823,Schizotypal Personality Disorder,Schizophrenia & psychosis
NCT02149823,Schizophrenia,Schizophrenia & psychosis
NCT02149823,Schizoaffective Disorder,Schizophrenia & psychosis
NCT02149823,Bipolar Disorder,Bipolar disorder
NCT01414023,Obsessive Compulsive Disorder,OCD
NCT05687162,Depression,Depression
NCT05687162,Anxiety,Anxiety
NCT01919970,Generalized Anxiety Disorder,Anxiety
NCT01919970,Social Phobia,Anxiety
NCT01919970,Separation Anxiety Disorder,Anxiety
NCT01919970,Obsessive-compulsive Disorder,OCD
NCT01919970,Specific Phobia,Anxiety
NCT01347541,Posttraumatic Stress Disorder,PTSD
NCT04226794,Binge-Eating Disorder,Eating disorders
NCT02559466,Pharmacoresistant Depression,Depression
NCT02564588,Binge Eating Disorder,Eating disorders
NCT01725854,Posttraumatic Stress Disorder,PTSD
NCT05437705,Major Depressive Disorder,Depression
NCT05437705,Anxiety,Anxiety
NCT06956105,General Anxiety Disorder,Anxiety
NCT02210702,Postpartum Depressive Mood,Depression
NCT03490253,Depression,Depression
NCT06614842,Major Depression,Depression
NCT06614842,Generalized Anxiety,Anxiety
NCT06614842,"Stress Disorder, Post Traumatic",PTSD
NCT05906069,Obsessive-Compulsive Disorder,OCD
NCT06848322,Smartphone Addiction,Substance use
NCT01706731,Major Depressive Disorder,Depression
NCT05052853,Prodromal Schizophrenia,Schizophrenia & psychosis
NCT06417437,Depression,Depression
NCT06417437,Major Depressive Disorder,Depression
NCT06417437,Bipolar Depression,Depression
NCT01625845,Major Depressive Disorder,Depression
NCT01625845,Depression,Depression
NCT01625845,Depressive Symptoms,Depression
NCT06088303,"Stress Disorders, Post-Traumatic",PTSD
NCT06323486,"Depressive Disorder, Treatment-Resistant",Depression
NCT06996054,Depression,Depression
NCT02513654,Bipolar Disorder,Bipolar disorder
NCT06217705,Anxiety,Anxiety
NCT06217705,Depression,Depression
NCT04622202,Anxiety State,Anxiety
NCT01888653,Posttraumatic Stress Disorder (PTSD),PTSD
NCT05724680,Depression,Depression
NCT05779761,Anxiety,Anxiety
NCT05779761,Depression,Depression
NCT04639141,Anxiety,Anxiety
NCT01174394,Depression,Depression
NCT01735994,Eating Disorders,Eating disorders
NCT03776422,"Mental Health Issue (E.G., Depression, Psychosis, Personality Disorder, Substance Abuse)",Depression
NCT06675851,Major Depressive Disorder (MDD),Depression
NCT03623724,Major Depression,Depression
NCT06222346,Subthreshold Depression,Depression
NCT06325670,Binge-Eating Disorder,Eating disorders
NCT04126694,Bulimia Nervosa,Eating disorders
NCT04126694,Binge Eating,Eating disorders
NCT04431856,Anxiety,Anxiety
NCT04431856,Depression,Depression
NCT02004288,Anorexia Nervosa,Eating disorders
NCT03190161,Schizophrenia,Schizophrenia & psychosis
NCT03190161,Nicotine Dependence,Substance use
NCT06149429,Depression,Depression
NCT06149429,Anxiety,Anxiety
NCT07244653,Anxiety,Anxiety
NCT07015944,Major Depressive Disorder (MDD),Depression
NCT01421134,Major Depressive Disorder With Mixed Features,Depression
NCT03329287,Generalized Anxiety Disorder,Anxiety
NCT03329287,Major Depressive Disorder,Depression
NCT05180487,Opioid Misuse,Substance use
NCT05180487,Opioid Use Disorder,Substance use
NCT05180487,Depression,Depression
NCT03288506,Depression,Depression
NCT01128452,Depression,Depression
NCT03868358,Schizophrenia,Schizophrenia & psychosis
NCT04104542,Depression,Depression
NCT01751386,Alcoholism,Substance use
NCT01751386,Alcohol Dependence,Substance use
NCT01751386,Anxiety Disorder,Anxiety
NCT02667366,Depression,Depression
NCT06865066,Anxiety,Anxiety
NCT06865066,Depressive/Anxiety Symptoms,Depression
NCT02841956,Psychotic Disorders,Schizophrenia & psychosis
NCT04797351,Bipolar Disorder,Bipolar disorder
NCT04452175,Schizophrenia Spectrum and Other Psychotic Disorders,Schizophrenia & psychosis
NCT03554512,Anxiety,Anxiety
NCT01532219,Depression,Depression
NCT01532219,Anxiety,Anxiety
NCT06630065,Depressive Disorder,Depression
NCT02810964,Schizophrenia,Schizophrenia & psychosis
NCT02810964,Schizoaffective Disorder,Schizophrenia & psychosis
NCT07647809,Postpartum Depression,Depression
NCT05816564,Depression,Depression
NCT02419131,Post-traumatic Headache,PTSD
NCT02419131,PTSD,PTSD
NCT05389345,Schizophrenia,Schizophrenia & psychosis
NCT05389345,Schizophrenia Spectrum Disorder,Schizophrenia & psychosis
NCT05389345,Schizophrenia and Related Disorders,Schizophrenia & psychosis
NCT01672372,Depression,Depression
NCT06077175,Anxiety,Anxiety
NCT06138730,Depressive Symptoms,Depression
NCT06138730,Anxiety Disorders and Symptoms,Anxiety
NCT06894836,Depression Anxiety Disorder,Depression
NCT07226011,Major Depression,Depression
NCT07226011,Major Depression Disorders,Depression
NCT02111811,Depression,Depression
NCT06036511,PTSD,PTSD
NCT07299045,Anxiety Disorders,Anxiety
NCT02769312,Chronic Post-Traumatic Stress Disorder,PTSD
NCT04687228,Eating Disorder Symptom,Eating disorders
NCT04687228,Eating Disorders,Eating disorders
NCT03424967,Social Anxiety Disorder,Anxiety
NCT04243967,Anxiety,Anxiety
NCT04691167,Substance Use Disorders,Substance use
NCT03257592,Schizophrenia,Schizophrenia & psychosis
NCT03257592,Bipolar Disorder,Bipolar disorder
NCT06136481,Post Traumatic Stress Disorder,PTSD
NCT06136481,Depressive Symptoms,Depression
NCT06136481,Anxiety Disorders and Symptoms,Anxiety
NCT01072630,Depression,Depression
NCT04740944,Schizophrenia,Schizophrenia & psychosis
NCT02496637,Eating Disorders,Eating disorders
NCT05384392,First-episode Psychosis,Schizophrenia & psychosis
NCT02857036,Depression,Depression
NCT03842436,Substance Use Disorders,Substance use
NCT01517711,Post-Traumatic Stress Disorder,PTSD
NCT01729572,Schizophrenia,Schizophrenia & psychosis
NCT01729572,Schizoaffective Disorder,Schizophrenia & psychosis
NCT05111977,Anorexia Nervosa,Eating disorders
NCT01508377,Posttraumatic Stress Disorder (PTSD),PTSD
NCT05648175,Depression,Depression
NCT02147912,Depression in Patients With Chronic Obstructive Pulmonary Disease,Depression
NCT06480500,Major Depressive Disorder,Depression
NCT06480500,Treatment Resistant Depression,Depression
NCT06905665,Virtual Reality Headsets Reduce Anxiety During Urodynamic Tests,Anxiety
NCT06542900,Treatment Resistant Depression,Depression
NCT06243536,Disordered Eating Behaviors,Eating disorders
NCT05694156,Major Depressive Disorder,Depression
NCT06165445,Depressive Disorder,Depression
NCT05321381,Anxiety,Anxiety
NCT02579928,Major Depressive Disorder,Depression
NCT02579928,Anxiety Disorder,Anxiety
NCT03014466,Anxiety,Anxiety
NCT02528331,Obsessive Compulsive Disorder (OCD),OCD
NCT01217645,Major Depressive Disorder,Depression
NCT07217795,Alcohol Use Disorder (AUD),Substance use
NCT07217795,PTSD,PTSD
NCT01589328,Depression,Depression
NCT03427528,Perinatal Depression,Depression
NCT03427528,Postpartum Depression,Depression
NCT03427528,Depression,Depression
NCT06964867,Anxiety,Anxiety
NCT06618339,Anxiety Depression (Mild or Not Persistent),Depression
NCT06000839,Skin Depression,Depression
NCT01194765,Anxiety Sensitivity,Anxiety
NCT05136365,Major Depressive Disorder,Depression
NCT05808244,Schizophrenia,Schizophrenia & psychosis
NCT05808244,Psychosis,Schizophrenia & psychosis
NCT02104232,Unipolar Depression,Depression
NCT04324944,Schizophrenia,Schizophrenia & psychosis
NCT04324944,Schizoaffective Disorder,Schizophrenia & psychosis
NCT04324944,Major Depressive Disorder With Psychotic Features,Depression
NCT02054364,Anorexia Nervosa,Eating disorders
NCT06597864,Psychosis;Schizophrenic,Schizophrenia & psychosis
NCT03483909,Schizophrenia and Related Disorders,Schizophrenia & psychosis
NCT06086184,Psychotic Disorders,Schizophrenia & psychosis
NCT06275633,Depression,Depression
NCT02191384,Major Depressive Disorder (MDD),Depression
NCT03906149,"Depression, Unipolar",Depression
NCT06664138,Schizophenia Disorder,Schizophrenia & psychosis
NCT06664138,Major Depression Disorders,Depression
NCT06664138,Schizoaffective Disorder,Schizophrenia & psychosis
NCT06664138,Bipolar,Bipolar disorder
NCT05246332,"Depression, Anxiety",Depression
NCT07568093,Anxiety After Surgery,Anxiety
NCT07033052,Anxiety,Anxiety
NCT07033052,Depression,Depression
NCT02740244,Bipolar Depression,Depression
NCT05474534,Post-traumatic Stress Disorder,PTSD
NCT05149534,Post Traumatic Stress Disorder,PTSD
NCT06847399,Binge Eating Disorder,Eating disorders
NCT04672798,Depression,Depression
NCT05511363,Psychosis Associated With Alzheimer's Disease,Schizophrenia & psychosis
NCT04460014,Post Traumatic Stress Disorder,PTSD
NCT05863598,Eating Disorders,Eating disorders
NCT03222063,Anxiety,Anxiety
NCT06590363,Anxiety,Anxiety
NCT02273063,Posttraumatic Stress Disorder,PTSD
NCT02273063,Major Depressive Disorder,Depression
NCT01499563,Schizophrenia,Schizophrenia & psychosis
NCT04517006,Anxiety,Anxiety
NCT04517006,Depression,Depression
NCT04190004,Schizophrenia,Schizophrenia & psychosis
NCT04127604,Bipolar Disorder,Bipolar disorder
NCT04127604,Substance Use Disorders,Substance use
NCT04856033,Ptsd,PTSD
NCT04856033,Depressive Symptoms,Depression
NCT04856033,"Alcohol Use, Unspecified",Substance use
NCT05326347,Schizophrenia,Schizophrenia & psychosis
NCT04532749,"Depressive Disorder, Major",Depression
NCT01251471,Depression,Depression
NCT06210711,PTSD,PTSD
NCT06210711,Posttraumatic Stress Disorder,PTSD
NCT03268434,Unipolar Depression,Depression
NCT06163599,Anxiety Disorders,Anxiety
NCT02092987,Depressive Symptoms,Depression
NCT02648321,Psychotic Disorders,Schizophrenia & psychosis
NCT04578314,Psychotic Disorders,Schizophrenia & psychosis
NCT04578314,Psychosis,Schizophrenia & psychosis
NCT04578314,Schizophrenia,Schizophrenia & psychosis
NCT04861116,Test Anxiety,Anxiety
NCT04914104,"Depression, Anxiety",Depression
NCT06877104,"Depression, Postpartum",Depression
NCT02072252,Depressive Symptoms,Depression
NCT02072252,Anxiety Generalized,Anxiety
NCT06087471,Depression,Depression
NCT06087471,Anxiety,Anxiety
NCT03371771,Depression,Depression
NCT06895863,Treatment Resistant Depression,Depression
NCT02451306,Depression,Depression
NCT02451306,Bipolar Disorder,Bipolar disorder
NCT05540704,Eating Disorders,Eating disorders
NCT05540704,Disordered Eating Behaviors,Eating disorders
NCT05540704,Purging (Eating Disorders),Eating disorders
NCT05540704,Binge-Eating Disorder,Eating disorders
NCT06028984,Major Depressive Disorder,Depression
NCT05949736,Depression,Depression
NCT05949736,Anxiety,Anxiety
NCT06357832,Major Depressive Disorder,Depression
NCT05788198,Depression Mild,Depression
NCT05788198,Depression Moderate,Depression
NCT05788198,Depression Severe,Depression
NCT05333887,Depression,Depression
NCT03409393,Schizophrenia,Schizophrenia & psychosis
NCT03409393,Schizotypal Disorder,Schizophrenia & psychosis
NCT03409393,First Episode Psychosis,Schizophrenia & psychosis
NCT03409393,Psychotic Disorders,Schizophrenia & psychosis
NCT03409393,Schizoaffective Disorder,Schizophrenia & psychosis
NCT01524133,Posttraumatic Stress Disorder,PTSD
NCT03059095,PTSD,PTSD
NCT04165577,Obsessive-Compulsive Disorder,OCD
NCT07140575,Major Depression Moderate,Depression
NCT04987957,Anxiety,Anxiety
NCT02610712,"Depressive Disorder, Treatment-Resistant",Depression
NCT05330312,Anxiety,Anxiety
NCT06621381,Obsessive-Compulsive Disorder,OCD
NCT01945372,Depression,Depression
NCT01745601,Anxiety Disorders,Anxiety
NCT07058181,Depressive and/or Anxiety Symptoms,Depression
NCT06524830,Treatment Resistant Depression,Depression
NCT03415230,Anxiety,Anxiety
NCT07204444,Depression,Depression
NCT05101044,Substance Use Disorders,Substance use
NCT02742532,Alcohol Use Disorder,Substance use
NCT02742532,"Stress Disorders, Post-Traumatic",PTSD
NCT02742532,Anxiety Disorders,Anxiety
NCT02742532,Substance Use Disorders,Substance use
NCT05783232,Depression,Depression
NCT05783232,Anxiety,Anxiety
NCT04635904,Social Anxiety,Anxiety
NCT06816576,Death Anxiety,Anxiety
NCT07468240,Existential Anxiety,Anxiety
NCT02141776,Major Depressive Disorder,Depression
NCT05086250,Anxiety,Anxiety
NCT05094440,Alcohol Use Disorder,Substance use
NCT05094440,Substance Use Disorders,Substance use
NCT02473250,Bipolar Disorder,Bipolar disorder
NCT07767643,Anxiety,Anxiety
NCT06627725,Anxiety,Anxiety
NCT06627725,Anxiety Depression (Mild or Not Persistent),Depression
NCT03997240,Depression,Depression
NCT05812950,Anorexia Nervosa,Eating disorders
NCT05812950,Atypical Anorexia Nervosa (Other Specified Eating Disorder),Eating disorders
NCT05812950,Bulimia Nervosa,Eating disorders
NCT05812950,Atypical Bulimia Nervosa (Other Specified Eating Disorder),Eating disorders
NCT05078450,Depression,Depression
NCT05078450,Anxiety Disorders,Anxiety
NCT03101540,Major Depressive Disorder in Pregnancy,Depression
NCT05499676,Anorexia Nervosa,Eating disorders
NCT02190968,"Major Depressive Disorder, Recurrent, in Remission",Depression
NCT02190968,Depressive Symptoms,Depression
NCT01496248,Major Depressive Disorder,Depression
NCT04215055,"Anxiety, Dental",Anxiety
NCT05316415,Anxiety State,Anxiety
NCT03053323,Depression,Depression
NCT01437046,Alcohol Dependence,Substance use
NCT01437046,Anxiety,Anxiety
NCT02980627,Eating Disorders,Eating disorders
NCT05106361,Depression,Depression
NCT05106361,Post Traumatic Stress Disorder,PTSD
NCT04202042,"Stress Disorders, Post-Traumatic",PTSD
NCT04202042,Acute Stress Disorder,PTSD
NCT04202042,Anxiety Disorders,Anxiety
NCT04202042,Depressive Disorder,Depression
NCT04202042,Substance Abuse,Substance use
NCT04928742,Postpartum Depression,Depression
NCT06685861,Depression,Depression
NCT03583073,Psychotic Disorders,Schizophrenia & psychosis
NCT03583073,Psychosis Nos/Other,Schizophrenia & psychosis
NCT03950869,Posttraumatic Stress Disorder,PTSD
NCT06790641,Perinatal Anxiety,Anxiety
NCT06790641,Perinatal Depression,Depression
NCT06790641,Substance Use Disorder (SUD),Substance use
NCT06790641,"Perinatal Depression, Substance Use",Depression
NCT01415154,Major Depressive Disorder,Depression
NCT06116994,"Anxiety, Dental",Anxiety
NCT05446766,Illness Anxiety Disorder,Anxiety
NCT02013622,Schizophrenia,Schizophrenia & psychosis
NCT03039231,"Stress Disorders, Post-Traumatic",PTSD
NCT06889831,Substance Use Disorder (SUD),Substance use
NCT05551702,Moderate Depression,Depression
NCT03245437,Schizophrenia,Schizophrenia & psychosis
NCT06953037,Anxiety Disorder,Anxiety
NCT05613972,Major Depressive Disorder,Depression
NCT06527196,Depression,Depression
NCT04216888,"Depressive Disorder, Treatment-Resistant",Depression
NCT02972203,Depression,Depression
NCT02972203,Anxiety,Anxiety
NCT06277661,Postpartum Depression,Depression
NCT06277661,Postpartum Anxiety,Anxiety
NCT03323073,Acute Depression,Depression
NCT03323073,Major Depressive Episode,Depression
NCT03540641,Binge-Eating Disorder,Eating disorders
NCT04786054,Binge-Eating Disorder,Eating disorders
NCT04786054,Eating Disorders,Eating disorders
NCT05694754,Major Depressive Disorder,Depression
NCT04162522,Major Depressive Disorder,Depression
NCT03541031,Bipolar Disorder,Bipolar disorder
NCT02427737,Claustrophobia,Anxiety
NCT04695145,"Depressive Disorder, Major",Depression
NCT05227339,Substance Use Disorders,Substance use
NCT01256177,Bipolar Depression,Depression
NCT06723977,Schizophrenia,Schizophrenia & psychosis
NCT05905601,Psychosis,Schizophrenia & psychosis
NCT04659161,Schizophrenia,Schizophrenia & psychosis
NCT04659161,Schizophrenia; Psychosis,Schizophrenia & psychosis
NCT02940769,Major Depressive Disorder,Depression
NCT05956951,Schizophrenia,Schizophrenia & psychosis
NCT06961851,Major Depressive Disorder,Depression
NCT02954731,"Depression, Unipolar",Depression
NCT02954731,Anxiety Disorder Social,Anxiety
NCT02954731,Panic Disorder,Anxiety
NCT04613453,Adolescent Depression,Depression
NCT05651737,Depression,Depression
NCT05651737,PTSD,PTSD
NCT05651737,Anxiety,Anxiety
NCT05558995,Major Depressive Disorder,Depression
NCT02490995,Anxiety Linked to the Surgery and / or Anesthesia,Anxiety
NCT06274112,Major Depressive Disorder,Depression
NCT06274112,Social Anxiety Disorder,Anxiety
NCT07007481,Eating Disorders,Eating disorders
NCT06218381,Post Traumatic Stress Disorder,PTSD
NCT03841019,Major Depressive Episode,Depression
NCT07116980,Anxiety,Anxiety
NCT03247179,Posttraumatic Stress Disorder,PTSD
NCT02781688,Depression,Depression
NCT01126827,Bipolar Disorder,Bipolar disorder
NCT05274061,Posttraumatic Stress Disorder,PTSD
NCT05767073,"Depression, Unipolar",Depression
NCT05767073,"Depression, Bipolar",Depression
NCT02096783,Anxiety Disorder,Anxiety
NCT04136054,Anxiety Disorders,Anxiety
NCT01555554,Post-traumatic Stress Disorder,PTSD
NCT06472466,Eating Disorders,Eating disorders
NCT02561156,Depressive Disorder,Depression
NCT03746756,Substance Use Disorders,Substance use
NCT06064422,Depression,Depression
NCT06174051,Anxiety and Fear,Anxiety
NCT03045237,Depressive Symptoms,Depression
NCT05619445,Depression,Depression
NCT05619445,Anxiety,Anxiety
NCT05631145,"Depression, Anxiety",Depression
NCT02077972,Post Traumatic Stress Disorder (PTSD),PTSD
NCT01524497,Depression,Depression
NCT02552797,Anxiety,Anxiety
NCT02552797,Depression,Depression
NCT03673397,Depression,Depression
NCT05527210,Schizophrenia,Schizophrenia & psychosis
NCT05527210,Schizoaffective Disorder,Schizophrenia & psychosis
NCT05905120,Major Depressive Disorder,Depression
NCT01129882,Schizophrenia,Schizophrenia & psychosis
NCT04123223,Schizophrenia,Schizophrenia & psychosis
NCT04123223,Schizoaffective Disorder,Schizophrenia & psychosis
NCT02535923,Psychosis,Schizophrenia & psychosis
NCT02376959,Anxiety Disorders,Anxiety
NCT01640080,Major Depressive Disorder,Depression
NCT04011280,Bipolar Disorder,Bipolar disorder
NCT04011280,Schizophrenia,Schizophrenia & psychosis
NCT04011280,Schizoaffective Disorder,Schizophrenia & psychosis
NCT04011280,Nicotine Dependence,Substance use
NCT01990079,PTSD,PTSD
NCT05073679,Anorexia Nervosa/Bulimia,Eating disorders
NCT05073679,"Anorexia Nervosa, Atypical",Eating disorders
NCT05073679,"Anorexia Nervosa, Binge Eating/Purging Type",Eating disorders
NCT05073679,Purging (Eating Disorders),Eating disorders
NCT05073679,Eating Disorders,Eating disorders
NCT05073679,Bulimia Nervosa,Eating disorders
NCT05073679,Eating Disorders in Adolescence,Eating disorders
NCT03424642,Prenatal Anxiety,Anxiety
NCT04099342,Treatment Resistant Depression,Depression
NCT03601169,Anxiety,Anxiety
NCT03601169,Depression,Depression
NCT05957341,Moderate Depression,Depression
NCT05957341,Major Depressive Disorder,Depression
NCT05957341,Severe Depression,Depression
NCT04183894,Eating Disorders,Eating disorders
NCT04183894,Eating Disorder Symptom,Eating disorders
NCT03194594,Depressive Symptoms,Depression
NCT03558256,Major Depressive Disorder,Depression
NCT03148522,Diagnosis and Treatment of Depression,Depression
NCT03926546,OCD,OCD
NCT01035788,PTSD,PTSD
NCT05214703,Anxiety,Anxiety
NCT04061642,Depression,Depression
NCT05174273,Major Depressive Disorder,Depression
NCT06693583,Anxiety,Anxiety
NCT02088983,First Episode Schizophrenia,Schizophrenia & psychosis
NCT02847741,Current Major Depressive Disorder,Depression
NCT02654405,Schizophrenic Disorders,Schizophrenia & psychosis
NCT06883929,Anxiety,Anxiety
NCT02086929,Major Depressive Disorder,Depression
NCT04929795,Schizophrenia,Schizophrenia & psychosis
NCT04929795,Psychosis,Schizophrenia & psychosis
NCT02067559,"Stress Disorders, Post Traumatic",PTSD
NCT02067559,Anxiety,Anxiety
NCT02067559,Depression,Depression
NCT04639596,Substance Use Disorders,Substance use
NCT04476446,Depression,Depression
NCT03807388,Psychosis,Schizophrenia & psychosis
NCT03807388,Schizophrenia,Schizophrenia & psychosis
NCT03807388,Psychotic Disorders,Schizophrenia & psychosis
NCT02086786,Schizophrenia,Schizophrenia & psychosis
NCT01466270,Anxiety Disorder,Anxiety
NCT01466270,Depression,Depression
NCT04241094,Posttraumatic Stress Disorder,PTSD
NCT01853956,Anxiety Disorders,Anxiety
NCT01700829,Major Depressive Disorder,Depression
NCT04116697,Anxiety,Anxiety
NCT03356210,Substance Use Disorders,Substance use
NCT06562010,Social Anxiety,Anxiety
NCT01999920,Separation Anxiety Disorder,Anxiety
NCT07439224,Panic Disorder,Anxiety
NCT07439224,Panic Disorder (With or Without Agoraphobia),Anxiety
NCT07439224,Panic Attacks and Disorders,Anxiety
NCT07439224,Anxiety Disorders,Anxiety
NCT06099223,Anxiety,Anxiety
NCT04332146,Postnatal Depression,Depression
NCT03392883,Depression,Depression
NCT03392883,Problematic Alcohol Use,Substance use
NCT06257641,Depression,Depression
NCT06257641,Anxiety,Anxiety
NCT04975854,Specific Phobia,Anxiety
NCT04975854,Acrophobia,Anxiety
NCT04975854,Anxiety Disorders,Anxiety
NCT06136494,Cardiac Anxiety,Anxiety
NCT06610305,Major Depressive Disorder,Depression
NCT04988529,Depressive Symptoms,Depression
NCT03311529,Anxiety Disorders,Anxiety
NCT03311529,Depressive Disorder,Depression
NCT02382042,Substance Use Disorders,Substance use
NCT07076342,Major Depressive Disorder (MDD),Depression
NCT05956470,Depression,Depression
NCT05956470,Anxiety,Anxiety
NCT06423794,Bipolar Disorder,Bipolar disorder
NCT01244854,Bipolar Disorder,Bipolar disorder
NCT01244854,Schizophrenia,Schizophrenia & psychosis
NCT01244854,Major Depressive Disorder,Depression
NCT04099056,Depression,Depression
NCT02897622,Eating Disorders,Eating disorders
NCT01516931,Depression,Depression
NCT06192602,Early Psychosis,Schizophrenia & psychosis
NCT06192602,Psychotic Disorders,Schizophrenia & psychosis
NCT04584502,Opioid-use Disorder,Substance use
NCT03604172,Binge Eating Disorder,Eating disorders
NCT04882839,Obsessive-compulsive Disorder,OCD
NCT01223677,Depression,Depression
NCT01223677,Anxiety Disorders,Anxiety
NCT04708275,Depression,Depression
NCT07692412,MRI Examination-induced Anxiety,Anxiety
NCT01314612,Posttraumatic Stress Disorder,PTSD
NCT03328819,Depression,Depression
NCT02303691,Anxiety,Anxiety
NCT02303691,Anxiety Disorders,Anxiety
NCT01313013,Depression,Depression
NCT01479920,Major Depressive Disorder,Depression
NCT01479920,Depression,Depression
NCT04927923,Anxiety,Anxiety
NCT04927923,Depression,Depression
NCT03227562,Anxiety State,Anxiety
NCT03053362,Major Depressive Disorder,Depression
NCT02381327,Binge-Eating Disorder,Eating disorders
NCT05834842,Anxiety,Anxiety
NCT05834842,Depression,Depression
NCT06378554,Anxiety,Anxiety
NCT06378554,Depression,Depression
NCT06642194,Anxiety,Anxiety
NCT06642194,Depression,Depression
NCT06674694,Schizophrenia Disorders,Schizophrenia & psychosis
NCT05746455,Schizophrenia,Schizophrenia & psychosis
NCT05746455,Schizoaffective Disorder,Schizophrenia & psychosis
NCT05850585,Schizophrenia,Schizophrenia & psychosis
NCT04585685,"Stress Disorders, Post-Traumatic",PTSD
NCT04176835,Schizophrenia,Schizophrenia & psychosis
NCT02657317,Posttraumatic Stress Disorder,PTSD
NCT02657317,Depression,Depression
NCT02657317,Opioid Use Disorder,Substance use
NCT07011940,Post Traumatic Stress Disorder,PTSD
NCT02631291,Depression,Depression
NCT02631291,Anxiety,Anxiety
NCT05907174,Substance-Related Disorders,Substance use
NCT05907174,Substance Use,Substance use
NCT05907174,Substance Use Disorders,Substance use
NCT05907174,Substance Use Recovery,Substance use
NCT03795818,PTSD,PTSD
NCT02924090,Depression,Depression
NCT03891797,PTSD,PTSD
NCT04286282,Depression,Depression
NCT06149624,Depression,Depression
NCT07033923,Depression,Depression
NCT07033923,Bipolar Disorder,Bipolar disorder
NCT07033923,Recurrent Depression,Depression
NCT06975280,Post-Traumatic Stress Disorder (PTSD),PTSD
NCT06975280,Depressive Symptoms,Depression
NCT06975280,Anxiety Symptoms,Anxiety
NCT01783080,Persistent Depressive Disorder,Depression
NCT06633679,Anxiety Symptoms,Anxiety
NCT06633679,Depressive Symptoms,Depression
NCT04142996,Major Depressive Episode,Depression
NCT05893862,Schizophrenia,Schizophrenia & psychosis
NCT02439762,Substance-Related Disorders,Substance use
NCT02078258,"Major Depressive Disorder, Single Episode, Unspecified",Depression
NCT03188185,Major Depressive Disorder,Depression
NCT03930225,Schizophrenia,Schizophrenia & psychosis
NCT05432817,PTSD,PTSD
NCT07665840,Anxiety,Anxiety
NCT07665840,Depression,Depression
NCT05684991,Anxiety,Anxiety
NCT02712918,Depression,Depression
NCT06126497,Major Depressive Disorder,Depression
NCT06573320,Schizophrenia,Schizophrenia & psychosis
NCT06790823,Depressive Disorder,Depression
NCT06790823,"Depressive Disorder, Major Depressive Disorder",Depression
NCT01504659,Bipolar Disorder,Bipolar disorder
NCT01941862,Anxiety,Anxiety
NCT01941862,Depression,Depression
NCT03962504,PTSD,PTSD
NCT06686784,Depression,Depression
NCT06051084,Anxiety,Anxiety
NCT01329133,Obsessive-Compulsive Disorder,OCD
NCT07316647,Anxiety,Anxiety
NCT07316647,Depression,Depression
NCT07001878,Psychosis,Schizophrenia & psychosis
NCT07001878,Cannabis Use,Substance use
NCT01520376,Anxiety,Anxiety
NCT01520376,Depression,Depression
NCT02672150,Substance Use Disorders,Substance use
NCT03135990,Social Anxiety,Anxiety
NCT03135990,Social Anxiety Disorder,Anxiety
NCT03135990,Social Anxiety Disorder of Childhood,Anxiety
NCT04038190,Binge Eating,Eating disorders
NCT04038190,Depression,Depression
NCT04133597,"Smartphone Users, Smartphone Addiction, Anxiety, and Skin Conductance",Anxiety
NCT01467713,Bipolar Disorder,Bipolar disorder
NCT06982820,"Depressive Disorder, Major",Depression
NCT03972020,Depressive Symptoms,Depression
NCT07548359,Bipolar Disorder,Bipolar disorder
NCT06477796,Post-traumatic Stress Disorder,PTSD
NCT06583096,Depressive Symptoms,Depression
NCT03893162,Major Depressive Disorder,Depression
NCT05432362,Depression,Depression
NCT06443216,Major Depressive Disorder,Depression
NCT03941106,Depression,Depression
NCT05741684,Depression,Depression
NCT07119138,Pre-Exam Anxiety,Anxiety
NCT06589648,Anxiety During Pregnancy,Anxiety
NCT06289426,Depression,Depression
NCT06289426,Anxiety,Anxiety
NCT02924415,Bipolar Disorder,Bipolar disorder
NCT05352568,Schizophrenia,Schizophrenia & psychosis
NCT05352568,Schizoaffective,Schizophrenia & psychosis
NCT03628391,Intensive Care Psychosis,Schizophrenia & psychosis
NCT01153490,Cannabis Dependence,Substance use
NCT02974010,Bipolar Depression,Depression
NCT02963220,Avoidant/Restrictive Food Intake Disorder (ARFID),Eating disorders
NCT03095820,Major Depressive Disorder,Depression
NCT06256380,Feeding and Eating Disorders,Eating disorders
NCT06218979,Psychosis,Schizophrenia & psychosis
NCT06403579,"PAIN, ANXIETY, AND COMFORT",Anxiety
NCT01912196,Major Depressive Disorder (MDD),Depression
NCT01376596,Social Anxiety,Anxiety
NCT01376596,Schizophrenia,Schizophrenia & psychosis
NCT06252688,Eating Disorders,Eating disorders
NCT06252688,Eating Disorder Binge,Eating disorders
NCT05333003,Schizophrenia Spectrum Disorders,Schizophrenia & psychosis
NCT03942627,Depressive Symptoms,Depression
NCT03942627,Anxiety,Anxiety
NCT03942627,Post-traumatic Stress Symptoms,PTSD
NCT00952393,Schizophrenia,Schizophrenia & psychosis
NCT01409304,Major Depressive Disorder,Depression
NCT02537184,Anxiety,Anxiety
NCT07562633,Social Anxiety Disorder,Anxiety
NCT02095938,Schizophrenia,Schizophrenia & psychosis
NCT02095938,Schizophreniform Disorder,Schizophrenia & psychosis
NCT05190926,Anorexia Nervosa,Eating disorders
NCT06769243,Obsessive-Compulsive Disorder,OCD
NCT03241225,Depression,Depression
NCT01805440,Bipolar Disorder,Bipolar disorder
NCT01805440,Bipolar Depression,Depression
NCT01805440,Manic Depression,Depression
NCT07217340,Anxiety,Anxiety
NCT07349368,Antenatal Depression,Depression
NCT07349368,Antenatal Anxiety,Anxiety
NCT03197974,"Bipolar Disorder, Currently in Remission",Bipolar disorder
NCT04093960,Major Depression,Depression
NCT03878160,Depression,Depression
NCT07813520,Anxiety,Anxiety
NCT07813520,Depressive Symptom,Depression
NCT03328520,Anxiety,Anxiety
NCT03328520,Depression,Depression
NCT06923423,PTSD - Post Traumatic Stress Disorder,PTSD
NCT06923423,PTSD and Alcohol Use Disorder,PTSD
NCT06923423,PTSD and Trauma-related Symptoms,PTSD
NCT06923423,Substance Use Disorder (SUD),Substance use
NCT06923423,Depression,Depression
NCT06923423,Post Traumatic Stress Symptoms,PTSD
NCT06531980,Anxiety,Anxiety
NCT06531980,Anxiety and Fear,Anxiety
NCT04400279,Depressive Symptomatology,Depression
NCT04011540,Depressive Symptoms,Depression
NCT04011540,Anxiety Generalized,Anxiety
NCT06841289,Fear Anxiety,Anxiety
NCT03345368,Anxiety,Anxiety
NCT03293797,Anxiety,Anxiety
NCT03293797,Depression,Depression
NCT06095310,Depression,Depression
NCT02305797,Generalized Anxiety Disorder (GAD),Anxiety
NCT04608396,Treatment Resistant Depression,Depression
NCT04608396,Major Depressive Disorder,Depression
NCT05803096,Anxiety and Fear,Anxiety
NCT04916496,Schizophrenia Spectrum and Other Psychotic Disorders,Schizophrenia & psychosis
NCT00963846,Schizophrenia,Schizophrenia & psychosis
NCT05502588,Anxiety,Anxiety
NCT05352503,Anxiety,Anxiety
NCT07112261,Treatment-Resistant Major Depressive Disorder,Depression
NCT05950061,Major Depressive Disorder,Depression
NCT06504342,Bipolar Disorder,Bipolar disorder
NCT06504342,Mania,Bipolar disorder
NCT06682468,Substance Use Disorders,Substance use
NCT06282250,Bipolar Disorder,Bipolar disorder
NCT03866174,"Depressive Disorder, Major",Depression
NCT03417960,Post Partum Depression,Depression
NCT05946382,Mental Depression,Depression
NCT05946382,Anxiety,Anxiety
NCT05571423,Dental Phobia,Anxiety
NCT05576259,Social Anxiety,Anxiety
NCT02663180,Depression Literacy,Depression
NCT02663180,Depression Stigma,Depression
NCT02929979,Alcohol Use Disorder,Substance use
NCT02929979,PTSD,PTSD
NCT03421574,Major Depressive Disorder,Depression
NCT03929497,Schizophrenia,Schizophrenia & psychosis
NCT05826860,Depression,Depression
NCT05826860,Anxiety,Anxiety
NCT01793220,Psychosis,Schizophrenia & psychosis
NCT06462820,Major Depressive Disorder,Depression
NCT06462820,Major Depressive Episode,Depression
NCT02863523,Depression,Depression
NCT05436379,Depression,Depression
NCT06282146,Major Depressive Disorder,Depression
NCT06282146,Depression,Depression
NCT06282146,Anxiety Disorders,Anxiety
NCT06282146,OCD,OCD
NCT06282146,PTSD,PTSD
NCT07212946,Major Depression Severe,Depression
NCT04591886,Eating Disorders in Adolescence,Eating disorders
NCT07129070,Depression,Depression
NCT07129070,Anxiety,Anxiety
NCT03667183,Eating Disorder,Eating disorders
NCT06651554,"Depression, Anxiety",Depression
NCT04799405,Major Depressive Disorder,Depression
NCT06066697,Depression,Depression
NCT06060210,"Depression, Anxiety",Depression
NCT07174960,Substance Use Disorders,Substance use
NCT03623620,Depression,Depression
NCT03623620,Antenatal Depression,Depression
NCT06419582,Bipolar Disorder,Bipolar disorder
NCT04141124,Performance Anxiety,Anxiety
NCT05649059,"Phobia, Social",Anxiety
NCT07265180,Schizophrenia Spectrum Disorders (SSD),Schizophrenia & psychosis
NCT03260127,Posttraumatic Stress Disorder,PTSD
NCT01646827,Schizophrenia,Schizophrenia & psychosis
NCT01379027,Depression,Depression
NCT06431386,"Depressive Disorder, Treatment-Resistant",Depression
NCT06431386,"Depressive Disorder, Major",Depression
NCT06431386,Bipolar Disorder,Bipolar disorder
NCT06653673,Binge Eating,Eating disorders
NCT01525680,Post Traumatic Stress Disorder,PTSD
NCT01477762,Post Traumatic Stress Disorder,PTSD
NCT02836288,Depression,Depression
NCT03995173,Alcohol Use Disorder,Substance use
NCT03995173,Post-traumatic Stress Disorder,PTSD
NCT03918954,Anxiety State,Anxiety
NCT03918954,Depression,Depression
NCT03918954,Bipolar Depression,Depression
NCT02904005,Depression,Depression
NCT06899594,Methamphetamine Use Disorder,Substance use
NCT04548622,Schizophrenia,Schizophrenia & psychosis
NCT03935529,Depression,Depression
NCT02915874,Anxiety,Anxiety
NCT04393818,Depression,Depression
NCT04393818,Posttraumatic Stress Disorder,PTSD
NCT04393818,Anxiety Disorders,Anxiety
NCT05554718,Social Anxiety,Anxiety
NCT03752918,Post Traumatic Stress Disorder,PTSD
NCT02307097,Social Anxiety Disorder,Anxiety
NCT02382497,Eating Disorders,Eating disorders
NCT02382497,Binge Eating Disorder,Eating disorders
NCT02382497,Anorexia Nervosa,Eating disorders
NCT05292560,Depression,Depression
NCT05292560,Anxiety,Anxiety
NCT02964520,Anxiety,Anxiety
NCT02327559,Tocophobia,Anxiety
NCT02710279,Unipolar Depression,Depression
NCT04878627,Anorexia Nervosa,Eating disorders
NCT07371442,Anxiety,Anxiety
NCT05925283,Anxiety,Anxiety
NCT04395183,Major Depressive Disorder,Depression
NCT01905605,Schizophrenia,Schizophrenia & psychosis
NCT01433094,Schizophrenia and Related Disorders,Schizophrenia & psychosis
NCT02402010,Bipolar Disorder,Bipolar disorder
NCT02458924,Schizophrenia,Schizophrenia & psychosis
NCT02287259,Bipolar Disorder,Bipolar disorder
NCT02178696,Depression,Depression
NCT04109196,Posttraumatic Stress Disorder,PTSD
NCT04109196,Depression,Depression
NCT01851603,Schizophrenia,Schizophrenia & psychosis
NCT06224127,Anxiety Disorders,Anxiety
NCT06224127,Alcohol Use Disorder,Substance use
NCT03348761,Depression,Depression
NCT05818761,Anxiety State,Anxiety
NCT03832283,Depression,Depression
NCT03832283,"Depressive Disorder, Major",Depression
NCT06724341,Anxiety,Anxiety
NCT01463241,Anxiety Disorders,Anxiety
NCT01463241,Depressive Disorders,Depression
NCT07419594,PTSD,PTSD
NCT05503056,Depression,Depression
NCT05278156,Schizophrenia,Schizophrenia & psychosis
NCT01554150,Depression,Depression
NCT01554150,Anxiety,Anxiety
NCT03463018,Generalized Anxiety Disorder,Anxiety
NCT06720090,OCD,OCD
NCT01801397,Low Bone Mass in Anorexia Nervosa Patients,Eating disorders
NCT04552782,"Stress Disorders, Post-Traumatic",PTSD
NCT04552782,Alcoholism,Substance use
NCT04575324,Opioid-use Disorder,Substance use
NCT05050123,Anxiety,Anxiety
NCT07080723,Treatment Resistant Depression (TRD),Depression
NCT04038788,Schizophrenia,Schizophrenia & psychosis
NCT04038788,Schizoaffective Disorder,Schizophrenia & psychosis
NCT04038788,Psychotic Symptoms,Schizophrenia & psychosis
NCT03309527,Depression,Depression
NCT03164642,Depression,Depression
NCT00985686,Depression,Depression
NCT01212783,Depressive Disorder in Mothers,Depression
NCT02736474,Schizophrenia,Schizophrenia & psychosis
NCT02915497,Post Traumatic Stress Disorder,PTSD
NCT05887713,Anxiety,Anxiety
NCT07292610,Depression Disorder,Depression
NCT07292610,Anxiety,Anxiety
NCT04625959,Bulimia Nervosa,Eating disorders
NCT04625959,Bulimia; Atypical,Eating disorders
NCT04625959,Binge-Eating Disorder,Eating disorders
NCT04625959,Binge-Eating and Purging Type Anorexia Nervosa,Eating disorders
NCT04625959,Binge Eating,Eating disorders
NCT04828980,Anxiety,Anxiety
NCT01830088,Depressive Disorder,Depression
NCT01830088,Major Depression,Depression
NCT04587661,Depression,Depression
NCT04587661,Anxiety,Anxiety
NCT06050070,Major Depressive Disorder,Depression
NCT04543773,Major Depressive Disorder,Depression
NCT01713556,Post-traumatic Stress Disorder,PTSD
NCT04210856,Depression,Depression
NCT04210856,Anxiety Disorders,Anxiety
NCT02845440,Schizophrenia,Schizophrenia & psychosis
NCT02845440,Bipolar Disorder,Bipolar disorder
NCT02845440,"Depressive Disorder, Major",Depression
NCT04500340,Test Anxiety,Anxiety
NCT06279117,Test Anxiety,Anxiety
NCT02494050,Depression,Depression
NCT02494050,Bipolar Disorder,Bipolar disorder
NCT02494050,Anhedonia,Depression
NCT06182150,Depression,Depression
NCT06182150,Anxiety,Anxiety
NCT06912191,Post-stroke Depression,Depression
NCT01760213,PTSD,PTSD
NCT05899660,"Alcohol Use Disorder, Severe",Substance use
NCT02634320,Schizophrenia,Schizophrenia & psychosis
NCT01791023,Depression,Depression
NCT06792123,Anxiety,Anxiety
NCT07217223,Treatment Resistant Depression (TRD),Depression
NCT07217223,Major Depressive Disorder (MDD),Depression
NCT01706380,Substance Use Disorders,Substance use
NCT06880796,Schizophrenia,Schizophrenia & psychosis
NCT06880796,Major Depressive Disorder,Depression
NCT06880796,Bipolar Disorder,Bipolar disorder
NCT04306146,Schizophrenia,Schizophrenia & psychosis
NCT05315388,Anxiety,Anxiety
NCT02226042,Major Depression (in Remission),Depression
NCT02521883,Depression,Depression
NCT05457140,Psychosis,Schizophrenia & psychosis
NCT03603340,Depression,Depression
NCT07201350,Anxiety,Anxiety
NCT06976697,Major Depressive Disorder (MDD),Depression
NCT02539797,Schizophrenia,Schizophrenia & psychosis
NCT06353113,Depression,Depression
NCT05517460,Schizophrenia,Schizophrenia & psychosis
NCT04825860,Schizophrenia,Schizophrenia & psychosis
NCT04576182,Major Depressive Disorder,Depression
NCT05144880,Major Depressive Disorder,Depression
NCT05516680,Post-stroke Depression,Depression
NCT01684488,Anxiety Disorder/Anxiety State,Anxiety
NCT01684488,Depressive Disorder/Psychology,Depression
NCT06148103,Anxiety and Fear,Anxiety
NCT06139159,"Depression, Unipolar",Depression
NCT06139159,Anxiety Disorders,Anxiety
NCT06139159,Post Traumatic Stress Disorder,PTSD
NCT06667180,Depression - Major Depressive Disorder,Depression
NCT03507127,Tobacco Dependence,Substance use
NCT05660642,Treatment Resistant Depression,Depression
NCT03510741,Schizophrenia,Schizophrenia & psychosis
NCT03510741,Schizophreniform Disorders,Schizophrenia & psychosis
NCT03510741,Schizoaffective Disorder,Schizophrenia & psychosis
NCT07636694,Depression - Major Depressive Disorder,Depression
NCT03484494,Bipolar Disorder,Bipolar disorder
NCT03484494,Bipolar Depression,Depression
NCT03484494,Bipolar I Disorder,Bipolar disorder
NCT03484494,Bipolar II Disorder,Bipolar disorder
NCT04839822,"Depressive; Episode, Major",Depression
NCT04839822,"Recurrent Depressive Disorder, Current Episode Moderate",Depression
NCT04839822,"Recurrent Depressive Disorder, Current Episode Mild",Depression
NCT06345651,Major Depressive Disorder,Depression
NCT01794429,Schizophrenia,Schizophrenia & psychosis
NCT02181231,Major Depressive Disorder,Depression
NCT02181231,Depression,Depression
NCT03254017,Treatment Resistant Major Depressive Disorder,Depression
NCT01699490,Major Depressive Disorder,Depression
NCT05520190,Alcohol Use Disorder,Substance use
NCT05520190,Depression,Depression
NCT05520190,Anxiety,Anxiety
NCT05520190,Post Traumatic Stress Disorder,PTSD
NCT05936697,"Depression, Anxiety",Depression
NCT06574360,Schizophrenia,Schizophrenia & psychosis
NCT01463020,Depression,Depression
NCT01045720,Schizophrenia,Schizophrenia & psychosis
NCT01216982,Depression,Depression
NCT01750359,Major Depression,Depression
NCT02698696,Bipolar Disorder,Bipolar disorder
NCT04064762,Post Traumatic Stress Disorder,PTSD
NCT04207346,PTSD,PTSD
NCT02805088,Bipolar Disorder,Bipolar disorder
NCT02805088,Schizophrenia,Schizophrenia & psychosis
NCT03006003,Depressive Syndrome,Depression
NCT06557642,Depression,Depression
NCT03237286,Depression,Depression
NCT02590770,"Phobia, Social",Anxiety
NCT01806168,Post-traumatic Stress Disorder (PTSD),PTSD
NCT04848350,Anxiety,Anxiety
NCT02413918,Bipolar Disorder,Bipolar disorder
NCT05805397,Schizophrenia,Schizophrenia & psychosis
NCT05805397,Schizoaffective Disorder,Schizophrenia & psychosis
NCT04293913,Anxiety,Anxiety
NCT02212613,Major Depressive Disorder and Irritability,Depression
NCT03652220,Depressive Disorder,Depression
NCT04012580,"Depression, Postpartum",Depression
NCT04012580,Anxiety,Anxiety
NCT03635827,Post Traumatic Stress Disorder,PTSD
NCT06966661,Depression - Major Depressive Disorder,Depression
NCT05678361,PTSD,PTSD
NCT04517942,Eating Disorder Symptom,Eating disorders
NCT03575442,Schizophrenia,Schizophrenia & psychosis
NCT01934348,Posttraumatic Stress Disorder,PTSD
NCT01934348,Depression,Depression
NCT01934348,Substance Use,Substance use
NCT03549455,Anxiety,Anxiety
NCT05266443,Irritable Bowel Syndrome With Subthreshold Depression,Depression
NCT01110343,Depression,Depression
NCT01110343,Anxiety,Anxiety
NCT04327843,Schizophrenia,Schizophrenia & psychosis
NCT04327843,Schizo Affective Disorder,Schizophrenia & psychosis
NCT03916315,Anxiety Disorders,Anxiety
NCT05296915,Bulimia Nervosa,Eating disorders
NCT05296915,Binge-Eating Disorder,Eating disorders
NCT06390735,Antenatal Depression,Depression
NCT02176408,Major Depressive Disorder,Depression
NCT02407808,Psychotic Disorders,Schizophrenia & psychosis
NCT03421808,Depression,Depression
NCT05916417,Post Traumatic Stress Disorder,PTSD
NCT02804568,Schizophrenia,Schizophrenia & psychosis
NCT05301374,Anxiety,Anxiety
NCT05137197,Major Depressive Disorder,Depression
NCT05117710,"Depressive Disorder, Treatment-Resistant",Depression
NCT02463110,Depression,Depression
NCT03762460,Depression,Depression
NCT04459260,Anxiety,Anxiety
NCT04459260,Depression,Depression
NCT06322420,Major Depressive Disorder,Depression
NCT01083823,Bipolar Disorder,Bipolar disorder
NCT02547259,Schizophrenia,Schizophrenia & psychosis
NCT05268809,Schizophrenia,Schizophrenia & psychosis
NCT05268809,Bipolar Disorder,Bipolar disorder
NCT02834299,Binge Eating Disorder,Eating disorders
NCT03822598,Post-Traumatic Stress Disorder in Adolescence,PTSD
NCT03822598,Depression,Depression
NCT03822598,Social Anxiety,Anxiety
NCT06770998,"Stress Disorders, Post-Traumatic",PTSD
NCT06867549,Depression,Depression
NCT01234558,Major Depressive Disorder,Depression
NCT06844058,Anxiety Disorders,Anxiety
NCT06844058,Depressive Disorder,Depression
NCT07251478,Depression,Depression
NCT07251478,Anxiety,Anxiety
NCT06544408,Post Traumatic Stress Disorder,PTSD
NCT06562608,Schizophrenia,Schizophrenia & psychosis
NCT06562608,Schizoaffective Disorder,Schizophrenia & psychosis
NCT05887115,Post Partum Depression,Depression
NCT03199625,Panic Disorder,Anxiety
NCT04156425,Major Depressive Disorder,Depression
NCT03675776,"Depressive Disorder, Major",Depression
NCT06307340,Polysubstance Abuse,Substance use
NCT06307340,Posttraumatic Stress Disorder,PTSD
NCT06682689,Postpartum Depression (PPD),Depression
NCT06682689,Postpartum Anxiety,Anxiety
NCT04700774,Depression,Depression
NCT02400918,Anxiety,Anxiety
NCT03889418,Depression,Depression
NCT03889418,Opioid Use,Substance use
NCT03889418,Anxiety,Anxiety
NCT01533610,"Stress Disorders, Post-Traumatic",PTSD
NCT01468610,Major Depressive Disorder,Depression
NCT05301660,Schizophrenia,Schizophrenia & psychosis
NCT04533724,Schizophrenia,Schizophrenia & psychosis
NCT06174116,Schizophrenia,Schizophrenia & psychosis
NCT06174116,Schizo Affective Disorder,Schizophrenia & psychosis
NCT07172152,Anxiety,Anxiety
NCT03209778,Schizophrenia,Schizophrenia & psychosis
NCT06045078,Opioid Use,Substance use
NCT06045078,Anxiety,Anxiety
NCT06045078,Depression,Depression
NCT04277585,Psychosis,Schizophrenia & psychosis
NCT03892915,Depression,Depression
NCT03093376,Anxiety Disorders,Anxiety
NCT05348317,Substance Use,Substance use
NCT05348317,Substance Use Disorders,Substance use
NCT05348317,Substance Dependence,Substance use
NCT07202468,Fear and Anxiety,Anxiety
NCT04262050,Depression,Depression
NCT03906682,Depressive Symptoms,Depression
NCT03849924,Anxiety,Anxiety
NCT06282523,Depression,Depression
NCT06282523,Anxiety,Anxiety
NCT06282523,Depression/Anxiety,Depression
NCT06271759,Anxiety,Anxiety
NCT05027880,Anxiety Generalized,Anxiety
NCT06097221,Depression,Depression
NCT03321006,Depression,Depression
NCT03343106,Obsessive-Compulsive Disorder,OCD
NCT06121284,"Depression, Anxiety",Depression
NCT07130084,Anxiety,Anxiety
NCT06892847,Anxiety Disorders,Anxiety
NCT06892847,Depression,Depression
NCT02373358,PTSD,PTSD
NCT07540715,Anxiety,Anxiety
NCT06502717,Depression,Depression
NCT06502717,Anxiety,Anxiety
NCT02620150,Depression,Depression
NCT05402150,Depression Mild,Depression
NCT05402150,Depression Moderate,Depression
NCT05942391,Anxiety Disorders,Anxiety
NCT05942391,Obsessive-Compulsive Disorder,OCD
NCT05942391,Posttraumatic Stress Disorder,PTSD
NCT03767491,Obsessive-Compulsive Disorder,OCD
NCT07096791,Postpartum Depressive Disorder,Depression
NCT02272010,Bipolar Disorder,Bipolar disorder
NCT03811860,Bipolar Disorder,Bipolar disorder
NCT03811860,Major Depressive Disorder,Depression
NCT01915160,Post Traumatic Stress Disorder,PTSD
NCT06860724,Major Depressive Disorder,Depression
NCT05731414,Schizophrenia,Schizophrenia & psychosis
NCT05731414,Psychosis,Schizophrenia & psychosis
NCT05731414,Psychotic Disorders,Schizophrenia & psychosis
NCT05731414,Schizophrenia; Psychosis,Schizophrenia & psychosis
NCT02760004,Depression,Depression
NCT01562184,Unipolar Depression,Depression
NCT01562184,Bipolar Depression,Depression
NCT03708549,Schizophrenia,Schizophrenia & psychosis
NCT02886858,Depression,Depression
NCT03649685,Obsessive-Compulsive Disorder,OCD
NCT01851915,Short Term Therapy for Outpatients Diagnosed With Major Depressive Disorder,Depression
NCT01256008,Depression,Depression
NCT01256008,Anxiety,Anxiety
NCT05523817,Major Depressive Disorder,Depression
NCT02541968,Obsessive-compulsive Disorder,OCD
NCT03796091,Eating Disorder,Eating disorders
NCT05861518,Anxiety,Anxiety
NCT05861518,Depression,Depression
NCT02314390,Depressive Symptoms,Depression
NCT06548490,Opioid Use Disorder,Substance use
NCT06548490,Opioid Abuse and Addiction,Substance use
NCT06548490,Substance-Related Disorders,Substance use
NCT06548490,Opioid,Substance use
NCT04191720,Anorexia Nervosa,Eating disorders
NCT04191720,Avoidant/Restrictive Food Intake Disorder,Eating disorders
NCT04191720,Anxiety,Anxiety
NCT01967420,Psychosis,Schizophrenia & psychosis
NCT06109493,Depression,Depression
NCT04088448,Major Depressive Disorder,Depression
NCT07055178,Anxiety,Anxiety
NCT01361815,"Major Depressive Disorder, Recurrent, Unspecified",Depression
NCT01361815,"Major Depressive Disorder, Single Episode, Unspecified",Depression
NCT03246789,"Depression, Unipolar",Depression
NCT04111874,Anxiety Disorders,Anxiety
NCT04111874,Obsessive-Compulsive Disorder,OCD
NCT04111874,Social Anxiety Disorder,Anxiety
NCT04111874,Generalized Anxiety Disorder,Anxiety
NCT04111874,Specific Phobia,Anxiety
NCT07145918,Schizophrenia,Schizophrenia & psychosis
NCT07048990,Depression NOS,Depression
NCT06540313,Anxiety Disorders,Anxiety
NCT02273206,Depression,Depression
NCT05000255,"Depression, Anxiety",Depression
NCT03126526,Eating Disorder,Eating disorders
NCT05487885,Depression,Depression
NCT05487885,Anhedonia,Depression
NCT06037785,Ptsd,PTSD
NCT03160443,Eating Disorder,Eating disorders
NCT02111915,Unipolar Depression,Depression
NCT05838625,Schizophrenia,Schizophrenia & psychosis
NCT06954025,Posttraumatic Stress Disorder (PTSD),PTSD
NCT01731717,Depression,Depression
NCT05157789,Anxiety,Anxiety
NCT06223191,Substance Use Disorders,Substance use
NCT06223191,Substance Withdrawal,Substance use
NCT03572790,Depression,Depression
NCT03572790,Depressive Disorder,Depression
NCT03572790,Antidepressive Agents,Depression
NCT06021197,Schizophrenia,Schizophrenia & psychosis
NCT05398016,Anxiety Disorders,Anxiety
NCT05398016,Anxiety,Anxiety
NCT03740204,Eating Disorders,Eating disorders
NCT03243149,PTSD,PTSD
NCT05910749,Substance Use Disorders,Substance use
NCT01627548,PTSD,PTSD
NCT05324085,Substance Abuse,Substance use
NCT03556735,"Depression, Unipolar",Depression
NCT04832425,Major Depressive Disorder,Depression
NCT02942368,"Depressive Disorder, Treatment-Resistant",Depression
NCT02600091,Anxiety,Anxiety
NCT02600091,Depression,Depression
NCT06377891,Depression,Depression
NCT04409821,Posttraumatic Stress Disorder,PTSD
NCT01979133,Bipolar Disorder,Bipolar disorder
NCT01979133,Substance Use Disorder,Substance use
NCT03390933,Depression,Depression
NCT04170738,Substance Abuse,Substance use
NCT05217758,Major Depressive Disorder,Depression
NCT03775148,Depression,Depression
NCT06442826,Anxiety,Anxiety
NCT06407635,Post Traumatic Stress Disorder,PTSD
NCT06511908,"Depressive Disorder, Treatment-Resistant",Depression
NCT06511908,"Depressive Disorder, Major",Depression
NCT06511908,Depressive Disorder,Depression
NCT06511908,Depression,Depression
NCT05621408,"Depression, Anxiety",Depression
NCT05198908,Anxiety,Anxiety
NCT01371708,Major Depressive Disorder,Depression
NCT07835191,Pain and Anxiety,Anxiety
NCT04062214,Substance Use Disorders,Substance use
NCT04887116,Posttraumatic Stress Disorder,PTSD
NCT03163706,Schizophrenia,Schizophrenia & psychosis
NCT06559306,"Depressive Disorder, Major",Depression
NCT04329533,Anxiety,Anxiety
NCT06971549,Depression,Depression
NCT07059143,Major Depressive Disorder (MDD),Depression
NCT03928808,Anorexia Nervosa,Eating disorders
NCT05160376,Anxiety,Anxiety
NCT05160376,Depression,Depression
NCT06992791,Posttraumatic Stress Symptoms,PTSD
NCT01549041,Schizophrenia,Schizophrenia & psychosis
NCT04693351,Obsessive-Compulsive Disorder,OCD
NCT00989053,Depression,Depression
NCT00989053,Anxiety,Anxiety
NCT06211972,Opioid Use Disorder,Substance use
NCT06211972,Polysubstance Addiction,Substance use
NCT06211972,Substance Use,Substance use
NCT04504175,Treatment Resistant Depression,Depression
NCT04504175,Refractory Depression,Depression
NCT04504175,Therapy-Resistant Depression,Depression
NCT04504175,Late Life Depression,Depression
NCT04504175,Geriatric Depression,Depression
NCT06823557,Binge Eating Disorder,Eating disorders
NCT06466057,Obsessive-Compulsive Disorder,OCD
NCT03583801,Anxiety,Anxiety
NCT01694628,Depression,Depression
NCT07099365,"Depression, Anxiety",Depression
NCT05882565,Anxiety,Anxiety
NCT05882565,Depression,Depression
NCT03980067,Anxiety,Anxiety
NCT06804967,Anxiety,Anxiety
NCT05151900,Eating Disorders,Eating disorders
NCT06872164,Posttraumatic Stress Disorder (PTSD),PTSD
NCT06872164,Opioid Use Disorder,Substance use
NCT04924166,PTSD,PTSD
NCT04924166,Acute Stress Disorder,PTSD
NCT01093053,"Stress Disorders, Post Traumatic",PTSD
NCT01093053,Depressive Disorder,Depression
NCT01093053,Anxiety Disorders,Anxiety
NCT02542475,Anxiety,Anxiety
NCT06800001,Anxiety,Anxiety
NCT05911412,Anxiety Depression,Depression
NCT05686512,Anxiety Disorder,Anxiety
NCT03016481,Depression,Depression
NCT06243419,Anxiety State,Anxiety
NCT01805128,Schizophrenia,Schizophrenia & psychosis
NCT01149265,Depression,Depression
NCT01149265,Anxiety,Anxiety
NCT04992767,Posttraumatic Stress Disorder,PTSD
NCT01263067,Posttraumatic Stress Disorder,PTSD
NCT06816511,Obsessive-Compulsive Disorder (OCD),OCD
NCT01226511,Anxiety Neuroses,Anxiety
NCT01226511,"Anxiety States, Neurotic",Anxiety
NCT01226511,"Neuroses, Anxiety",Anxiety
NCT06040411,Anxiety State,Anxiety
NCT04741971,Postpartum Depression,Depression
NCT06349369,Chronic Schizophrenia,Schizophrenia & psychosis
NCT05543083,Depression,Depression
NCT05543083,Depressive Disorder,Depression
NCT06138054,Schizophrenia Spectrum Disorders,Schizophrenia & psychosis
NCT06138054,Psychotic Affective Disorders,Schizophrenia & psychosis
NCT06138054,Psychotic Mood Disorders,Schizophrenia & psychosis
NCT02059005,Alcohol Use,Substance use
NCT07000994,Intraoperative Myocardial Depression,Depression
NCT05714956,Perinatal Depression,Depression
NCT04853056,Anxiety,Anxiety
NCT03756129,"Depressive Disorder, Treatment-Resistant",Depression
NCT05749939,Depressive Symptoms,Depression
NCT06932575,Anxiety Management,Anxiety
NCT03626181,"Depressive Disorder, Treatment-Resistant",Depression
NCT07304219,Anxiety Depression,Depression
NCT06928428,Depression NOS,Depression
NCT06928428,Generalized Anxiety Disorder,Anxiety
NCT06672666,Anxiety,Anxiety
NCT06672666,Generalized Anxiety Disorder,Anxiety
NCT01597856,"PTSD, Substance Use, and Attendance at Treatment",PTSD
NCT05657431,Anxiety,Anxiety
NCT03147053,Post-stroke Depression,Depression
NCT06825637,Depression Disorders,Depression
NCT05967195,First-Episode Psychosis,Schizophrenia & psychosis
NCT03260257,Schizophrenia,Schizophrenia & psychosis
NCT06996457,Anxiety,Anxiety
NCT01860157,Major Depressive Disorder,Depression
NCT05362981,Anorexia Nervosa,Eating disorders
NCT07848919,Depressive Symptoms,Depression
NCT05274230,"Stress Disorders, Post-Traumatic",PTSD
NCT06019767,PTSD,PTSD
NCT05594667,Depression,Depression
NCT05594667,Major Depressive Disorder,Depression
NCT05594667,Mild Depression,Depression
NCT05594667,Moderate Depression,Depression
NCT05594667,Depressive Disorder,Depression
NCT04586192,Depressive Symptoms,Depression
NCT04586192,Anxiety,Anxiety
NCT07239011,Depression,Depression
NCT04841031,PTSD,PTSD
NCT04841031,Depression Anxiety Disorder,Depression
NCT01060553,Post-traumatic Stress Disorders,PTSD
NCT06089772,Performance Anxiety,Anxiety
NCT05555875,Depression,Depression
NCT05555875,Anxiety Disorders,Anxiety
NCT01342757,Depression,Depression
NCT06891612,Anxiety,Anxiety
NCT06891612,Depression,Depression
NCT05156112,Post Traumatic Stress Disorder,PTSD
NCT05156112,Substance Use Disorder,Substance use
NCT03692130,Depression,Depression
NCT06943430,Anxiety,Anxiety
NCT07302165,Post-partum Depression,Depression
NCT04592965,Parkinson Disease Psychosis,Schizophrenia & psychosis
NCT02872467,Substance Abuse Problem,Substance use
NCT03749967,Depression,Depression
NCT03749967,Anxiety,Anxiety
NCT03749967,PTSD,PTSD
NCT01956344,Obsessive Compulsive Disorder,OCD
NCT03448809,Anxiety,Anxiety
NCT03448809,Anxiety Disorders,Anxiety
NCT03448809,Depressive Symptoms,Depression
NCT03448809,Depressive Disorder,Depression
NCT05184556,Anorexia Nervosa,Eating disorders
NCT05184556,Eating Disorders,Eating disorders
NCT05373329,"Depression, Anxiety",Depression
NCT04599231,Anxiety,Anxiety
NCT04599231,Depression,Depression
NCT03864653,Methamphetamine Abuse,Substance use
NCT03864653,Depression,Depression
NCT03852745,Anxiety,Anxiety
NCT03852745,Depression,Depression
NCT01198795,Major Depressive Disorder,Depression
NCT03646539,"Depression, Postpartum",Depression
NCT03646539,Depression,Depression
NCT03646539,Depressive Disorder,Depression
NCT03646539,Anxiety,Anxiety
NCT03182101,Obsessive-Compulsive Disorder in Children,OCD
NCT06807801,Depression - Major Depressive Disorder,Depression
NCT05031728,Posttraumatic Stress Disorder (PTSD),PTSD
NCT04739865,Treatment Resistant Depression,Depression
NCT01967667,Schizophrenia,Schizophrenia & psychosis
NCT01357967,Major Depressive Disorder,Depression
NCT01211756,Major Depressive Disorder,Depression
NCT01211756,Dysthymia Disorder,Depression
NCT01959022,"Stress Disorders, Post-Traumatic",PTSD
NCT03504722,PTSD,PTSD
NCT01742351,"Bipolar Disorder, Type II",Bipolar disorder
NCT02644629,Major Depressive Disorder,Depression
NCT03418129,Posttraumatic Stress Disorder,PTSD
NCT06035731,Anxiety Depression,Depression
NCT03458702,Generalized Anxiety Disorder,Anxiety
NCT03709472,Depression,Depression
NCT06729957,Drug Use Disorders,Substance use
NCT06729957,Substance Use Disorder (SUD),Substance use
NCT05776719,Post Traumatic Stress Disorder,PTSD
NCT04278365,Anxiety,Anxiety
NCT04278365,Depression,Depression
NCT04278365,Alcohol Use Disorder,Substance use
NCT04973800,Depression,Depression
NCT04716400,Depressive Symptoms,Depression
NCT04716400,Anxiety,Anxiety
NCT03145792,Posttraumatic Stress Disorder,PTSD
NCT05301036,Major Depressive Episode,Depression
NCT01488539,Post-Traumatic Stress Disorder,PTSD
NCT02436239,Major Depressive Disorder,Depression
NCT04419077,Anxiety,Anxiety
NCT04726475,Anxiety and Fear,Anxiety
NCT02783430,Depression,Depression
NCT04678128,Anxiety,Anxiety
NCT01863628,Bipolar Disorder,Bipolar disorder
NCT04639700,Caregiver Anxiety,Anxiety
NCT04388800,Depression,Depression
NCT03387007,"Mental Health Issue (E.G., Depression, Psychosis, Personality Disorder, Substance Abuse)",Depression
NCT02950571,Schizophrenia,Schizophrenia & psychosis
NCT02950571,Psychosis,Schizophrenia & psychosis
NCT02950571,Psychosis NOS,Schizophrenia & psychosis
NCT05486234,Cannabis Use,Substance use
NCT05486234,"Alcohol Use, Unspecified",Substance use
NCT05486234,Substance Use,Substance use
NCT05486234,Substance Use Disorders,Substance use
NCT06723834,"Stress Disorders, Post-Traumatic",PTSD
NCT06723834,PTSD,PTSD
NCT04289298,Depression in Old Age,Depression
NCT02009163,Binge Eating Disorder,Eating disorders
NCT02766192,PTSD,PTSD
NCT02696109,Depression,Depression
NCT02696109,"Stress Disorders, Post-traumatic",PTSD
NCT02696109,Bipolar Disorder,Bipolar disorder
NCT01360632,Depressive Disorder,Depression
NCT01360632,Depression,Depression
NCT01360632,"Depressive Disorder, Major",Depression
NCT05735587,Depressive Symptoms,Depression
NCT05121116,Depression,Depression
NCT04615416,Anxiety,Anxiety
NCT04615416,Depression,Depression
NCT05188833,Obsessive-Compulsive Disorder,OCD
NCT07809958,Anxiety,Anxiety
NCT07809958,Depression Disorders,Depression
NCT03649958,Depressive Symptoms,Depression
NCT01990755,Anorexia Nervosa,Eating disorders
NCT01990755,Bulimia Nervosa,Eating disorders
NCT04066985,Depression,Depression
NCT04066985,Depressive Disorder,Depression
NCT04967378,Depressive Symptoms,Depression
NCT04967378,Anxiety State,Anxiety
NCT01997008,Depression,Depression
NCT03062540,PTSD,PTSD
NCT04496934,Opioid-use Disorder,Substance use
NCT04496934,Substance Use Disorders,Substance use
NCT04496934,Opioid Dependence,Substance use
NCT04376021,Postpartum Depression,Depression
NCT07399314,Depression Anxiety Disorder,Depression
NCT03615014,Post Traumatic Stress Disorder,PTSD
NCT05663749,Schizophrenia,Schizophrenia & psychosis
NCT07836348,Psychotic Disorders,Schizophrenia & psychosis
NCT04813978,Anxiety,Anxiety
NCT03287778,Antipsychotic Agents,Schizophrenia & psychosis
NCT05249543,Panic Disorder,Anxiety
NCT05249543,Generalized Anxiety Disorder,Anxiety
NCT05249543,Social Anxiety Disorder,Anxiety
NCT05249543,Obsessive-Compulsive Disorder,OCD
NCT05249543,Posttraumatic Stress Disorder,PTSD
NCT01274715,Depression,Depression
NCT06526208,Anxiety,Anxiety
NCT06799325,Schizophrenia,Schizophrenia & psychosis
NCT03164876,Schizophrenia,Schizophrenia & psychosis
NCT01339689,PTSD,PTSD
NCT01266174,Schizophrenia,Schizophrenia & psychosis
NCT04861597,"Depression, Anxiety",Depression
NCT07102810,Anxiety,Anxiety
NCT06651320,Anxiety,Anxiety
NCT01579682,Anorexia Nervosa,Eating disorders
NCT07528482,Anxiety,Anxiety
NCT04957680,Depression,Depression
NCT01903096,Anxiety Disorders,Anxiety
NCT02308462,Schizophrenia and Disorders With Psychotic Features,Schizophrenia & psychosis
NCT02308462,Substance-Related Disorders,Substance use
NCT04562961,Schizophrenia,Schizophrenia & psychosis
NCT03160586,Anxiety Disorders,Anxiety
NCT05915013,"Depressive Disorder, Major",Depression
NCT05915013,Post Traumatic Stress Disorder,PTSD
NCT03129360,Psychosis,Schizophrenia & psychosis
NCT03129360,Schizophrenia,Schizophrenia & psychosis
NCT03129360,Schizo Affective Disorder,Schizophrenia & psychosis
NCT03129360,Schizophreniform,Schizophrenia & psychosis
NCT04569760,Generalized Anxiety Disorder,Anxiety
NCT04569760,Social Anxiety Disorder,Anxiety
NCT04569760,Panic Disorder,Anxiety
NCT04569760,Agoraphobia,Anxiety
NCT03538860,Anxiety Disorder,Anxiety
NCT03538860,Substance Use Disorder,Substance use
NCT03203720,Bipolar Disorder,Bipolar disorder
NCT02696824,Depressive Symptoms,Depression
NCT02371980,Major Depressive Disorder,Depression
NCT05139862,Depression,Depression
NCT05139862,Treatment Resistant Depression,Depression
NCT04040062,Major Depressive Disorder,Depression
NCT06634446,First Episode Psychosis (FEP),Schizophrenia & psychosis
NCT05806788,Binge Eating,Eating disorders
NCT05146427,"Depressive Disorder, Major",Depression
NCT05146427,Depression,Depression
NCT05146427,"Depression, Unipolar",Depression
NCT05146427,Depressive Disorder,Depression
NCT01438242,Major Depressive Disorder,Depression
NCT05504486,Major Depressive Disorder (MDD),Depression
NCT06463470,Avoidant/Restrictive Food Intake Disorder (ARFID),Eating disorders
NCT03954483,Anxiety,Anxiety
NCT03567083,Anxiety,Anxiety
NCT03567083,Depression,Depression
NCT03567083,Posttraumatic Stress Disorder,PTSD
NCT07030374,Anxiety State,Anxiety
NCT01935050,Depression,Depression
NCT01833897,Bipolar Disorder,Bipolar disorder
NCT03189810,Schizophrenia,Schizophrenia & psychosis
NCT03189810,Cannabis Use Disorder,Substance use
NCT02372110,Anxiety,Anxiety
NCT05920460,Depression,Depression
NCT05920460,Menopausal Depression,Depression
NCT05823324,Anxiety,Anxiety
NCT06188923,Anxiety and Depression,Depression
NCT02796859,Schizophrenia,Schizophrenia & psychosis
NCT02796859,Psychotic Disorders,Schizophrenia & psychosis
NCT02684279,Binge Eating Disorder,Eating disorders
NCT05391503,Obsessive-Compulsive Disorder,OCD
NCT04638842,Anxiety,Anxiety
NCT04638842,Depression,Depression
NCT02840942,Anxiety,Anxiety
NCT02197286,Schizophrenia,Schizophrenia & psychosis
NCT02197286,Schizoaffective Disorder,Schizophrenia & psychosis
NCT02448186,Depression,Depression
NCT02448186,Anxiety,Anxiety
NCT06066983,Anxiety Disorders,Anxiety
NCT01628783,Depression,Depression
NCT02872454,Major Depression,Depression
NCT04576754,Postpartum Depression,Depression
NCT03047005,Binge-Eating Disorder,Eating disorders
NCT03284294,Schizophrenia,Schizophrenia & psychosis
NCT05656066,Anxiety,Anxiety
NCT01929889,Schizophrenia,Schizophrenia & psychosis
NCT01929889,Schizoaffective Disorder,Schizophrenia & psychosis
NCT02246413,Depression,Depression
NCT05159713,Depression,Depression
NCT01929720,Anxiety Disorder,Anxiety
NCT01929720,Depression,Depression
NCT02911324,Obsessive-Compulsive Disorder,OCD
NCT03114488,Schizophrenia,Schizophrenia & psychosis
NCT04267003,Schizophrenia,Schizophrenia & psychosis
NCT07166289,Treatment-Resistant Depression,Depression
NCT06564818,Major Depressive Disorder,Depression
NCT05594810,Tobacco Use Disorder,Substance use
NCT05700760,Postpartum Depression,Depression
NCT01551979,Schizophrenia,Schizophrenia & psychosis
NCT06053346,Psychotic Disorders,Schizophrenia & psychosis
NCT06053346,Bipolar Disorder,Bipolar disorder
NCT06053346,Substance Use Disorders,Substance use
NCT05528146,Schizophrenia,Schizophrenia & psychosis
NCT06196346,Major Depressive Disorder,Depression
NCT03542903,Schizophrenia,Schizophrenia & psychosis
NCT02422303,Depression,Depression
NCT02422303,Major Depressive Disorder,Depression
NCT01682161,Schizophrenia,Schizophrenia & psychosis
NCT04766242,Moderate Depression,Depression
NCT01386086,Postpartum Depression,Depression
NCT02918370,Bipolar Disorder,Bipolar disorder
NCT02918370,Alcoholism,Substance use
NCT02918370,Alcohol Abuse,Substance use
NCT04925570,Alcohol Use Disorder (AUD),Substance use
NCT04925570,Substance Use Disorders,Substance use
NCT05816083,Substance Use Disorders,Substance use
NCT05889741,"Stress Disorders, Post-Traumatic",PTSD
NCT01305408,Depression,Depression
NCT04689568,Depression,Depression
NCT01576510,Posttraumatic Stress Disorder (PTSD),PTSD
NCT05560113,Post-Traumatic Stress Disorder,PTSD
NCT01151982,Depression,Depression
NCT02020824,Phobic Disorders,Anxiety
NCT05000879,Depression,Depression
NCT05000879,Antenatal Depression,Depression
NCT05000879,"Depression, Postpartum",Depression
NCT01056289,Major Depressive Disorder,Depression
NCT02615197,Post-traumatic Stress Disorder,PTSD
NCT07003997,Major Depressive Disorder,Depression
NCT01117220,Bipolar Disorder,Bipolar disorder
NCT06628323,Schizophrenia,Schizophrenia & psychosis
NCT02340559,Psychosis,Schizophrenia & psychosis
NCT06132659,Anxiety,Anxiety
NCT06132659,Social Anxiety Disorder,Anxiety
NCT06132659,Panic Disorder,Anxiety
NCT06132659,Generalized Anxiety Disorder,Anxiety
NCT02127879,Schizophrenia,Schizophrenia & psychosis
NCT03913988,Anxiety,Anxiety
NCT02859103,Depression,Depression
NCT02859103,Anhedonia,Depression
NCT05324527,Anxiety,Anxiety
NCT03955250,Psychotic Disorder,Schizophrenia & psychosis
NCT05762250,Depression,Depression
NCT04583774,Anorexia Nervosa,Eating disorders
NCT05051618,Major Depressive Disorder,Depression
NCT03132597,Anxiety,Anxiety
NCT03132597,Depression,Depression
NCT05658510,Bipolar I Disorder,Bipolar disorder
NCT05658510,Bipolar II Disorder,Bipolar disorder
NCT05658510,Schizophrenia,Schizophrenia & psychosis
NCT05658510,Schizoaffective Disorder,Schizophrenia & psychosis
NCT05658510,Schizophreniform Disorders,Schizophrenia & psychosis
NCT04761510,"Stress Disorders, Post-Traumatic",PTSD
NCT03600610,Anorexia Nervosa,Eating disorders
NCT01525524,Major Depressive Disorder 1,Depression
NCT05894980,Unipolar Depression,Depression
NCT03821779,Anxiety Disorders,Anxiety
NCT03821779,Anxiety,Anxiety
NCT03821779,Anxiety and Fear,Anxiety
NCT03837379,Depression,Depression
NCT05632770,PTSD,PTSD
NCT01571011,Major Depression,Depression
NCT03591211,Depressive Symptoms,Depression
NCT04975009,Fear Anxiety,Anxiety
NCT04975009,PTSD,PTSD
NCT01928043,Bipolar Disorder,Bipolar disorder
NCT06197243,Anxiety,Anxiety
NCT07115615,Obsessive Compulsive Disorder (OCD),OCD
NCT03838835,Anxiety,Anxiety
NCT04825535,Major Depressive Disorder,Depression
NCT02459925,Depression,Depression
NCT04052568,Anorexia Nervosa,Eating disorders
NCT02524171,Substance Use Disorder,Substance use
NCT03602716,Schizophrenia,Schizophrenia & psychosis
NCT05563649,Anorexia Nervosa,Eating disorders
NCT02283385,Depression,Depression
NCT03528135,Anxiety,Anxiety
NCT03528135,Depression,Depression
NCT03528135,Substance Use Disorders,Substance use
NCT06132425,Anxiety Disorders,Anxiety
NCT01965925,Bipolar Disorder,Bipolar disorder
NCT05708976,Major Depressive Disorder,Depression
NCT05708976,Depression,Depression
NCT05329376,"Depression, Anxiety",Depression
NCT04070417,Depression,Depression
NCT01981317,Obsessive Compulsive Disorder,OCD
NCT06475040,Anxiety Symptoms,Anxiety
NCT06475040,Anxiety Disorders,Anxiety
NCT04768621,Winter Depression,Depression
NCT05127733,Substance Use Disorders,Substance use
NCT06303843,Anxiety,Anxiety
NCT06387108,Depression,Depression
NCT06387108,Depression in Children,Depression
NCT06387108,Depression in Adolescence,Depression
NCT06163625,Major Depressive Disorder,Depression
NCT06163625,Treatment Resistant Depression,Depression
NCT05006976,Anxiety Disorders,Anxiety
NCT05006976,Depression,Depression
NCT03040076,Eating Disorder Symptom,Eating disorders
NCT01394250,Anxiety,Anxiety
NCT02057991,Anxiety Disorder,Anxiety
NCT02057991,Depression,Depression
NCT01189318,Major Depressive Disorder,Depression
NCT06804018,Anxiety,Anxiety
NCT04150718,Depression,Depression
NCT03887910,Postpartum Depression,Depression
NCT06708013,Major Depressive Disorder (MDD),Depression
NCT01590524,Anxiety,Anxiety
NCT01543724,Bipolar Disorder,Bipolar disorder
NCT05237999,Post-traumatic Stress Disorder,PTSD
NCT05990699,Substance Use Disorders,Substance use
NCT04000399,Depression,Depression
NCT05221632,Obsessive-Compulsive Disorder,OCD
NCT01325532,Major Depressive Disorder,Depression
NCT05837598,Severe Major Depression,Depression
NCT05837598,Schizophrenia,Schizophrenia & psychosis
NCT05837598,Bipolar Disorder,Bipolar disorder
NCT01325363,Schizophrenia,Schizophrenia & psychosis
NCT06486584,Schizophrenia,Schizophrenia & psychosis
NCT06486584,Bipolar Disorder,Bipolar disorder
NCT07189715,Generalized Anxiety,Anxiety
NCT06677515,Substance Use Disorders,Substance use
NCT04254068,Eating Disorders,Eating disorders
NCT02371291,Major Depressive Disorder,Depression
NCT06551974,Eating Disorder Symptom,Eating disorders
NCT06551974,Eating Disorders,Eating disorders
NCT03965897,Anxiety,Anxiety
NCT03965897,Depression,Depression
NCT03371810,Depression,Depression
NCT01550913,"Perinatal Depression, Substance Use",Depression
NCT05307224,Anxiety,Anxiety
NCT04655924,Depression,Depression
NCT03519698,Anorexia Nervosa,Eating disorders
NCT01310998,Schizophrenia,Schizophrenia & psychosis
NCT05712187,Major Depressive Disorder,Depression
NCT06086015,Anxiety Disorders,Anxiety
NCT02085135,Major Depressive Disorder,Depression
NCT01123317,Schizophrenia,Schizophrenia & psychosis
NCT06629740,Substance Use Disorder (SUD),Substance use
NCT06691789,Anxiety,Anxiety
NCT06695650,Anxiety,Anxiety
NCT06695650,Test Anxiety,Anxiety
NCT02793518,Bipolar Disorder,Bipolar disorder
NCT06118918,Anxiety,Anxiety
NCT06118918,Depression,Depression
NCT04007718,Anxiety,Anxiety
NCT02572674,Bipolar Disorder,Bipolar disorder
NCT06259318,Depression,Depression
NCT05145413,Schizophrenia,Schizophrenia & psychosis
NCT01646463,Postpartum Depression,Depression
NCT05897021,Depressive Symptoms,Depression
NCT05897021,Anxiety,Anxiety
NCT02733614,PTSD,PTSD
NCT01091506,Schizophrenia,Schizophrenia & psychosis
NCT03705143,Substance-Related Disorders,Substance use
NCT02039843,Post Traumatic Stress Disorders,PTSD
NCT04555408,Depression,Depression
NCT02884908,PTSD,PTSD
NCT02884908,Alcohol Use Disorder,Substance use
NCT07165925,Depressive Symptom,Depression
NCT07165925,Anxiety,Anxiety
NCT02178176,Depression,Depression
NCT05486676,Major Depressive Disorder,Depression
NCT07031817,Bipolar Disorder (BD),Bipolar disorder
NCT07031817,Major Depressive Episode (MDE),Depression
NCT07031817,Major Depression,Depression
NCT01687140,Obsessive-Compulsive Disorder,OCD
NCT04957368,Treatment Resistant Depression,Depression
NCT04957368,Major Depressive Disorder,Depression
NCT07307768,Treatment Resistant Depression (TRD),Depression
NCT03944850,Opioid Use Disorder,Substance use
NCT03090750,Anxiety,Anxiety
NCT06605274,Depression,Depression
NCT04421690,Generalized Anxiety Disorder,Anxiety
NCT07078097,Anxiety,Anxiety
NCT06418997,"Depression, Anxiety",Depression
NCT01371110,Obsessive Compulsive Disorder,OCD
NCT03941990,Anxiety,Anxiety
NCT07095387,Eco-anxiety,Anxiety
NCT04697693,Post Traumatic Stress Disorder,PTSD
NCT04697693,Major Depressive Disorder,Depression
NCT03789084,Illness Anxiety Disorder,Anxiety
NCT03789084,Health Anxiety,Anxiety
NCT02622048,Psychosis,Schizophrenia & psychosis
NCT02622048,Schizophrenia,Schizophrenia & psychosis
NCT04232878,Substance Use Disorders (SUD),Substance use
NCT05935735,Substance Use Disorders,Substance use
NCT02156908,Schizophrenia,Schizophrenia & psychosis
NCT04252508,Anxiety,Anxiety
NCT03661125,Parkinson Disease Psychosis,Schizophrenia & psychosis
NCT03062150,Major Depression,Depression
NCT03484390,"Stress Disorder, Posttraumatic",PTSD
NCT02723097,Post Traumatic Stress Disorder (PTSD),PTSD
NCT06978855,Anxiety,Anxiety
NCT05284435,Anxiety Disorder,Anxiety
NCT05284435,Obsessive-Compulsive Disorder,OCD
NCT05284435,Social Anxiety Disorder,Anxiety
NCT05284435,Generalized Anxiety Disorder,Anxiety
NCT05284435,Specific Phobia,Anxiety
NCT01194076,Obsessive Compulsive Disorder,OCD
NCT02774018,Anxiety Depression (Mild or Not Persistent),Depression
NCT05964998,Obsessive-Compulsive Disorder,OCD
NCT05509998,First Episode Psychosis (FEP),Schizophrenia & psychosis
NCT05509998,Clinical High Risk for Psychosis (CHR),Schizophrenia & psychosis
NCT01628263,Post Traumatic Stress Disorder,PTSD
NCT04844138,Perinatal Anxiety,Anxiety
NCT04844138,Perinatal Depression,Depression
NCT05484258,Anxiety,Anxiety
NCT05484258,Depression,Depression
NCT05484258,Alcohol Use Disorder,Substance use
NCT04179526,Anxiety Disorders,Anxiety
NCT04179526,Social Anxiety Disorder,Anxiety
NCT04179526,Generalized Anxiety Disorder,Anxiety
NCT04179526,Panic Disorder,Anxiety
NCT04179526,Persistent Depressive Disorder,Depression
NCT04179526,Major Depressive Disorder,Depression
NCT04334278,Depression,Depression
NCT01738308,Post-Traumatic Stress Disorder,PTSD
NCT02920840,Depression,Depression
NCT04887168,Complex Post-Traumatic Stress Disorder,PTSD
NCT03899168,"Major Depressive Disorder, Recurrent",Depression
NCT03899168,Depressive Episode,Depression
NCT03899168,"Depressive Disorder, Major",Depression
NCT03899168,Depression,Depression
NCT03460574,Major Depressive Disorder,Depression
NCT03152409,Depression,Depression
NCT03152409,Depressive Disorder,Depression
NCT03152409,Major Depressive Disorder,Depression
NCT03152409,Treatment Resistant Depression,Depression
NCT05501132,Obsessive-Compulsive Symptom,OCD
NCT05119699,Treatment Resistant Depression,Depression
NCT05732298,Depression,Depression
NCT05762887,Bipolar Disorder,Bipolar disorder
NCT03019887,Schizophrenia Relapse,Schizophrenia & psychosis
NCT05728021,Bulimia Nervosa,Eating disorders
NCT03843333,Depressive Symptoms,Depression
NCT07113548,Depression - Major Depressive Disorder,Depression
NCT01744548,Depression,Depression
NCT01744548,Anxiety,Anxiety
NCT01748955,Depression,Depression
NCT02097355,Depression,Depression
NCT07399626,Bipolar Disorder (BD),Bipolar disorder
NCT05252026,Anxiety Disorders and Symptoms,Anxiety
NCT05252026,Depressive Symptoms,Depression
NCT04289415,Substance Use Disorders,Substance use
NCT01595568,Alcohol Abuse,Substance use
NCT01595568,Anxiety Disorder,Anxiety
NCT06648668,Cocaine Use Disorder,Substance use
NCT03262350,Eating Disorder,Eating disorders
NCT03092050,Depression,Depression
NCT02954250,"Depression, Anxiety",Depression
NCT02847533,Depression,Depression
NCT04929938,Psychosis,Schizophrenia & psychosis
NCT02520726,Post-traumatic Stress Disorder,PTSD
NCT05264415,Anxiety,Anxiety
NCT05264415,Depression,Depression
NCT05344625,Depressive Symptoms,Depression
NCT05344625,Anxiety Disorders,Anxiety
NCT02871076,PTSD,PTSD
NCT06505668,Treatment Resistant Schizophrenia,Schizophrenia & psychosis
NCT06772987,Major Depressive Disorder (MDD),Depression
NCT02817438,Anxiety Disorders,Anxiety
NCT07737808,Addiction,Substance use
NCT06096740,Post Traumatic Stress Disorder,PTSD
NCT06096740,Anhedonia,Depression
NCT06096740,PTSD,PTSD
NCT06096740,Chronic PTSD,PTSD
NCT06096740,Chronic Post-Traumatic Stress Disorder,PTSD
NCT07071350,Post Traumatic Stress Disorder,PTSD
NCT04877197,Depression,Depression
NCT05612659,Post-stroke Depression,Depression
NCT05583162,Eating Disorders,Eating disorders
NCT05583162,Disordered Eating,Eating disorders
NCT06758362,Post Traumatic Stress Disorder PTSD,PTSD
NCT02807688,Psychotic Disorders,Schizophrenia & psychosis
NCT02807688,Bipolar Disorders,Bipolar disorder
NCT04185727,Anorexia Nervosa,Eating disorders
NCT02476370,Anxiety,Anxiety
NCT02270073,Major Depression,Depression
NCT02270073,Anxiety Disorder,Anxiety
NCT01413854,Depression Suicidal,Depression
NCT05380466,Anxiety,Anxiety
NCT02286466,Anxiety,Anxiety
NCT02977403,Binge Eating,Eating disorders
NCT04235686,Bipolar Depression,Depression
NCT05597241,Major Depressive Disorder,Depression
NCT04638231,Major Depressive Disorder,Depression
NCT01312922,Major Depressive Disorder,Depression
NCT04486222,"Depressive Disorder, Major",Depression
NCT06429722,Major Depressive Episode Associated With Bipolar II Disorder,Depression
NCT04694261,Perinatal Depression,Depression
NCT04694261,Anxiety,Anxiety
NCT04250441,Depression,Depression
NCT04250441,Anxiety,Anxiety
NCT07152054,Anxiety,Anxiety
NCT05662254,Depression,Depression
NCT06385405,Major Depressive Disorder (MDD),Depression
NCT06894394,Anxiety Disorders,Anxiety
NCT06894394,Depressive Disorder,Depression
NCT05142683,Major Depressive Disorder,Depression
NCT06278922,PTSD,PTSD
NCT03608137,Schizophrenia,Schizophrenia & psychosis
NCT05186272,Post Partum Depression,Depression
NCT05186272,Perinatal Depression,Depression
NCT02876172,Posttraumatic Stress Disorder,PTSD
NCT05123872,Depression,Depression
NCT04740879,Depressive Symptoms,Depression
NCT04740879,"Major Depressive Disorder, Recurrent, in Remission",Depression
NCT06001346,Major Depressive Disorder,Depression
NCT05325788,Alcohol Use Disorder,Substance use
NCT05325788,Opioid Use Disorder,Substance use
NCT06248203,Depression,Depression
NCT06248203,Anxiety,Anxiety
NCT05630261,Depression,Depression
NCT04107870,Anorexia Nervosa,Eating disorders
NCT04850183,"Depression, Anxiety",Depression
NCT03008005,PostTraumatic Stress Disorder,PTSD
NCT03318666,Depression,Depression
NCT03318666,Anxiety,Anxiety
NCT03325556,Dementia-related Psychosis,Schizophrenia & psychosis
NCT07185451,Depression - Major Depressive Disorder,Depression
NCT03953729,Anxiety,Anxiety
NCT02418702,Depression,Depression
NCT06506253,Generalized Anxiety Disorder,Anxiety
NCT02338453,Social Anxiety Disorder,Anxiety
NCT02433353,Posttraumatic Stress Disorder,PTSD
NCT01524380,Schizophrenia,Schizophrenia & psychosis
NCT05251779,Depressive Disorder,Depression
NCT05679362,"Depression, Anxiety",Depression
NCT01512303,PTSD,PTSD
NCT01626703,Depression,Depression
NCT07245641,Post Traumatic Stress Disorder (PTSD),PTSD
NCT06410794,Anxiety Disorders,Anxiety
NCT06410794,Depression,Depression
NCT06434766,Posttraumatic Stress Disorder,PTSD
NCT04348851,Depression,Depression
NCT01464229,Major Depressive Disorder,Depression
NCT06830837,Anxiety,Anxiety
NCT06848777,Anxiety,Anxiety
NCT03439813,Anxiety Disorders,Anxiety
NCT07077759,Postpartum Depression (PPD),Depression
NCT06833788,Postpartum Depression (PPD),Depression
NCT02351388,Depression,Depression
NCT05313542,Depressive Symptoms,Depression
NCT03628573,Depression,Depression
NCT06016673,PTSD,PTSD
NCT04425473,Depressive Symptoms,Depression
NCT06887569,Depression/Anxiety,Depression
NCT01966705,Severe Health Anxiety,Anxiety
NCT01966705,Illness Anxiety Disorder,Anxiety
NCT04648605,Post-traumatic Stress,PTSD
NCT05981794,Anxiety,Anxiety
NCT07550556,PTSD - Post Traumatic Stress Disorder,PTSD
NCT06882629,Anxiety Disorder of Childhood,Anxiety
NCT03256162,Major Depressive Episode,Depression
NCT03256162,Unipolar Depression,Depression
NCT03256162,Bipolar Depression,Depression
NCT01561742,Schizophrenia,Schizophrenia & psychosis
NCT03995186,Depression,Depression
NCT03995186,Depressive Disorder,Depression
NCT04626570,Food Addiction,Substance use
NCT02365870,Anxiety Disorders,Anxiety
NCT03043573,Depression,Depression
NCT07022873,Eating Disorder Symptoms,Eating disorders
NCT07022873,Disordered Eating Behaviors,Eating disorders
NCT05165394,Anhedonia,Depression
NCT05165394,Major Depressive Disorder,Depression
NCT03312894,Treatment-Resistant Depression,Depression
NCT02191553,Depression,Depression
NCT02191553,Anxiety,Anxiety
NCT04603053,Adolescent Depression,Depression
NCT04603053,Anxiety Disorders,Anxiety
NCT06294353,Eating Disorders,Eating disorders
NCT06294353,Binge Eating,Eating disorders
NCT06294353,Binge-Eating Disorder,Eating disorders
NCT02283437,Schizophrenia Spectrum Disorders,Schizophrenia & psychosis
NCT01636037,Schizophrenia,Schizophrenia & psychosis
NCT05334537,Anxiety,Anxiety
NCT01672437,Depression,Depression
NCT02824445,Post-Traumatic Stress Disorders,PTSD
NCT01526395,Major Depressive Disorder,Depression
NCT01526395,Bipolar Disorder,Bipolar disorder
NCT01526395,Schizophrenia,Schizophrenia & psychosis
NCT02969382,Schizophrenia,Schizophrenia & psychosis
NCT05662423,PTSD (Childbirth-Related),PTSD
NCT06809179,Social Anxiety Disorder,Anxiety
NCT06567496,Anxiety,Anxiety
NCT06567496,Depression,Depression
NCT03739203,Major Depressive Disorder,Depression
NCT06714942,Anxiety,Anxiety
NCT03299166,Obsessive-Compulsive Disorder,OCD
NCT05187156,Posttraumatic Stress Disorder,PTSD
NCT05555056,Depression,Depression
NCT05555056,Anxiety,Anxiety
NCT05555056,"Stress Disorders, Post-Traumatic",PTSD
NCT04822051,Schizophrenia,Schizophrenia & psychosis
NCT03248167,Alcohol Use Disorder,Substance use
NCT03248167,Post Traumatic Stress Disorder,PTSD
NCT02701361,Depression,Depression
NCT02701361,Anxiety,Anxiety
NCT02701361,Post-traumatic Stress Disorder,PTSD
NCT05097586,Major Depression,Depression
NCT05097586,Postpartum Depression,Depression
NCT03932773,Post Traumatic Stress Disorder,PTSD
NCT05522673,Depression,Depression
NCT05178966,Bipolar Disorder,Bipolar disorder
NCT01941251,Schizophrenia,Schizophrenia & psychosis
NCT01941251,Schizoaffective Disorder,Schizophrenia & psychosis
NCT02972853,Depression,Depression
NCT02972853,Anxiety,Anxiety
NCT01633437,Major Depressive Disorder,Depression
NCT02090595,Anxiety,Anxiety
NCT02090595,Bipolar Disorder,Bipolar disorder
NCT02922439,Depression,Depression
NCT02776839,Depression,Depression
NCT01410357,Bipolar Disorder,Bipolar disorder
NCT01410357,Depression,Depression
NCT01410357,Psychotic Disorders,Schizophrenia & psychosis
NCT01410357,Schizophrenia,Schizophrenia & psychosis
NCT05359081,Schizophrenia,Schizophrenia & psychosis
NCT06219681,"Depressive Disorder, Major",Depression
NCT02586688,Major Depressive Disorder,Depression
NCT06898788,Depression,Depression
NCT05596903,Post Traumatic Stress Disorder,PTSD
NCT06189027,PTSD,PTSD
NCT01548742,"Stress Disorders, Post-Traumatic",PTSD
NCT04664270,Depression,Depression
NCT04664270,Anxiety,Anxiety
NCT07776769,Post Traumatic Stress Disorder PTSD,PTSD
NCT01623583,Needle Phobia,Anxiety
NCT01623583,Phobic Disorders,Anxiety
NCT00928941,Post-Traumatic Stress Disorder,PTSD
NCT06627894,Depression,Depression
NCT04161066,Opioid Use Disorder,Substance use
NCT04323566,Obsessive-Compulsive Disorder,OCD
NCT04323566,Obsessive-Compulsive Behavior,OCD
NCT04323566,Schizophrenia,Schizophrenia & psychosis
NCT04323566,Brief Psychotic Disorder,Schizophrenia & psychosis
NCT04323566,Schizo Affective Disorder,Schizophrenia & psychosis
NCT04323566,Other Psychoses,Schizophrenia & psychosis
NCT04323566,Unspecified Psychosis,Schizophrenia & psychosis
NCT06683456,Binge Eating,Eating disorders
NCT01813656,Methamphetamine Dependence,Substance use
NCT06176456,Schizophrenia,Schizophrenia & psychosis
NCT06176456,Schizo Affective Disorder,Schizophrenia & psychosis
NCT06176456,Bipolar Affective Disorder,Bipolar disorder
NCT06702722,Depression,Depression
NCT06702722,"Depression, Postpartum",Depression
NCT01459029,Schizophrenia,Schizophrenia & psychosis
NCT07064629,Anxiety Disorders,Anxiety
NCT02867631,Depression,Depression
NCT05220202,Depression,Depression
NCT02708472,Generalized Anxiety Disorder (GAD),Anxiety
NCT02659475,Binge Eating Disorder,Eating disorders
NCT04238312,Anxiety,Anxiety
NCT05866042,Major Depressive Disorder,Depression
NCT05143983,Depression,Depression
NCT04019054,Arachnophobia,Anxiety
NCT04019054,Phobia,Anxiety
NCT01775605,Anxiety,Anxiety
NCT04913194,Avoidant Restrictive Food Intake Disorder,Eating disorders
NCT01066156,Post-Traumatic Stress Disorder,PTSD
NCT06431022,Post Traumatic Stress Disorder,PTSD
NCT01932931,Major Depression,Depression
NCT03708172,Depression,Depression
NCT07763977,Obsessive Compulsive Disorder (OCD),OCD
NCT06697275,Anxiety and Fear,Anxiety
NCT02796612,Anxiety,Anxiety
NCT02216981,Obsessive Compulsive Disorder (OCD),OCD
NCT05576883,Depressive Symptoms,Depression
NCT05576883,Anxiety,Anxiety
NCT04563741,PTSD,PTSD
NCT03874494,Schizophrenia,Schizophrenia & psychosis
NCT02101372,Psychosis,Schizophrenia & psychosis
NCT04612777,Schizophrenia and Related Disorders,Schizophrenia & psychosis
NCT04612777,Bipolar Disorder,Bipolar disorder
NCT04612777,Depressive Disorder,Depression
NCT01564719,Depression,Depression
NCT06312241,Depressive Symptoms,Depression
NCT05847231,Anxiety Level,Anxiety
NCT02623231,Depression,Depression
NCT05524402,Anxiety,Anxiety
NCT03238872,Anxiety,Anxiety
NCT03238872,Mild to Moderate Depression,Depression
NCT02809677,Major Depressive Disorder,Depression
NCT06921512,Anxiety Symptom,Anxiety
NCT06921512,Depression Symptom,Depression
NCT06911112,Major Depressive Disorder,Depression
NCT03874130,Major Depressive Disorder (MDD),Depression
NCT03207828,Depression,Depression
NCT07081451,Depression,Depression
NCT03413631,Substance-Related Disorders,Substance use
NCT03413631,Depression,Depression
NCT03413631,Anxiety,Anxiety
NCT02341131,Schizophrenia,Schizophrenia & psychosis
NCT04481737,Schizophrenia,Schizophrenia & psychosis
NCT04481737,Bipolar Disorder,Bipolar disorder
NCT04481737,"Major Depressive Disorder, Recurrent",Depression
NCT05980845,Anxiety,Anxiety
NCT02223845,Anxiety,Anxiety
NCT01244477,"Stress Disorders, Post Traumatic",PTSD
NCT05446857,PTSD,PTSD
NCT05829681,Obsessive-Compulsive Disorder,OCD
NCT04956081,Treatment Resistant Depression,Depression
NCT05929183,Bipolar Disorder,Bipolar disorder
NCT06659094,Obsessive Compulsive Disorder (OCD),OCD
NCT03212794,Opioid-use Disorder,Substance use
NCT06244329,Substance Use Disorders,Substance use
NCT06949202,Test Anxiety,Anxiety
NCT03375853,Feeding and Eating Disorders,Eating disorders
NCT07492537,Subclinical Depression,Depression
NCT04152772,PTSD,PTSD
NCT02191995,Anorexia Nervosa,Eating disorders
NCT02191995,Bulimia Nervosa,Eating disorders
NCT01328639,Depression,Depression
NCT01328639,Depressive Symptoms,Depression
NCT06706739,Subthreshold Depression,Depression
NCT05047081,Depression,Depression
NCT05047081,Anxiety,Anxiety
NCT06488729,Anxiety,Anxiety
NCT02267629,Obsessive-Compulsive Disorder (OCD),OCD
NCT07066631,Depression,Depression
NCT07066631,Anxiety,Anxiety
NCT02752945,Anxiety,Anxiety
NCT02752945,Depression,Depression
NCT05345977,Schizophrenia,Schizophrenia & psychosis
NCT02267057,Depression,Depression
NCT04826601,Anxiety,Anxiety
NCT06781801,Psychotic Disorders,Schizophrenia & psychosis
NCT03414112,Anorexia Nervosa,Eating disorders
NCT04980781,Bulimia Nervosa,Eating disorders
NCT04980781,Binge-Eating Disorder,Eating disorders
NCT04985331,"Depression, Teen",Depression
NCT02831153,Anxiety,Anxiety
NCT02831153,Depression,Depression
NCT02679053,Depression,Depression
NCT03319953,Stable Schizophrenia,Schizophrenia & psychosis
NCT04424745,Binge-Eating Disorder,Eating disorders
NCT03569475,Major Depressive Disorder,Depression
NCT02057081,Posttraumatic Stress Disorders,PTSD
NCT02057081,Depression,Depression
NCT04666831,Food Addiction,Substance use
NCT04666831,Binge Eating,Eating disorders
NCT02900053,Post-traumatic Stress Disorder,PTSD
NCT04497857,Schizophrenia,Schizophrenia & psychosis
NCT04497857,Schizoaffective Disorder,Schizophrenia & psychosis
NCT04497857,Schizophreniform Disorders,Schizophrenia & psychosis
NCT04497857,Major Depression With Psychotic Features,Depression
NCT04497857,Bipolar Disorder With Psychotic Features,Bipolar disorder
NCT02618772,Anxiety,Anxiety
NCT05360901,"Depression, Anxiety",Depression
NCT04558112,PTSD,PTSD
NCT04558112,Post Traumatic Stress Disorder,PTSD
NCT02164981,Schizophrenia,Schizophrenia & psychosis
NCT05481099,Test Anxiety,Anxiety
NCT02484599,Anorexia Nervosa,Eating disorders
NCT01410721,Posttraumatic Stress Disorder,PTSD
NCT01190514,Depression - Major Depressive Disorder,Depression
NCT01919216,Major Depressive Disorder,Depression
NCT01140906,Major Depressive Disorder,Depression
NCT02072304,Depression,Depression
NCT03473704,Depression,Depression
NCT01983904,"Depressive Disorder, Treatment-Resistant",Depression
NCT01644747,Resistant Depression,Depression
NCT01644747,Unipolar Depression,Depression
NCT01644747,Bipolar Disorder,Bipolar disorder
NCT03278938,Depressive Illness,Depression
NCT06546358,Postpartum Depression,Depression
NCT01291511,Schizophrenia,Schizophrenia & psychosis
NCT02572921,Depression,Depression
NCT06963112,Anxiety,Anxiety
NCT04035681,Depression,Depression
NCT03332381,Anxiety,Anxiety
NCT03332381,Depression,Depression
NCT04998565,Post Partum Depression,Depression
NCT07681765,Anxiety,Anxiety
NCT07681765,Stress and Anxiety,Anxiety
NCT02013609,MDD,Depression
NCT05924399,Post-traumatic Stress Disorder,PTSD
NCT05924399,"Post-Traumatic Stress Disorder, Chronic",PTSD
NCT06229132,Depression,Depression
NCT06229132,Anxiety,Anxiety
NCT05683132,PTSD,PTSD
NCT04541563,Major Depressive Disorder,Depression
NCT03446963,Depression,Depression
NCT04951193,Depressive Symptoms,Depression
NCT04951193,Depression,Depression
NCT02407652,Major Depression in Remission,Depression
NCT07333365,State Anxiety,Anxiety
NCT04063267,Addiction,Substance use
NCT04934007,Obsessive-Compulsive Disorder,OCD
NCT04169971,Anxiety,Anxiety
NCT05450432,Major Depressive Disorder,Depression
NCT05203198,Depression,Depression
NCT02529163,Schizophrenia,Schizophrenia & psychosis
NCT02529163,Schizoaffective Disorder,Schizophrenia & psychosis
NCT05816421,"Depression, Anxiety",Depression
NCT05816421,Post Traumatic Stress Disorder,PTSD
NCT03825614,Depressive Symptoms,Depression
NCT06962514,Depression,Depression
NCT07272304,Anxiety,Anxiety
NCT07272304,Depression Chronic,Depression
NCT06745349,Depression,Depression
NCT06745349,Anxiety,Anxiety
NCT05685511,Anxiety,Anxiety
NCT05685511,Depression,Depression
NCT03022071,Depression,Depression
NCT03497299,Tobacco Use Disorder,Substance use
NCT03497299,Schizophrenia,Schizophrenia & psychosis
NCT01812187,Substance Abuse Problem,Substance use
NCT01812187,Alcohol Abuse,Substance use
NCT01812187,Alcohol Dependence,Substance use
NCT06334887,Obsessive-Compulsive Disorder,OCD
NCT04972006,Anxiety Disorder of Childhood,Anxiety
NCT05627206,Depressive Symptoms,Depression
NCT05627206,Anxiety,Anxiety
NCT04728204,Depression,Depression
NCT02290847,Posttraumatic Stress Disorder,PTSD
NCT02290847,PTSD,PTSD
NCT03866252,Major Depressive Disorder,Depression
NCT04719949,Depression in Adolescence,Depression
NCT02232438,Depression,Depression
NCT02232438,Anxiety,Anxiety
NCT03079336,Generalized Anxiety Disorder,Anxiety
NCT06474936,Eating Disorders,Eating disorders
NCT03621371,Generalized Anxiety Disorder,Anxiety
NCT02158663,Posttraumatic Stress Disorder,PTSD
NCT02158663,Depression,Depression
NCT05450614,"Depressive Disorder, Major",Depression
NCT01278316,Post-Traumatic Stress Disorders,PTSD
NCT04715906,Anxiety Disorders,Anxiety
NCT04715906,Depression,Depression
NCT05747092,Anxiety and Depression,Depression
NCT05533398,Anxiety,Anxiety
NCT02850393,Obsessive Compulsive Disorder,OCD
NCT05110014,Depression,Depression
NCT04027933,Anxiety and Fear,Anxiety
NCT03237052,Schizophrenia,Schizophrenia & psychosis
NCT03518749,Depression Unipolar,Depression
NCT06559826,Major Depressive Disorder,Depression
NCT05656430,Depression Symptoms,Depression
NCT05656430,Anxiety Symptoms,Anxiety
NCT05605028,Depression,Depression
NCT05605028,Anxiety,Anxiety
NCT05457465,Bipolar Disorder,Bipolar disorder
NCT01356667,Substance Use Disorders,Substance use
NCT07076407,Major Depressive Disorder,Depression
NCT05976009,Major Depressive Disorder,Depression
NCT05976009,Treatment Resistant Depression,Depression
NCT05976009,MDD,Depression
NCT07704632,OCD,OCD
NCT07704632,Obsessive-Compulsive Disorder (OCD),OCD
NCT07704632,Obsessive-Compulsive Disorder,OCD
NCT04675684,Depression,Depression
NCT07156747,Anxiety,Anxiety
NCT05815121,Anxiety State,Anxiety
NCT05093816,Depression,Depression
NCT05093816,Anxiety,Anxiety
NCT06938997,Schizophenia Disorder,Schizophrenia & psychosis
NCT03448523,Depression,Depression
NCT02274688,Post Traumatic Concerns,PTSD
NCT02274688,Post Traumatic Stress Disorder,PTSD
NCT02274688,Depression and Suicide Ideation,Depression
NCT03024203,Psychotic Disorders,Schizophrenia & psychosis
NCT03490903,Anxiety,Anxiety
NCT04226742,"Depression, Anxiety",Depression
NCT06209541,Depression Symptoms,Depression
NCT06209541,Anxiety Symptoms,Anxiety
NCT01254305,Major Depressive Disorder,Depression
NCT03241056,Obsessive-Compulsive Disorder,OCD
NCT04299256,Anxiety Depression,Depression
NCT01051466,Major Depressive Disorder,Depression
NCT02930005,Psychotic Disorders,Schizophrenia & psychosis
NCT02930005,Schizophrenia,Schizophrenia & psychosis
NCT02930005,Schizoaffective Disorder,Schizophrenia & psychosis
NCT02930005,Bipolar Disorder,Bipolar disorder
NCT04559529,Schizophrenia; Psychosis,Schizophrenia & psychosis
NCT05286645,Depressive Disorder,Depression
NCT01595477,Posttraumatic Stress Disorder,PTSD
NCT03623477,Schizophrenia,Schizophrenia & psychosis
NCT07017881,Schizophenia Disorder,Schizophrenia & psychosis
NCT04632719,"Depression, Anxiety",Depression
NCT06286202,Schizophrenia,Schizophrenia & psychosis
NCT06286202,Schizoaffective Disorder,Schizophrenia & psychosis
NCT07638202,Major Depressive Disorder (MDD),Depression
NCT01924039,Psychosis,Schizophrenia & psychosis
NCT01924039,Substance Use,Substance use
NCT02877875,Anxiety,Anxiety
NCT02877875,Depression,Depression
NCT07152665,Fear Anxiety,Anxiety
NCT03949465,Postpartum Depression,Depression
NCT03949465,Antepartum Depression,Depression
NCT03949465,Peripartum Depression,Depression
NCT05267665,Posttraumatic Stress Disorder,PTSD
NCT05863065,Anxiety State,Anxiety
NCT06148454,Depressive Symptoms,Depression
NCT06148454,Anxiety Disorders and Symptoms,Anxiety
NCT05221151,Anxiety,Anxiety
NCT05814653,Eating Disorders,Eating disorders
NCT06599372,Schizophrenia,Schizophrenia & psychosis
NCT01153139,Major Depression,Depression
NCT05650177,Persistent Depressive Disorder,Depression
NCT06866301,Anorexia Nervosa,Eating disorders
NCT03827057,Posttraumatic Stress Disorder,PTSD
NCT05540041,Anxiety,Anxiety
NCT04574466,PTSD,PTSD
NCT04574466,Anxiety,Anxiety
NCT04574466,Depression,Depression
NCT01399502,Depressive Disorder,Depression
NCT01399502,Depression,Depression
NCT06746337,Depression During Pregnancy,Depression
NCT06746337,"Depression, Postpartum",Depression
NCT04233853,Depression,Depression
NCT04233853,Anxiety,Anxiety
NCT04554537,Posttraumatic Stress Disorder,PTSD
NCT03356639,Schizophrenia,Schizophrenia & psychosis
NCT06546475,Psychosis,Schizophrenia & psychosis
NCT04369001,Depression,Depression
NCT04815681,Depressive Symptoms,Depression
NCT04815681,Anxiety,Anxiety
NCT02153281,Major Depressive Disorder,Depression
NCT01449981,Alcohol Abuse,Substance use
NCT01449981,Alcohol Dependence,Substance use
NCT01449981,Drug Dependence,Substance use
NCT06623981,Depression,Depression
NCT06788119,Anxiety Disorders,Anxiety
NCT06788119,Specific Phobia,Anxiety
NCT06788119,Panic Disorder,Anxiety
NCT06788119,Agoraphobia,Anxiety
NCT06788119,Social Anxiety Disorder,Anxiety
NCT07768319,Bulimia Nervosa,Eating disorders
NCT06649994,Binge Eating,Eating disorders
NCT03801551,Schizophrenia,Schizophrenia & psychosis
NCT06756529,Anxiety,Anxiety
NCT06523439,Major Depressive Disorder,Depression
NCT06523439,Depression in Adolescence,Depression
NCT06523439,Depression,Depression
NCT06523439,Major Depressive Episode,Depression
NCT07032012,Anxiety,Anxiety
NCT06190483,Prodromal Schizophrenia,Schizophrenia & psychosis
NCT07120841,"Depression, Anxiety Disorders",Depression
NCT05194722,Anxiety,Anxiety
NCT05194722,Depression,Depression
NCT02222012,Depression,Depression
NCT05312151,Post Traumatic Stress Disorder,PTSD
NCT07001202,Depression Disorders,Depression
NCT07001202,Anxiety,Anxiety
NCT04679753,Major Depressive Disorder,Depression
NCT04021537,PTSD,PTSD
NCT03402672,Opioid-use Disorder,Substance use
NCT03402672,Drug Addiction,Substance use
NCT03402672,Substance Use Disorders,Substance use
NCT01703039,Major Depressive Disorder,Depression
NCT01460212,Major Depressive Disorder,Depression
NCT06427928,Anxiety,Anxiety
NCT07072728,Adjustment Disorder With Anxious Mood,Anxiety
NCT04452500,PTSD,PTSD
NCT02570594,Schizophrenia,Schizophrenia & psychosis
NCT07118722,Depression,Depression
NCT04509102,Major Depressive Disorder,Depression
NCT03830372,Depression,Depression
NCT02218775,Anxiety Disorders,Anxiety
NCT01588457,Bipolar I Disorder,Bipolar disorder
NCT01588457,Bipolar II Disorder,Bipolar disorder
NCT06007612,Complex Post-Traumatic Stress Disorder,PTSD
NCT01658228,Depression,Depression
NCT06518642,Major Depressive Disorder,Depression
NCT05555186,Depression,Depression
NCT03468686,Major Depressive Disorder,Depression
NCT03468686,Bipolar Depression,Depression
NCT01081769,Schizophrenia,Schizophrenia & psychosis
NCT02395094,"Preoperative, Anxiety",Anxiety
NCT03719651,Post-traumatic Stress Disorder,PTSD
NCT02120937,Bipolar Disorder,Bipolar disorder
NCT06267196,Anxiety,Anxiety
NCT02353546,Depression,Depression
NCT01875861,Psychotic Disorders,Schizophrenia & psychosis
NCT02782442,Schizophrenia,Schizophrenia & psychosis
NCT02782442,Psychosis,Schizophrenia & psychosis
NCT02782442,Schizoaffective Disorder,Schizophrenia & psychosis
NCT02782442,Psychotic Depression,Depression
NCT02782442,Psychotic Mood Disorders,Schizophrenia & psychosis
NCT02782442,Psychotic Disorders,Schizophrenia & psychosis
NCT02782442,Psychotic Episode,Schizophrenia & psychosis
NCT05064254,Anxiety,Anxiety
NCT05818969,Anxiety,Anxiety
NCT05818969,Opioid Use,Substance use
NCT02560805,"Stress Disorders, Post-Traumatic",PTSD
NCT07530822,Anxiety,Anxiety
NCT02239822,Depression,Depression
NCT06768359,Anxiety,Anxiety
NCT02015546,Major Depressive Disorder (MDD),Depression
NCT02016261,Recurrent Depressive Disorder,Depression
NCT04696770,Anxiety,Anxiety
NCT04696770,Depression,Depression
NCT02070783,Depression,Depression
NCT07267741,Depression,Depression
NCT07267741,Anxiety,Anxiety
NCT01781013,Depression,Depression
NCT04935723,Anxiety,Anxiety
NCT06636903,Anxiety,Anxiety
NCT01521442,PTSD,PTSD
NCT04837573,Depressive Symptoms,Depression
NCT04837573,Depression,Depression
NCT06929273,Bipolar Disorder Type I With Mania,Bipolar disorder
NCT02630069,Substance Use Disorders,Substance use
NCT04556331,Anxiety,Anxiety
NCT03712410,Anxiety Generalized,Anxiety
NCT03712410,Depression,Depression
NCT04225624,Obsessive-Compulsive Disorder,OCD
NCT04225624,Generalized Anxiety Disorder,Anxiety
NCT04225624,Major Depressive Disorder,Depression
NCT05223959,Bipolar Disorder,Bipolar disorder
NCT06868446,PTSD,PTSD
NCT06868446,Post Traumatic Stress Disorder,PTSD
NCT06534086,Anxiety State,Anxiety
NCT03684473,Posttraumatic Stress Disorders,PTSD
NCT03684473,PTSD,PTSD
NCT05673941,Schizophrenia and Related Disorders,Schizophrenia & psychosis
NCT05936905,Anxiety Depression,Depression
NCT04373590,Early Psychosis,Schizophrenia & psychosis
NCT01496690,Schizophrenia,Schizophrenia & psychosis
NCT01496690,Anxiety-comorbidity to Schizophrenia,Anxiety
NCT02493010,Social Anxiety,Anxiety
NCT05041660,Binge Eating,Eating disorders
NCT03526523,Perimenopausal Depression,Depression
NCT03526523,Depressive Symptoms,Depression
NCT03140124,Anxiety Disorders,Anxiety
NCT03014362,Suicidal Depression,Depression
NCT04982042,Anxiety Disorder; Mixed With Depression (Mild),Depression
NCT06271642,Anxiety,Anxiety
NCT04030169,PTSD,PTSD
NCT05838560,Schizophrenia,Schizophrenia & psychosis
NCT05838560,Treatment Resistant Depression,Depression
NCT06032182,Early Psychosis,Schizophrenia & psychosis
NCT07051096,Anxiety,Anxiety
NCT05333627,Depression,Depression
NCT05333627,Anxiety,Anxiety
NCT06249386,Alcohol Use Disorder,Substance use
NCT06249386,Posttraumatic Stress Disorder,PTSD
NCT03630783,"Phobia, Social",Anxiety
NCT01914393,Schizophrenia,Schizophrenia & psychosis
NCT01914393,Bipolar Depression,Depression
NCT04988516,Anxiety,Anxiety
NCT05188547,Anxiety,Anxiety
NCT06856148,Substance Abuse,Substance use
NCT06856148,Substance Use Disorders,Substance use
NCT01607125,Depression,Depression
NCT06831435,Depression,Depression
NCT06831435,Bipolar Affective Disorder,Bipolar disorder
NCT06831435,Schizophenia Disorder,Schizophrenia & psychosis
NCT03415620,Anxiety,Anxiety
NCT06242080,Anxiety,Anxiety
NCT04759196,Cortical Depression; Cortical Depolarization,Depression
NCT02037503,Major Depressive Disorder,Depression
NCT05457127,Schizoaffective Disorder,Schizophrenia & psychosis
NCT05457127,Schizophrenia,Schizophrenia & psychosis
NCT05457127,Bipolar Disorder,Bipolar disorder
NCT06602973,Eating Disorders,Eating disorders
NCT06602973,Binge-Eating Disorder,Eating disorders
NCT06602973,Bulimia Nervosa,Eating disorders
NCT05751473,Post Traumatic Stress Disorder,PTSD
NCT03148509,Diagnosis and Treatment of Depression,Depression
NCT02830399,Major Depressive Disorder,Depression
NCT07649187,Depression,Depression
NCT07649187,Depression and Quality of Life,Depression
NCT05133804,Posttraumatic Stress Disorder,PTSD
NCT06748833,Anxiety,Anxiety
NCT06112652,Moderate Depression,Depression
NCT06112652,Major Depressive Disorder,Depression
NCT06112652,Severe Depression,Depression
NCT02363738,Bipolar Depression,Depression
NCT06698848,Depression,Depression
NCT05986578,Cocaine Use Disorder,Substance use
NCT05537285,MDD,Depression
NCT05537285,Anhedonia,Depression
NCT07021625,Depression/Anxiety,Depression
NCT02099825,Anxiety Disorders,Anxiety
NCT06401018,Anxiety,Anxiety
NCT07640490,Anxiety Depression,Depression
NCT02216097,Post-Traumatic Stress Disorder,PTSD
NCT04759313,"Depression, Anxiety",Depression
NCT01907282,Psychosis,Schizophrenia & psychosis
NCT03504579,Schizophrenia,Schizophrenia & psychosis
NCT01906905,Depression,Depression
NCT02016456,Depression,Depression
NCT06282029,Depressive Symptoms,Depression
NCT06282029,Anxiety,Anxiety
NCT04077502,Binge-Eating Disorder,Eating disorders
NCT04721353,Cannabis Dependence,Substance use
NCT04721353,Posttraumatic Stress Disorder,PTSD
NCT04721353,Cannabis Use Disorder,Substance use
NCT05008939,"Depressive Disorder, Treatment-Resistant",Depression
NCT05008939,"Depressive Disorder, Major",Depression
NCT07143539,Anxiety Depression,Depression
NCT04838912,Anxiety,Anxiety
NCT05183230,Depression,Depression
NCT06136936,Schizophrenia,Schizophrenia & psychosis
NCT02498236,Schizophrenia Spectrum,Schizophrenia & psychosis
NCT04418011,Schizophrenia,Schizophrenia & psychosis
NCT04418011,Schizoaffective Disorder,Schizophrenia & psychosis
NCT04418011,Schizophreniform Disorders,Schizophrenia & psychosis
NCT01996644,Anorexia and Bulimia Nervosa,Eating disorders
NCT05506839,"Depression, Anxiety",Depression
NCT05506839,PTSD,PTSD
NCT01012167,Schizophrenia,Schizophrenia & psychosis
NCT04019171,Anxiety State,Anxiety
NCT05257044,"Focus: To Examine Acute Effects of CBG on Anxiety, Stress, and Cognition",Anxiety
NCT03272698,Treatment Resistant Depression,Depression
NCT02748083,Schizophrenia,Schizophrenia & psychosis
NCT03395353,Depressive Disorder,Depression
NCT01457677,Major Depressive Disorder,Depression
NCT05285501,Depressive Symptoms,Depression
NCT05285501,Depression,Depression
NCT05285501,Anxiety,Anxiety
NCT06810830,Anxiety,Anxiety
NCT06810830,Depression,Depression
NCT04279522,MDD,Depression
NCT02160431,Obsessive Compulsive Disorder (OCD),OCD
NCT03271645,Depression,Depression
NCT03271645,Anxiety,Anxiety
NCT03606395,Treatment Resistant Depression,Depression
NCT03552328,Depression,Depression
NCT03552328,Anxiety,Anxiety
NCT06537128,Anxiety,Anxiety
NCT06537128,Anxiety Disorders,Anxiety
NCT06537128,Generalized Anxiety Disorder,Anxiety
NCT06537128,Social Anxiety Disorder,Anxiety
NCT03701100,Schizophrenia,Schizophrenia & psychosis
NCT03701100,Psychotic Symptoms,Schizophrenia & psychosis
NCT03701100,Schizoaffective Disorder,Schizophrenia & psychosis
NCT06804629,Analogue Generalized Anxiety Disorder,Anxiety
NCT03234881,Binge Eating Disorder,Eating disorders
NCT06698081,Anxiety State,Anxiety
NCT02671292,Binge Eating,Eating disorders
NCT04309877,Depression,Depression
NCT06128512,Anxiety,Anxiety
NCT06128512,"Anxiety, Exam",Anxiety
NCT03548519,Major Depression in Remission,Depression
NCT06218030,Generalized Anxiety Disorder,Anxiety
NCT04731792,Anxiety,Anxiety
NCT01761383,Chronic Schizophrenia,Schizophrenia & psychosis
NCT02749253,Post Traumatic Stress Disorder,PTSD
NCT05336253,Eating Disorder Symptom,Eating disorders
NCT02880995,Schizophrenia,Schizophrenia & psychosis
NCT06372639,Post Traumatic Stress Disorder,PTSD
NCT05481957,Bipolar Depression,Depression
NCT05942495,Depressive Symptoms,Depression
NCT05942495,Anxiety Disorders,Anxiety
NCT05942495,Anxiety Depression,Depression
NCT02283281,Anxiety,Anxiety
NCT02044211,Depression,Depression
NCT03388177,Major Depressive Disorder,Depression
NCT07286175,Bipolar Disorder,Bipolar disorder
NCT05700201,Posttraumatic Stress Disorder,PTSD
NCT04834765,Anxiety Depression,Depression
NCT03616665,Persistent Depressive Disorder,Depression
NCT05426967,Depressive Symptoms,Depression
NCT07059234,"Depressive Disorder, Major",Depression
NCT03515564,PTSD,PTSD
NCT03515564,Depression,Depression
NCT03515564,Anxiety,Anxiety
NCT07180537,Anxiety Disorders,Anxiety
NCT07180537,Depressive Disorders,Depression
NCT07180537,Moderate Depression,Depression
NCT07180537,Moderate Anxiety,Anxiety
NCT04703972,Bipolar Disorder,Bipolar disorder
NCT02332239,Depressive Disorder,Depression
NCT04687501,Anxiety,Anxiety
NCT04687501,State Anxiety,Anxiety
NCT02096900,Parental/Caregiver Anxiety,Anxiety
NCT02096900,Child's Anxiety,Anxiety
NCT07038109,Depression,Depression
NCT07038109,Anxiety,Anxiety
NCT04001439,Depression in Schizophrenia,Depression
NCT05427981,Major Depressive Disorder,Depression
NCT03142919,Major Depressive Disorder,Depression
NCT02586064,Posttraumatic Stress Disorder,PTSD
NCT02938598,Depression,Depression
NCT03487198,Major Depressive Disorder,Depression
NCT01992393,Schizophrenia,Schizophrenia & psychosis
NCT01992393,Schizoaffective Disorder,Schizophrenia & psychosis
NCT01992393,Bipolar Disorder,Bipolar disorder
NCT01992393,Depression,Depression
NCT04148521,Depression,Depression
NCT04148521,Anxiety,Anxiety
NCT04148521,Substance Use Disorders,Substance use
NCT01663844,Major Depression,Depression
NCT01663844,Minor Depression,Depression
NCT01899534,Depression,Depression
NCT01899534,Anxiety,Anxiety
NCT07116109,Post Traumatic Stress Disorder (PTSD),PTSD
NCT03279393,PTSD,PTSD
NCT02287584,Schizophrenia,Schizophrenia & psychosis
NCT02300584,Depression,Depression
NCT04424407,Depression,Depression
NCT07250971,Anxiety Disorders,Anxiety
NCT07250971,Depressive Disorders,Depression
NCT07069634,Depression,Depression
NCT05500599,Separation Anxiety,Anxiety
NCT03347487,Treatment Resistant Major Depression Disorder,Depression
NCT06039293,Depression,Depression
NCT04564014,Depression,Depression
NCT04564014,Anxiety,Anxiety
NCT07173192,Schizophrenia,Schizophrenia & psychosis
NCT06668571,"Depressive Disorder, Treatment-Resistant",Depression
NCT06668571,Treatment Resistant Depression (TRD),Depression
NCT02369614,PTSD - Post Traumatic Stress Disorder,PTSD
NCT04571814,Anxiety,Anxiety
NCT04274114,Generalized Anxiety Disorder,Anxiety
NCT04540471,"Music Therapy, Breast Cancer, Anxiety, Fatigue",Anxiety
NCT01229709,Anxiety,Anxiety
NCT01229709,Depression,Depression
NCT04629898,Schizophrenia,Schizophrenia & psychosis
NCT03431493,Depression,Depression
NCT06139614,Anxiety Depression,Depression
NCT05082506,Anxiety,Anxiety
NCT06558201,Bipolar I Disorder,Bipolar disorder
NCT06558201,Schizoaffective Disorder,Schizophrenia & psychosis
NCT06558201,Psychosis,Schizophrenia & psychosis
NCT02074319,Schizophrenia,Schizophrenia & psychosis
NCT02074319,Schizoaffective Disorder,Schizophrenia & psychosis
NCT02074319,Schizophreniform Disorder,Schizophrenia & psychosis
NCT04703530,Schizophrenia,Schizophrenia & psychosis
NCT04925765,Anxiety and Depression,Depression
NCT04925765,Postpartum Depression,Depression
NCT05172271,Major Depressive Disorder,Depression
NCT05172271,Bipolar Disorder,Bipolar disorder
NCT05172271,Unipolar Major Depression,Depression
NCT01406899,Substance-Related Disorders,Substance use
NCT04875832,Depression,Depression
NCT02137044,Depression,Depression
NCT06999564,Anxiety,Anxiety
NCT06934109,PTSD,PTSD
NCT02977299,Treatment Resistant Major Depressive Disorder,Depression
NCT01938963,Depression,Depression
NCT05794763,Eating Disorders,Eating disorders
NCT04790630,Depression Mild,Depression
NCT04790630,"Depressive Disorder, Major",Depression
NCT07212465,Major Depressive Disorder (MDD),Depression
NCT06021236,Anxiety,Anxiety
NCT06021236,Depression,Depression
NCT02634671,Schizophrenia,Schizophrenia & psychosis
NCT05232734,Depressed GCS,Depression
NCT01726764,Depression,Depression
NCT03061864,Anxiety,Anxiety
NCT03061864,PTSD,PTSD
NCT04385732,Anxiety and Fear,Anxiety
NCT04386798,Anxiety,Anxiety
NCT02136212,Social Anxiety Disorder,Anxiety
NCT02950636,Depression,Depression
NCT02950636,Anxiety,Anxiety
NCT03737864,Substance Use Disorders,Substance use
NCT05204264,Anxiety,Anxiety
NCT06072209,Depression Mild,Depression
NCT06072209,Depression Moderate,Depression
NCT02317432,Depression,Depression
NCT02317432,Anxiety,Anxiety
NCT07105345,Posttraumatic Stress Disorder,PTSD
NCT01469377,Major Depressive Disorder,Depression
NCT01052077,Major Depressive Disorder,Depression
NCT04926675,Anxiety,Anxiety
NCT04926675,Depression,Depression
NCT01111565,Major Depressive Disorder (MDD),Depression
NCT06497400,Post Traumatic Stress Disorder,PTSD
NCT04844034,Anxiety,Anxiety
NCT04844034,Depression,Depression
NCT07018999,Anxiety State,Anxiety
NCT03497663,Schizophrenia,Schizophrenia & psychosis
NCT03497663,Bipolar Disorder,Bipolar disorder
NCT03497663,"Depressive Disorder, Recurrent",Depression
NCT03497663,Psychotic Disorders,Schizophrenia & psychosis
NCT05703698,Psychotic Disorders,Schizophrenia & psychosis
NCT05703698,Schizophrenia and Related Disorders,Schizophrenia & psychosis
NCT04278521,Major Depressive Disorder,Depression
NCT04278521,Depression,Depression
NCT02749721,Major Depressive Disorder,Depression
NCT04662021,Anxiety Depression Disorder,Depression
NCT05345184,Psychosis,Schizophrenia & psychosis
NCT04961047,Depression,Depression
NCT05845892,Anxiety,Anxiety
NCT04000009,Adjunctive Treatment of Major Depressive Disorder,Depression
NCT04404621,Depression in Old Age,Depression
NCT05100004,"Depressive Disorder, Major",Depression
NCT01903538,Depression,Depression
NCT03649607,Post Traumatic Stress Disorder,PTSD
NCT05099744,Anxiety,Anxiety
NCT05099744,Depression,Depression
NCT05542264,Schizophrenia,Schizophrenia & psychosis
NCT03982563,Depression,Depression
NCT03982563,Anxiety,Anxiety
NCT05467787,Depression,Depression
NCT05467787,Anxiety,Anxiety
NCT06183333,Anxiety Disorders,Anxiety
NCT06183333,Depression,Depression
NCT06183333,Eating Disorders,Eating disorders
NCT05780138,Depression,Depression
NCT07462936,Death Anxiety,Anxiety
NCT02732964,Anxiety,Anxiety
NCT06544421,Anxiety,Anxiety
NCT06544421,Depression,Depression
NCT02063984,Substance Use Disorders,Substance use
NCT02053649,Depression,Depression
NCT02053649,Major Depressive Disorder,Depression
NCT02053649,Postpartum Depression,Depression
NCT01751828,Depression,Depression
NCT04433767,Depressive Disorder,Depression
NCT05447000,Anxiety,Anxiety
NCT02736136,Posttraumatic Stress Disorder,PTSD
NCT02736136,Anxiety,Anxiety
NCT02736136,Depression,Depression
NCT03302611,Major Depressive Disorder,Depression
NCT04582071,Anxiety Depression,Depression
NCT07801534,Post-traumatic Stress Disorder (PTSD),PTSD
NCT07801534,Post-Traumatic Stress Disorder,PTSD
NCT06019299,Anxiety,Anxiety
NCT05840614,Eating Disorders,Eating disorders
NCT04362306,Anxiety,Anxiety
NCT06026306,Depressive Symptoms,Depression
NCT04725721,Anxiety,Anxiety
NCT04725721,Depression,Depression
NCT05470465,Ventilatory Depression,Depression
NCT04103892,Adjunctive Treatment of Major Depressive Disorder,Depression
NCT03281044,Major Depressive Disorder,Depression
NCT06359314,Benzodiazepine Dependence,Substance use
NCT06359314,Anxiety Disorders,Anxiety
NCT05341804,Schizophrenia,Schizophrenia & psychosis
NCT04133233,Bipolar Depression,Depression
NCT03065933,"Bipolar Disorder, Mania",Bipolar disorder
NCT06153628,Anxiety,Anxiety
NCT03541707,Depression,Depression
NCT03826771,Depression,Depression
NCT04057534,Substance Use Disorders,Substance use
NCT01689909,Depression,Depression
NCT04811521,Generalized Anxiety Disorder,Anxiety
NCT04811521,Panic,Anxiety
NCT01391221,Major Depression,Depression
NCT04671628,Anxiety,Anxiety
NCT06825000,Anxiety,Anxiety
NCT03251716,Schizophrenia,Schizophrenia & psychosis
NCT03093571,Anxiety,Anxiety
NCT03764644,Anxiety Disorder,Anxiety
NCT03764644,Anxiety Disorder of Childhood,Anxiety
NCT03764644,"Separation Anxiety Disorder of Childhood, Early Onset",Anxiety
NCT03764644,Specific Phobia,Anxiety
NCT03764644,Social Anxiety Disorder,Anxiety
NCT03764644,Generalized Anxiety Disorder,Anxiety
NCT04251234,Bipolar Disorder,Bipolar disorder
NCT04472416,Anxiety,Anxiety
NCT04606199,Depressive Symptoms,Depression
NCT05378399,Substance Use,Substance use
NCT06898593,Anxiety Disorders,Anxiety
NCT06898593,Depression Disorders,Depression
NCT06429293,Posttraumatic Stress Disorder,PTSD
NCT06034821,Acute Suicidal Depression (ASD),Depression
NCT05664516,Binge-eating Disorder,Eating disorders
NCT06318806,Obsessive-Compulsive Disorder,OCD
NCT04817436,Anorexia Nervosa,Eating disorders
NCT06707636,Depression Symptoms,Depression
NCT01253044,Anxiety,Anxiety
NCT01253044,Depression,Depression
NCT06194344,Psychosis,Schizophrenia & psychosis
NCT04582734,Anxiety Disorders,Anxiety
NCT06748209,Treatment Resistant Major Depression,Depression
NCT02239809,Depression,Depression
NCT07107906,Depression Disorders,Depression
NCT07107906,Anxiety,Anxiety
NCT02137616,Psychotic Disorders,Schizophrenia & psychosis
NCT06176001,Bipolar Disorder,Bipolar disorder
NCT05081830,Anxiety Disorders,Anxiety
NCT05081830,Depression,Depression
NCT02655692,PTSD,PTSD
NCT02655692,Posttraumatic Stress Disorder,PTSD
NCT06288711,Opioid Use Disorder,Substance use
NCT06288711,Posttraumatic Stress Disorder,PTSD
NCT01532999,Posttraumatic Stress Disorder,PTSD
NCT01639872,Schizophrenia,Schizophrenia & psychosis
NCT01639872,Cannabis Dependence,Substance use
NCT06273995,Depression,Depression
NCT06273995,Depression in Adolescence,Depression
NCT06273995,Depression Mild,Depression
NCT06273995,Depression Moderate,Depression
NCT06273995,Depression Severe,Depression
NCT02376257,Major Depressive Disorder,Depression
NCT07258719,Anxiety,Anxiety
NCT04081519,Depression,Depression
NCT04081519,Depressive Disorder,Depression
NCT04081519,Depressive Episode,Depression
NCT04081519,"Depressive Disorder, Major",Depression
NCT03348930,Obsessive-Compulsive Disorder,OCD
NCT06243614,Generalized Anxiety Disorder,Anxiety
NCT04630600,Anxiety,Anxiety
NCT07464964,Anxiety,Anxiety
NCT04473599,Depressive Symptoms,Depression
NCT04473599,Anxiety,Anxiety
NCT07682064,ANXIETY DISORDERS (or Anxiety and Phobic Neuroses),Anxiety
NCT07682064,Depressive Disorder,Depression
NCT05991232,"Depression, Unipolar",Depression
NCT03917901,Anxiety Sensitivity,Anxiety
NCT03414619,Obsessive-Compulsive Disorder,OCD
NCT03414619,Generalized Anxiety Disorder,Anxiety
NCT03414619,Major Depressive Disorder,Depression
NCT04471207,PTSD,PTSD
NCT06910592,Binge-Eating Disorder,Eating disorders
NCT03396744,Bipolar Depression,Depression
NCT04695132,Psychotic Disorders,Schizophrenia & psychosis
NCT04695132,Substance Use Disorders,Substance use
NCT04076839,Post-traumatic Stress Disorder,PTSD
NCT05194930,PTSD,PTSD
NCT05155228,Posttraumatic Stress Disorder,PTSD
NCT02455128,Anxiety,Anxiety
NCT02076464,Eating Disorders,Eating disorders
NCT06881693,Anxiety,Anxiety
NCT06881693,Depression,Depression
NCT01605253,Posttraumatic Stress Disorders,PTSD
NCT05265039,PTSD,PTSD
NCT05923801,Depression,Depression
NCT04169230,Depression,Depression
NCT04169230,Depressive Disorder,Depression
NCT04169230,Antidepressive Agents,Depression
NCT05015192,Depression,Depression
NCT05912036,Anorexia Nervosa,Eating disorders
NCT02956434,Posttraumatic Neuroses,PTSD
NCT06505564,Schizophrenia Spectrum and Other Psychotic Disorders,Schizophrenia & psychosis
NCT04605198,"Stress Disorders, Post-Traumatic",PTSD
NCT04605198,Depressive Symptoms,Depression
NCT04605198,Substance Use,Substance use
NCT06470893,Obsessive-Compulsive Disorder,OCD
NCT04319445,Anxiety,Anxiety
NCT04225130,Posttraumatic Stress Disorder,PTSD
NCT06462300,Eating Disorder Symptom,Eating disorders
NCT02022111,Depression,Depression
NCT06088732,Bipolar Depression,Depression
NCT01521013,Depression,Depression
NCT02502513,Posttraumatic Stress Disorder,PTSD
NCT02502513,Acute Stress Disorder,PTSD
NCT03094260,Binge-Eating Disorder,Eating disorders
NCT02939560,Depression,Depression
NCT02939560,Depressive Disorder,Depression
NCT02939560,Major Depressive Disorder,Depression
NCT03870360,Depression,Depression
NCT03870360,Anxiety,Anxiety
NCT04183582,Postnatal Depression,Depression
NCT04445324,Psychotic Disorders,Schizophrenia & psychosis
NCT04445324,Anxiety Depression,Depression
NCT01928823,Agoraphobia,Anxiety
NCT03505749,Substance Use Disorders,Substance use
NCT03505749,Post Traumatic Stress Disorder,PTSD
NCT03998748,Major Depressive Disorder,Depression
NCT04629755,Depression,Depression
NCT06968026,Anxiety Disorders,Anxiety
NCT05922878,Major Depressive Disorder,Depression
NCT05326178,Depressive Disorder,Depression
NCT05326178,Depression in Adolescence,Depression
NCT02605278,Depressive Disorder,Depression
NCT07201480,Death Anxiety,Anxiety
NCT07201480,Depression,Depression
NCT07201480,Anxiety,Anxiety
NCT01853579,Depression,Depression
NCT02014194,Obsessive-compulsive Disorder,OCD
NCT04977856,Major Depressive Disorder,Depression
NCT05766241,Posttraumatic Stress Disorder,PTSD
NCT02172066,Posttraumatic Stress Disorder,PTSD
NCT07458022,Major Depressive Diorder,Depression
NCT05121129,"Depressive Disorder, Major",Depression
NCT07083037,Maternal Depression,Depression
NCT01874951,Major Depressive Disorder,Depression
NCT01874951,"Depression, Unipolar",Depression
NCT03839251,Schizophrenia,Schizophrenia & psychosis
NCT01111539,Major Depressive Disorder (MDD),Depression
NCT03064477,Anxiety Disorders,Anxiety
NCT03064477,Depressive Disorder,Depression
NCT06144203,PTSD,PTSD
NCT05137769,Post Traumatic Stress Disorder,PTSD
NCT06307756,Maternal Anxiety Level,Anxiety
NCT02233556,Schizophrenia,Schizophrenia & psychosis
NCT04130529,Bipolar Disorder,Bipolar disorder
NCT05934669,Anxiety,Anxiety
NCT07107269,PTSD - Post Traumatic Stress Disorder,PTSD
NCT07100041,Anxiety,Anxiety
NCT02850341,Depression,Depression
NCT02828072,Anxiety,Anxiety
NCT02828072,Depression,Depression
NCT04711577,Binge Eating,Eating disorders
NCT04757675,Separation Anxiety,Anxiety
NCT01776112,Schizophrenia,Schizophrenia & psychosis
NCT05405088,"Anxiety, Dental",Anxiety
NCT01425905,Depression,Depression
NCT03574766,"Depression, Postpartum",Depression
NCT03574766,Anxiety,Anxiety
NCT03233451,Depression,Depression
NCT05246202,Alcohol Abuse,Substance use
NCT05246202,Anxiety,Anxiety
NCT03649737,Depression,Depression
NCT01474837,Depression,Depression
NCT06659354,Eating Disorders,Eating disorders
NCT03283254,Postpartum Depression (PPD),Depression
NCT06043154,Anorexia Nervosa,Eating disorders
NCT04731454,Depression,Depression
NCT04731454,Major Depressive Disorder,Depression
NCT05423405,Depressive Disorder,Depression
NCT05423405,"Depressive Disorder, Major",Depression
NCT05423405,Depressive Symptoms,Depression
NCT05327166,Opioid Use Disorder,Substance use
NCT02206945,Obsessive-Compulsive Disorder,OCD
NCT05090839,Post Traumatic Stress Disorder,PTSD
NCT02047357,Maternal Depression,Depression
NCT06645457,Anxiety,Anxiety
NCT07160062,Anxiety,Anxiety
NCT06644573,Insomnia Due to Anxiety and Fear,Anxiety
NCT06644573,PTSD - Post Traumatic Stress Disorder,PTSD
NCT06644573,Anxiety,Anxiety
NCT06644573,Depression,Depression
NCT06644573,PTSD,PTSD
NCT06644573,Post-Traumatic,PTSD
NCT06644573,Post-Traumatic Stress Disorder Complex,PTSD
NCT04937829,"Depressive Disorder, Major",Depression
NCT06564402,Social Anxiety,Anxiety
NCT06564402,Social Phobia,Anxiety
NCT05102253,Depression,Depression
NCT02573246,Anxiety,Anxiety
NCT02573246,Depression,Depression
NCT02573246,Obsessive Compulsive Disorders,OCD
NCT02573246,Eating Disorders,Eating disorders
NCT06946888,Anxiety,Anxiety
NCT06946888,Depression,Depression
NCT05797142,Anxiety,Anxiety
NCT07450456,Anxiety,Anxiety
NCT03506945,Depressive Symptoms,Depression
NCT04216095,Major Depressive Disorder,Depression
NCT05725239,Depression,Depression
NCT05065580,Major Depressive Disorder,Depression
NCT03178279,Psychosis,Schizophrenia & psychosis
NCT03178279,Schizophrenia,Schizophrenia & psychosis
NCT01738698,Schizophrenia,Schizophrenia & psychosis
NCT05464563,Schizophrenia,Schizophrenia & psychosis
NCT05464563,Schizoaffective Disorder,Schizophrenia & psychosis
NCT04073004,PTSD,PTSD
NCT05462184,Panic Disorder,Anxiety
NCT03461614,Substance Use Disorders,Substance use
NCT03461614,Substance Abuse,Substance use
NCT03461614,Substance Use,Substance use
NCT05300633,Psychosis,Schizophrenia & psychosis
NCT05300633,Schizophrenia and Related Disorders,Schizophrenia & psychosis
NCT05300633,Schizophrenia Spectrum and Other Psychotic Disorders,Schizophrenia & psychosis
NCT05300633,Substance Use,Substance use
NCT05300633,Substance Use Disorders,Substance use
NCT01402258,Anxiety Disorders,Anxiety
NCT01402258,Depression,Depression
NCT05562258,Eating Disorder,Eating disorders
NCT03264248,Depression,Depression
NCT05966155,Depression,Depression
NCT03428555,Depression,Depression
NCT05346055,Depression,Depression
NCT05270655,Anxiety,Anxiety
NCT05270655,Depression,Depression
NCT01066143,Generalized Anxiety Disorder,Anxiety
NCT03572543,Obsessive-Compulsive Disorder,OCD
NCT04900064,Panic Disorder,Anxiety
NCT04900064,Social Anxiety Disorder,Anxiety
NCT04900064,Depression,Depression
NCT04900064,Generalized Anxiety Disorder,Anxiety
NCT04900064,Obsessive-Compulsive Disorder,OCD
NCT01133587,Schizophrenia,Schizophrenia & psychosis
NCT01133587,Bipolar Disorder,Bipolar disorder
NCT04598906,Schizophrenia,Schizophrenia & psychosis
NCT04598906,Depression,Depression
NCT05097352,Post Traumatic Stress Disorder,PTSD
NCT03043833,Major Depression,Depression
NCT03043833,Anxiety Disorders,Anxiety
NCT01636752,Mild to Moderate Depressive Symptoms,Depression
NCT02553252,Post Traumatic Stress Disorder,PTSD
NCT04364958,Generalized Anxiety Disorder,Anxiety
NCT04364958,GAD,Anxiety
NCT06843200,Disordered Eating Behaviors,Eating disorders
NCT06843200,Depression,Depression
NCT03314792,Opioid Use,Substance use
NCT06217198,Depression,Depression
NCT06190184,Depression,Depression
NCT06190184,"Depression, Anxiety",Depression
NCT06190184,Anxiety,Anxiety
NCT06190184,Anxiety Disorders,Anxiety
NCT06190184,Anxiety Depression,Depression
NCT06190184,Anxiety State,Anxiety
NCT05799209,Amphetamine-Type Substance Use Disorder,Substance use
NCT02492009,Depression,Depression
NCT02992899,PostTraumatic Stress Disorder,PTSD
NCT04853693,Depressive Symptoms,Depression
NCT04853693,Anxiety Disorders and Symptoms,Anxiety
NCT04853693,"Depression, Postpartum",Depression
NCT00746421,Bipolar Disorder,Bipolar disorder
NCT04192058,Food Addiction,Substance use
NCT03425487,Anxious-Depressive,Depression
NCT06722287,"Depressive Symptoms, Generalized Anxiety, or Psychological Stress",Depression
NCT06919406,"Depression, Anxiety",Depression
NCT04969549,Depression,Depression
NCT02062658,Obsessive-Compulsive Disorder,OCD
NCT05889078,Depressive Symptoms,Depression
NCT05889078,Anxiety Disorders and Symptoms,Anxiety
NCT06241885,Anxiety,Anxiety
NCT02660099,Obsessive Compulsive Disorder,OCD
NCT05049447,Test Anxiety,Anxiety
NCT02819349,Schizophrenia,Schizophrenia & psychosis
NCT02819349,Schizoaffective Disorder,Schizophrenia & psychosis
NCT03674138,Depression,Depression
NCT03674138,Anxiety,Anxiety
NCT03674138,Generalized Anxiety Disorder,Anxiety
NCT03674138,Depressive Disorder,Depression
NCT03674138,Major Depressive Disorder,Depression
NCT04127526,Psychosis,Schizophrenia & psychosis
NCT05571878,Major Depressive Disorder,Depression
NCT05571878,Depression,Depression
NCT07165821,Schizophrenia; Psychosis,Schizophrenia & psychosis
NCT06961838,Substance Abuse Disorder,Substance use
NCT04940585,Post Partum Depression,Depression
NCT01157585,First Episode Psychosis,Schizophrenia & psychosis
NCT05030285,Anxiety,Anxiety
NCT07561515,Anxiety,Anxiety
NCT07561515,Depression,Depression
NCT06854315,Anxiety,Anxiety
NCT06854315,Depression,Depression
NCT06678893,Anxiety,Anxiety
NCT03436121,Depression,Depression
NCT03377816,Depressive Symptoms,Depression
NCT03461016,Phobic Disorders,Anxiety
NCT01816204,Anxiety Disorders,Anxiety
NCT02310152,Anxiety Disorders,Anxiety
NCT02310152,"Anxiety, Separation",Anxiety
NCT02310152,Phobic Disorders,Anxiety
NCT04587778,Major Depressive Disorder,Depression
NCT03425552,Schizophrenia,Schizophrenia & psychosis
NCT03926052,Binge-Eating Disorder,Eating disorders
NCT05446038,Anorexia Nervosa,Eating disorders
NCT03812458,Acute Stress Disorder,PTSD
NCT03812458,Anxiety,Anxiety
NCT03812458,Depression,Depression
NCT07378748,Anxiety,Anxiety
NCT07094243,Depression,Depression
NCT05024149,Major Depressive Disorder,Depression
NCT05474248,Postpartum Anxiety,Anxiety
NCT06597448,Postpartum Depression,Depression
NCT01184443,Eating Disorder,Eating disorders
NCT06280235,"Depressive Disorder, Major",Depression
NCT04148963,Schizophrenia,Schizophrenia & psychosis
NCT04148963,Bipolar Disorder,Bipolar disorder
NCT07432204,Anxiety,Anxiety
NCT07432204,Depression,Depression
NCT04859504,Schizophrenia,Schizophrenia & psychosis
NCT01985347,"Patients With Anxiety and Depression, Who Have",Depression
NCT02685358,Posttraumatic Stress Disorder,PTSD
NCT05778643,Major Depressive Disorder,Depression
NCT06315660,Psychosis,Schizophrenia & psychosis
NCT06315660,Agoraphobia,Anxiety
NCT06315660,Social Anxiety Disorder,Anxiety
NCT06315660,Substance Use Disorder,Substance use
NCT03708159,Major Depressive Disorder,Depression
NCT02469259,"Stress Disorders, Post-Traumatic",PTSD
NCT02469259,Alcoholism,Substance use
NCT05179096,Anxiety,Anxiety
NCT05179096,Depression,Depression
NCT05416762,Major Depressive Disorder (MDD,Depression
NCT06172413,Treatment-Resistant Depression,Depression
NCT02988024,Major Depression,Depression
NCT02919579,"Depressive Disorder, Major",Depression
NCT03774303,Anxiety,Anxiety
NCT03048370,Schizophrenia,Schizophrenia & psychosis
NCT03230890,"Stress Disorders, Post-Traumatic",PTSD
NCT01595490,Posttraumatic Stress Disorder,PTSD
NCT06147297,Depressive Symptoms,Depression
NCT06147297,Anxiety,Anxiety
NCT01148979,Major Depressive Disorder,Depression
NCT01313403,Major Depression,Depression
NCT01313403,Unipolar Depression,Depression
NCT01313403,Depression,Depression
NCT01313403,Anxiety Disorder,Anxiety
NCT05718661,Anxiety,Anxiety
NCT06398561,"Depressive Disorder, Major",Depression
NCT05124470,Schizophrenia,Schizophrenia & psychosis
NCT03538873,Subsyndromic Symptoms of Depression,Depression
NCT03538873,Subsyndromic Symptoms of Anxiety,Anxiety
NCT06593873,Anxiety,Anxiety
NCT01800773,Posttraumatic Stress Disorder,PTSD
NCT06518720,Treatment Resistant Depression,Depression
NCT05131620,Anxiety,Anxiety
NCT04805879,Depression,Depression
NCT04805879,Treatment Resistant Depression,Depression
NCT06633146,Post Traumatic Stress Disorder,PTSD
NCT06633146,"Depression, Anxiety",Depression
NCT07073027,Anxiety,Anxiety
NCT03336827,Anxiety Depression,Depression
NCT01741142,Major Depressive Disorder,Depression
NCT03527186,Schizophrenia,Schizophrenia & psychosis
NCT04248010,Schizophrenia and Related Disorders,Schizophrenia & psychosis
NCT05241782,Post-stroke Depression,Depression
NCT02977923,Anxiety,Anxiety
NCT04948996,Depression Mild,Depression
NCT04948996,Depression Moderate,Depression
NCT02818296,Intolerance of Uncertainty; Anxiety,Anxiety
NCT02001103,Schizophrenia,Schizophrenia & psychosis
NCT02376686,Depression,Depression
NCT02515773,Bipolar Disorder,Bipolar disorder
NCT02810197,Post-Traumatic Stress Disorder,PTSD
NCT05529797,Depression,Depression
NCT07058324,"Anxiety, Mild to Moderate",Anxiety
NCT03751280,Schizophrenia,Schizophrenia & psychosis
NCT07125196,Depression,Depression
NCT02205203,Anxiety,Anxiety
NCT07708974,Anxiety,Anxiety
NCT07474259,Post-Traumatic Stress Disorder,PTSD
NCT04193462,Post Partum Depression,Depression
NCT01564862,"Depressive Disorder, Major",Depression
NCT03592446,Depression,Depression
NCT01196286,Recent-Onset Psychosis,Schizophrenia & psychosis
NCT01196286,Schizophrenia,Schizophrenia & psychosis
NCT01196286,Schizoaffective Disorder,Schizophrenia & psychosis
NCT01196286,Bipolar Disorder With Psychotic Features,Bipolar disorder
NCT01196286,Major Depression With Psychotic Features,Depression
NCT01196286,Psychotic Disorder Not Otherwise Specified (NOS),Schizophrenia & psychosis
NCT02361190,Anxiety,Anxiety
NCT01327690,Post-Traumatic Stress Disorders,PTSD
NCT02752724,Major Depressive Disorder,Depression
NCT04783103,"Depressive Disorder, Treatment-Resistant",Depression
NCT01263197,Major Depressive Disorder,Depression
NCT03781297,PTSD,PTSD
NCT07769996,Panic Disorder,Anxiety
NCT01674361,Obsessive-Compulsive Disorder,OCD
NCT04757961,Depressive Symptoms,Depression
NCT05268497,Depression,Depression
NCT05227560,Anxiety,Anxiety
NCT04781179,Schizophrenia,Schizophrenia & psychosis
NCT02304796,Anxiety Disorders,Anxiety
NCT02711527,Depression,Depression
NCT07113652,Obsessive-Compulsive Disorder (OCD),OCD
NCT04629352,Schizophrenia,Schizophrenia & psychosis
NCT04629352,Schizoaffective Disorder,Schizophrenia & psychosis
NCT07086547,Parental Anxiety,Anxiety
NCT06858774,Binge-Eating Disorder,Eating disorders
NCT02538796,Anorexia Nervosa,Eating disorders
NCT07223346,Anxiety Depression,Depression
NCT05098574,Bipolar Disorder,Bipolar disorder
NCT05582980,Schizophrenia,Schizophrenia & psychosis
NCT05582980,"Schizoaffective Disorder, Mixed Type",Schizophrenia & psychosis
NCT05582980,Negative Symptoms in Schizophrenia,Schizophrenia & psychosis
NCT06240091,"Depression, Anxiety",Depression
NCT04895488,Cognitive Impairment With Primary Psychotic Disorder,Schizophrenia & psychosis
NCT04895488,Negative Symptoms With Primary Psychotic Disorder,Schizophrenia & psychosis
NCT04559503,Anxiety,Anxiety
NCT06338527,Anxiety,Anxiety
NCT02356718,Substance Use Disorders,Substance use
NCT03692910,Bipolar Disorder I,Bipolar disorder
NCT03692910,Bipolar Disorder II,Bipolar disorder
NCT03692910,Major Depressive Episode,Depression
NCT02309060,Major Depressive Disorder,Depression
NCT06595524,Depression in Adolescence,Depression
NCT03114423,Substance Use Disorders,Substance use
NCT01263080,Schizophrenia,Schizophrenia & psychosis
NCT06455397,"Depression, Anxiety",Depression
NCT02400710,PTSD,PTSD
NCT04031560,Bipolar Disorder,Bipolar disorder
NCT06906224,Schizophrenia,Schizophrenia & psychosis
NCT05445180,Psychotic Disorders,Schizophrenia & psychosis
NCT05445180,Cannabis Use Disorder,Substance use
NCT05445180,Cannabis Dependence,Substance use
NCT05445180,Cannabis Use,Substance use
NCT05445180,Schizophrenia; Psychosis,Schizophrenia & psychosis
NCT05967962,Posttraumatic Stress Disorder,PTSD
NCT01361074,Phobic Disorders,Anxiety
NCT04971291,Major Depressive Disorder,Depression
NCT04971291,Treatment Resistant Depression,Depression
NCT01869374,Depression,Depression
NCT01869374,Major Depressive Episode,Depression
NCT01869374,Bipolar Disorder,Bipolar disorder
NCT05120674,PTSD,PTSD
NCT03316846,Depressive Symptoms,Depression
NCT03316846,Anxiety,Anxiety
NCT01288690,Post Traumatic Stress Disorder,PTSD
NCT04714359,PTSD,PTSD
NCT01491880,Anxiety Disorders,Anxiety
NCT01491880,Separation Anxiety Disorder,Anxiety
NCT01491880,Social Anxiety Disorder,Anxiety
NCT01491880,Specific Phobia,Anxiety
NCT01491880,Generalized Anxiety Disorder,Anxiety
NCT01770990,Depression,Depression
NCT06071390,Anxiety,Anxiety
NCT06874374,Depression - Major Depressive Disorder,Depression
NCT06117397,Major Depressive Episode,Depression
NCT07680959,Negative Symptoms in Schizophrenia,Schizophrenia & psychosis
NCT06653296,General Anxiety Disorder,Anxiety
NCT07569458,Anxiety,Anxiety
NCT07569458,Depression,Depression
NCT04282915,Depressive Disorder,Depression
NCT04282915,Anxiety Disorder,Anxiety
NCT04282915,Alcohol Use Disorder,Substance use
NCT04282915,Psychotic Disorders,Schizophrenia & psychosis
NCT01164059,Schizophrenia,Schizophrenia & psychosis
NCT01670279,Major Depressive Disorder,Depression
NCT06774196,Anxiety Disorders,Anxiety
NCT03003910,Eating Disorder,Eating disorders
NCT05964062,Obsessive-Compulsive Disorder,OCD
NCT05964062,OCD,OCD
NCT05437588,Major Depressive Disorder,Depression
NCT05437588,MDD,Depression
NCT05437588,Depression,Depression
NCT05437588,"Depression, Teen",Depression
NCT05437588,Depression and Suicide,Depression
NCT05437588,Depression in Adolescence,Depression
NCT01834027,Anxiety,Anxiety
NCT03777046,Post Partum Depression,Depression
NCT03608462,Schizophrenia,Schizophrenia & psychosis
NCT03655262,Phobia,Anxiety
NCT06832462,Anxiety,Anxiety
NCT06832462,Depression,Depression
NCT01896388,Posttraumatic Stress Disorders,PTSD
NCT05833503,Substance Use Disorders,Substance use
NCT05645588,Post Traumatic Stress Disorder,PTSD
NCT04086446,Obsessive-Compulsive Disorder,OCD
NCT03397446,Bulimia Nervosa,Eating disorders
NCT04781127,Unipolar Depression,Depression
NCT04781127,Treatment Resistant Depression,Depression
NCT02449746,Schizophrenia,Schizophrenia & psychosis
NCT02449746,Psychosis,Schizophrenia & psychosis
NCT05481203,Anxiety,Anxiety
NCT01861847,PTSD,PTSD
NCT03439748,Depression,Depression
NCT03439748,Anxiety,Anxiety
NCT06324383,Depression,Depression
NCT06324383,Anxiety,Anxiety
NCT06324383,Post Traumatic Stress Disorder,PTSD
NCT03789994,Post-stroke Depression,Depression
NCT06199622,Anxiety,Anxiety
NCT04448431,Major Depressive Disorder,Depression
NCT01110902,Major Depressive Disorder,Depression
NCT02841345,Schizophrenia,Schizophrenia & psychosis
NCT02841345,Bipolar Disorder,Bipolar disorder
NCT02805439,Major Depressive Disorder,Depression
NCT04713501,Post-traumatic Stress Disorder,PTSD
NCT02541812,Obsessive-Compulsive Disorder,OCD
NCT02725619,Anxiety,Anxiety
NCT07483619,Anxiety,Anxiety
NCT02717130,Schizophrenia,Schizophrenia & psychosis
NCT04735328,Post-traumatic Stress Disorder,PTSD
NCT02431728,Substance Withdrawal Syndrome,Substance use
NCT01435928,Schizophrenia,Schizophrenia & psychosis
NCT06782867,Obsessive-Compulsive Disorder (OCD),OCD
NCT01898299,Schizophrenia,Schizophrenia & psychosis
NCT04307498,Posttraumatic Stress Disorder,PTSD
NCT01764698,Anxiety Disorders,Anxiety
NCT01764698,Substance Use Disorders,Substance use
NCT02453893,Schizophrenia,Schizophrenia & psychosis
NCT06741384,Depressive Symptom,Depression
NCT06157333,Post-stroke Depression,Depression
NCT05304052,"Depression, Anxiety",Depression
NCT04392947,Major Depressive Disorder,Depression
NCT02360319,Schizophrenia,Schizophrenia & psychosis
NCT07284667,Major Depressive Disorder (MDD),Depression
NCT07284667,"Depressive Disorder, Treatment-Resistant",Depression
NCT04721587,Anxiety,Anxiety
NCT05069987,Anxiety,Anxiety
NCT02110693,Substance Use Disorder,Substance use
NCT07305493,Anxiety,Anxiety
NCT04519892,Depression,Depression
NCT04226898,Schizophrenia,Schizophrenia & psychosis
NCT04226898,Schizoaffective Disorder,Schizophrenia & psychosis
NCT03130998,Depression,Depression
NCT03807193,Generalized Anxiety Disorder,Anxiety
NCT02847793,Depression,Depression
NCT03707600,Nicotine Dependence,Substance use
NCT01448499,Schizophrenia,Schizophrenia & psychosis
NCT04678232,Major Depressive Disorder,Depression
NCT04678232,Post Traumatic Stress Disorder,PTSD
NCT01740752,Anorexia Nervosa,Eating disorders
NCT04513912,"Depressive Disorder, Major",Depression
NCT05674019,Bipolar Disorder,Bipolar disorder
NCT04221230,Major Depressive Disorder,Depression
NCT05493865,"Depression, Anxiety",Depression
NCT01201967,Depression,Depression
NCT01201967,Generalized Anxiety Disorder,Anxiety
NCT01201967,Panic Disorder,Anxiety
NCT01998100,Post-Traumatic Stress Disorder,PTSD
NCT06017700,Depression,Depression
NCT06830044,Major Depressive Disorder (MDD),Depression
NCT05327699,Major Depressive Disorder,Depression
NCT05192304,Schizophrenia,Schizophrenia & psychosis
NCT04518007,Post Traumatic Stress Disorder,PTSD
NCT05746507,Opioid Use Disorder,Substance use
NCT05746507,Neonatal Opioid Withdrawal,Substance use
NCT05523492,Anxiety,Anxiety
NCT05523492,Depression,Depression
NCT02777944,Eating Disorders,Eating disorders
NCT03858933,"Stress Disorders, Post-Traumatic",PTSD
NCT04334733,Anxiety,Anxiety
NCT02496533,Anxiety,Anxiety
NCT01506492,Depression,Depression
NCT03511534,OCD,OCD
NCT03848234,Schizophrenia,Schizophrenia & psychosis
NCT03848234,Schizoaffective Disorder,Schizophrenia & psychosis
NCT03848234,Schizophreniform Disorders,Schizophrenia & psychosis
NCT05510921,Anxiety Disorders and Symptoms,Anxiety
NCT05038514,Anxiety,Anxiety
NCT04985838,Anxiety,Anxiety
NCT04985838,Depression,Depression
NCT07105111,Schizophrenia,Schizophrenia & psychosis
NCT07105111,Schizoaffective Disorder,Schizophrenia & psychosis
NCT07105111,Bipolar Disorder,Bipolar disorder
NCT07105111,Major Depressive Disorder,Depression
NCT05347199,Major Depressive Disorder,Depression
NCT02584114,Psychotic Disorders,Schizophrenia & psychosis
NCT06408714,Opioid Overdose,Substance use
NCT06408714,Opiate Overdose,Substance use
NCT01049516,Posttraumatic Stress Disorders,PTSD
NCT01594606,Depression,Depression
NCT01594606,Anxiety,Anxiety
NCT03808467,Feeding and Eating Disorders,Eating disorders
NCT03808467,Anorexia Nervosa,Eating disorders
NCT03808467,Bulimia Nervosa,Eating disorders
NCT03808467,Binge-Eating Disorder,Eating disorders
NCT03146364,Schizophrenia,Schizophrenia & psychosis
NCT04714164,Major Depressive Disorder,Depression
NCT04714164,Generalized Anxiety Disorder,Anxiety
NCT04714164,Social Anxiety Disorder,Anxiety
NCT04714164,Panic Disorder,Anxiety
NCT07003763,Depression,Depression
NCT02081287,Bipolar Disorder,Bipolar disorder
NCT02081287,Manic Depression,Depression
NCT07550387,SCHIZOPHRENIA 1 (Disorder),Schizophrenia & psychosis
NCT06455293,Depression,Depression
NCT04506216,Eating Disorders,Eating disorders
NCT04284267,Bipolar Disorder,Bipolar disorder
NCT04489667,Substance Use Disorders,Substance use
NCT02624167,Chronic Schizophrenia,Schizophrenia & psychosis
NCT03090867,Anxiety Depression,Depression
NCT01641900,Schizophrenia,Schizophrenia & psychosis
NCT07348900,Anxiety,Anxiety
NCT02398292,Schizophrenia,Schizophrenia & psychosis
NCT02398292,Psychotic Disorders,Schizophrenia & psychosis
NCT04461119,Schizophrenia,Schizophrenia & psychosis
NCT06625567,Anxiety,Anxiety
NCT05351736,Schizophrenia,Schizophrenia & psychosis
NCT03272516,"Depression, Anxiety",Depression
NCT05271084,Major Depressive Disorder,Depression
NCT06648655,Alcohol Use Disorder (AUD),Substance use
NCT04783285,Psychotic Disorders,Schizophrenia & psychosis
NCT04783285,Schizophrenia,Schizophrenia & psychosis
NCT04783285,Schizoaffective Disorder,Schizophrenia & psychosis
NCT04783285,Substance-Induced Psychotic Disorder,Schizophrenia & psychosis
NCT06057415,Feeding and Eating Disorders,Eating disorders
NCT05142735,Prodromal Schizophrenia,Schizophrenia & psychosis
NCT04730011,Obsessive-Compulsive Disorder,OCD
NCT01834534,Depression,Depression
NCT01361698,Schizophrenia,Schizophrenia & psychosis
NCT01361698,Bipolar Disorder,Bipolar disorder
NCT02204787,Schizophrenia,Schizophrenia & psychosis
NCT03624933,Cannabis Use Disorder,Substance use
NCT03624933,Major Depressive Disorder,Depression
NCT06773338,Post-traumatic Stress Disorder (PTSD),PTSD
NCT06773338,Anxiety Symptoms,Anxiety
NCT06773338,Depression Symptoms,Depression
NCT03513848,PTSD,PTSD
NCT02861755,Depression,Depression
NCT01973478,Major Depressive Disorder,Depression
NCT01973478,Recurrent Depressive Disorder,Depression
NCT01973478,Bipolar Disorder,Bipolar disorder
NCT03502278,PTSD,PTSD
NCT06348316,Postpartum Depression,Depression
NCT03187249,Anxiety,Anxiety
NCT03187249,Depression,Depression
NCT06217926,Anxiety,Anxiety
NCT01141426,Depression,Depression
NCT06708585,Anxiety,Anxiety
NCT03012035,Phobic Disorders,Anxiety
NCT06004232,Postpartum Depression,Depression
NCT04579198,Posttraumatic Stress Disorder,PTSD
NCT07038187,Anxiety,Anxiety
NCT04277793,Depressive Symptoms,Depression
NCT04277793,Anxiety,Anxiety
NCT05724316,"Depression, Anxiety",Depression
NCT04706806,Depression,Depression
NCT05625555,Treatment Resistant Depression,Depression
NCT05625555,Major Depressive Disorder,Depression
NCT05625555,Bipolar Disorder,Bipolar disorder
NCT02183844,Schizophrenia,Schizophrenia & psychosis
NCT07008209,Anxiety,Anxiety
NCT07008209,Anxiety Disorders and Symptoms,Anxiety
NCT07008209,Depressive Symptoms,Depression
NCT01644916,Anxiety,Anxiety
NCT01644916,Depression,Depression
NCT04276506,Anxiety State,Anxiety
NCT02199704,Schizophrenia,Schizophrenia & psychosis
NCT02225847,Depression,Depression
NCT02225847,Anxiety,Anxiety
NCT04950426,Posttraumatic Stress Disorder,PTSD
NCT04936126,Treatment Resistant Depression,Depression
NCT02920164,Anxiety,Anxiety
NCT02764138,Anxiety,Anxiety
NCT02764138,Depression,Depression
NCT01885338,Schizophrenia,Schizophrenia & psychosis
NCT02419326,Binge-eating Disorder,Eating disorders
NCT02419326,Eating Disorder,Eating disorders
NCT05725785,Schizophrenia,Schizophrenia & psychosis
NCT05725785,Bipolar Disorder,Bipolar disorder
NCT05725785,Major Depressive Disorder,Depression
NCT05725785,Schizo Affective Disorder,Schizophrenia & psychosis
NCT03833063,Major Depressive Disorder,Depression
NCT03833063,Major Depressive Episode,Depression
NCT03833063,Treatment Resistant Depression,Depression
NCT04417049,Bipolar Depression,Depression
NCT05944926,Depression,Depression
NCT05944926,Depressive Disorder,Depression
NCT06449326,Posttraumatic Stress Disorder,PTSD
NCT05344326,Depression,Depression
NCT02067793,Major Depressive Disorder,Depression
NCT04806321,Anxiety,Anxiety
NCT04806321,Depression,Depression
NCT05634278,Anxiety,Anxiety
NCT05995678,PTSD,PTSD
NCT04032015,Major Depressive Disorder,Depression
NCT02518308,Anxiety,Anxiety
NCT02518308,Depression,Depression
NCT04643964,Depressive Symptoms,Depression
NCT01909193,Social Phobia,Anxiety
NCT07198438,Depression,Depression
NCT05980949,Psychosis Associated With Alzheimer's Disease,Schizophrenia & psychosis
NCT02456948,Major Depressive Disorder,Depression
NCT04005378,First Episode Psychosis,Schizophrenia & psychosis
NCT05168735,"Depression, Unipolar",Depression
NCT03996876,Post-Traumatic Stress Disorder,PTSD
NCT03996876,Alcohol Use Disorder,Substance use
NCT07098533,Depressive Symptom,Depression
NCT05312749,Anxiety,Anxiety
NCT06595849,Depression,Depression
NCT06595849,Anxiety,Anxiety
NCT02687243,Anxiety,Anxiety
NCT06624150,Anorexia Nervosa,Eating disorders
NCT06624150,Atypical Anorexia Nervosa,Eating disorders
NCT04221997,Anxiety Disorders,Anxiety
NCT06508710,Major Depressive Episode,Depression
NCT01090518,PTSD,PTSD
NCT03942874,Binge Eating,Eating disorders
NCT03942874,Binge-Eating Disorder,Eating disorders
NCT03942874,Bulimia Nervosa,Eating disorders
NCT07593274,Substance Use Disorder (SUD),Substance use
NCT06871397,Prenatal Anxiety,Anxiety
NCT06871397,Prenatal Depression,Depression
NCT06871397,Postnatal Depression,Depression
NCT03205397,Anxiety,Anxiety
NCT06649617,Anxiety,Anxiety
NCT02448108,Bipolar Disorder,Bipolar disorder
NCT06335589,"Stress Disorders, Post-Traumatic",PTSD
NCT06894368,Anxiety Disorders,Anxiety
NCT06894368,Depressive Disorder,Depression
NCT02670291,Schizophrenia,Schizophrenia & psychosis
NCT07085897,Anxiety,Anxiety
NCT01933243,Anxiety,Anxiety
NCT01933243,Anorexia Nervosa,Eating disorders
NCT05035550,Anxiety,Anxiety
NCT05035550,Depression,Depression
NCT04369391,Schizophrenia,Schizophrenia & psychosis
NCT04242550,Binge-Eating Disorder,Eating disorders
NCT04242550,Binge Eating,Eating disorders
NCT04242550,Anxiety Disorders,Anxiety
NCT01788774,Schizophrenia,Schizophrenia & psychosis
NCT01788774,Schizoaffective Disorder,Schizophrenia & psychosis
NCT07475650,Anxiety,Anxiety
NCT01428791,Depressive Symptoms,Depression
NCT05657691,Major Depressive Disorder,Depression
NCT05657691,MDD,Depression
NCT02398318,Obsessive Compulsive Disorder,OCD
NCT05136690,Cognitive Impairment Associated With Schizophrenia,Schizophrenia & psychosis
NCT04690452,Depression,Depression
NCT04690452,Anxiety,Anxiety
NCT04529148,Stable Angina Pectoris Associated With Depression,Depression
NCT02404155,Schizophrenia,Schizophrenia & psychosis
NCT06791785,Test Anxiety,Anxiety
NCT02519543,Bipolar Disorder,Bipolar disorder
NCT02579915,Anxiety Disorders,Anxiety
NCT05185128,Psychosis,Schizophrenia & psychosis
NCT06586164,Schizophrenia,Schizophrenia & psychosis
NCT06586164,Psychosis,Schizophrenia & psychosis
NCT06586164,PTSD,PTSD
NCT06586164,Schizoaffective Disorder,Schizophrenia & psychosis
NCT06586164,Bipolar Disorder,Bipolar disorder
NCT04630964,Major Depressive Disorder,Depression
NCT04630964,Depression,Depression
NCT05550532,"Depressive Disorder, Major",Depression
NCT05550532,Anhedonia,Depression
NCT04811014,Opioid-use Disorder,Substance use
NCT04811014,Opioid Dependence,Substance use
NCT04811014,Opioid Overdose,Substance use
NCT04811014,Opioid Use,Substance use
NCT04811014,Substance Use Disorders,Substance use
NCT04155736,PTSD,PTSD
NCT05227209,"Depressive Episodes, Bipolar I Depression",Depression
NCT03006393,Depression,Depression
NCT04148014,Eating Disorders,Eating disorders
NCT02785614,Depression,Depression
NCT02902601,"Depressive Disorder, Major",Depression
NCT06973512,Addiction,Substance use
NCT06973512,Substance Use Disorder (SUD),Substance use
NCT02691000,Depression,Depression
NCT05365607,Posttraumatic Stress Disorder,PTSD
NCT02613936,Depression,Depression
NCT03904771,Depression,Depression
NCT04013932,Schizophrenia Spectrum and Other Psychotic Disorders,Schizophrenia & psychosis
NCT07323498,Public Speaking Anxiety,Anxiety
NCT04582916,Depression,Depression
NCT04287595,Anxiety State,Anxiety
NCT05567575,Psychosis,Schizophrenia & psychosis
NCT03143075,Major Depressive Disorder,Depression
NCT04153812,Refractory Depression,Depression
NCT01813019,Patient Diagnosed With OCD and Resistant to SSRI Treatment,OCD
NCT06846944,Anxiety,Anxiety
NCT06970964,Depressive Disorder,Depression
NCT06981598,"Depression, Anxiety",Depression
NCT05836181,Anxiety,Anxiety
NCT02999607,Depression,Depression
NCT04486092,Bipolar Disorder,Bipolar disorder
NCT04476836,Schizophrenia,Schizophrenia & psychosis
NCT04411771,"Depression, Anxiety",Depression
NCT01114334,Major Depression,Depression
NCT06803264,Depression Disorders,Depression
NCT06803264,Anxiety Disorders,Anxiety
NCT05978219,Major Depressive Disorder With Insomnia,Depression
NCT04733300,Depressive Symptoms,Depression
NCT04609267,Major Depressive Disorder,Depression
NCT02498392,Depressive Disorder,Depression
NCT02498392,Anxiety,Anxiety
NCT02334644,Obsessive-Compulsive Disorder,OCD
NCT03535714,Anorexia Nervosa,Eating disorders
NCT06487195,Psychotic Disorders,Schizophrenia & psychosis
NCT05172375,Anxiety Disorders,Anxiety
NCT05172375,Depressive Disorder,Depression
NCT04959201,Schizophrenia,Schizophrenia & psychosis
NCT05361330,Outpatients / Inpatients With Depression,Depression
NCT07255365,Anxiety,Anxiety
NCT01798407,Treatment Resistant Major Depressive Disorder,Depression
NCT06493071,Depression,Depression
NCT01948999,Treatment-refractory Schizophrenia,Schizophrenia & psychosis
NCT04144075,Schizophrenia,Schizophrenia & psychosis
NCT05995457,Schizophrenia; Psychosis,Schizophrenia & psychosis
NCT05469412,Anxiety and Fear,Anxiety
NCT05064319,Bipolar Disorder,Bipolar disorder
NCT05064319,Cannabis Use,Substance use
NCT05064319,"Schizoaffective Disorder, Bipolar Type",Bipolar disorder
NCT05064319,Bipolar I Disorder,Bipolar disorder
NCT05064319,Bipolar II Disorder,Bipolar disorder
NCT05064319,"Cannabis Use Disorder, Mild",Substance use
NCT05064319,"Cannabis Use Disorder, Moderate",Substance use
NCT05064319,"Cannabis Use Disorder, Severe",Substance use
NCT05848700,Schizophrenia,Schizophrenia & psychosis
NCT06230107,Eating Disorders,Eating disorders
NCT06230107,Binge-Eating Disorder,Eating disorders
NCT06230107,Binge Eating Disorder Associated With Obesity,Eating disorders
NCT06230107,Eating Disorder,Eating disorders
NCT05716464,Depression,Depression
NCT01078298,Depression,Depression
NCT02307019,Performance Anxiety,Anxiety
NCT06506019,Bipolar Depression,Depression
NCT05095428,Post-traumatic Stress Disorder,PTSD
NCT01768767,Bipolar Depression,Depression
NCT04453709,Anxiety,Anxiety
NCT04453709,Depression,Depression
NCT02008773,Schizophrenia,Schizophrenia & psychosis
NCT05369429,Anxiety,Anxiety
NCT05369429,Depressive Symptoms,Depression
NCT05601102,"Depression, Anxiety",Depression
NCT05278572,Depression,Depression
NCT07304895,Perinatal Depression,Depression
NCT03048695,Schizophrenia,Schizophrenia & psychosis
NCT06202677,Obsessive-Compulsive Disorder,OCD
NCT02238977,Major Depression,Depression
NCT05577481,Depression,Depression
NCT06479967,Anxiety,Anxiety
NCT01383967,Bipolar Disorder,Bipolar disorder
NCT02072954,Schizophrenia,Schizophrenia & psychosis
NCT05372705,Anxiety,Anxiety
NCT05724394,Eating Disorders,Eating disorders
NCT05724394,Bulimia Nervosa,Eating disorders
NCT05724394,Binge-Eating Disorder,Eating disorders
NCT02355366,Bipolar Disorder,Bipolar disorder
NCT03414931,"Depressive Disorder, Major",Depression
NCT04526002,Major Depressive Disorder,Depression
NCT06159595,Major Depressive Disorder,Depression
NCT02481895,Bipolar Disorder,Bipolar disorder
NCT02637895,Post-Traumatic Stress Disorder,PTSD
NCT06208839,Substance-Related Disorders,Substance use
NCT02362412,Bipolar Depression,Depression
NCT07000201,Anxiety,Anxiety
NCT07000201,Anxiety Disorder (Panic Disorder or GAD),Anxiety
NCT04670081,Treatment-resistant Depression,Depression
NCT07822165,Depression,Depression
NCT07822165,Anxiety,Anxiety
NCT01032083,Schizophrenia,Schizophrenia & psychosis
NCT06718556,Schizophenia Disorder,Schizophrenia & psychosis
NCT03889756,Major Depressive Disorder,Depression
NCT03024645,PostPartum Depression,Depression
NCT03420495,Obsessive-Compulsive Disorder,OCD
NCT06874777,Anxiety,Anxiety
NCT07158801,Obsessive-Compulsive Disorder,OCD
NCT04867681,Schizophrenia,Schizophrenia & psychosis
NCT04172051,"Depression, Anxiety",Depression
NCT04172051,Mental Depression,Depression
NCT04607902,Depression,Depression
NCT03540745,Depression,Depression
NCT03540745,Anxiety,Anxiety
NCT03540745,Substance Abuse,Substance use
NCT02754375,Depression,Depression
NCT05897619,Perinatal Anxiety,Anxiety
NCT05897619,Perinatal Depression,Depression
NCT06286930,Anorexia Nervosa,Eating disorders
NCT05128812,Antidepressive Agents,Depression
NCT05128812,"Depression, Anxiety",Depression
NCT06894212,Schizophrenia,Schizophrenia & psychosis
NCT03644719,Substance Use Disorders,Substance use
NCT03947827,Treatment Resistant Depression,Depression
NCT06652594,Anxiety,Anxiety
NCT01034995,Major Depression,Depression
NCT05607654,Treatment-resistant Depression,Depression
NCT02777112,Depression,Depression
NCT05234970,"Depression, Anxiety",Depression
NCT07157241,Anxiety,Anxiety
NCT07157241,Depression,Depression
NCT03433651,Depression,Depression
NCT05701345,Depressive Disorder,Depression
NCT05701345,Major Depressive Disorder,Depression
NCT05701345,Depressive Episode,Depression
NCT04035577,Depression,Depression
NCT04035577,Anxiety,Anxiety
NCT03904901,Anxiety,Anxiety
NCT01630681,Anxiety,Anxiety
NCT01630681,Depression,Depression
NCT04654130,PTSD,PTSD
NCT04654130,Post-traumatic Stress Disorder,PTSD
NCT07198542,Anxiety,Anxiety
NCT07198542,Depression,Depression
NCT01574742,Unipolar Depression,Depression
NCT05384405,Major Depressive Disorder,Depression
NCT05384405,Bipolar Depression,Depression
NCT01772394,Anorexia Nervosa (DSM-IV Revised Criteria),Eating disorders
NCT04040829,Psychotic Disorders,Schizophrenia & psychosis
NCT03458039,Depression,Depression
NCT03458039,Post-traumatic Stress Disorder,PTSD
NCT03458039,Anxiety,Anxiety
NCT03458039,Substance Abuse,Substance use
NCT02915757,Depression Diagnosis,Depression
NCT07068412,Anxiety,Anxiety
NCT04236986,Post Traumatic Stress Disorder,PTSD
NCT02386605,Schizophrenia,Schizophrenia & psychosis
NCT02386605,Schizoaffective Disorder,Schizophrenia & psychosis
NCT03121937,Depression,Depression
NCT03121937,"Depressive Disorder, Major",Depression
NCT05482672,Depression,Depression
NCT01625546,"Depressive Disorder, Major",Depression
NCT02800096,Depression,Depression
NCT02800096,Anxiety,Anxiety
NCT06799962,Eating Disorders,Eating disorders
NCT06799962,Anorexia Nervosa,Eating disorders
NCT06799962,Bulimia Nervosa,Eating disorders
NCT05930509,Major Depressive Disorder,Depression
NCT02372799,Major Depressive Disorder,Depression
NCT05899452,Anxiety,Anxiety
NCT01947647,Major Depressive Disorder,Depression
NCT01947647,Persistent Depressive Disorder,Depression
NCT01947647,Posttraumatic Stress Disorder,PTSD
NCT01947647,Panic Disorder,Anxiety
NCT01947647,Social Phobia,Anxiety
NCT01947647,Specific Phobia,Anxiety
NCT01947647,Generalized Anxiety Disorder,Anxiety
NCT01947647,Obsessive Compulsive Disorder,OCD
NCT06060626,Ventilatory Depression,Depression
NCT03317678,Depression,Depression
NCT01599585,Depression,Depression
NCT07405463,Anxiety Disorders,Anxiety
NCT05455593,Psychosis,Schizophrenia & psychosis
NCT05608278,Obsessive-Compulsive Disorder,OCD
NCT05547035,Major Depressive Disorder,Depression
NCT05312515,Postpartum Anxiety,Anxiety
NCT02901587,Schizophrenia,Schizophrenia & psychosis
NCT02901587,Schizoaffective Disorder,Schizophrenia & psychosis
NCT01694316,Anxiety,Anxiety
NCT01694316,Depression,Depression
NCT01192906,Schizophrenia,Schizophrenia & psychosis
NCT01380704,Major Depressive Disorder,Depression
NCT07427485,SCHIZOPHRENIA 1 (Disorder),Schizophrenia & psychosis
NCT07427485,Schizoaffective Disorder,Schizophrenia & psychosis
NCT01431235,Substance Use Disorders,Substance use
NCT04451135,Treatment Resistant Depression,Depression
NCT03980184,Substance Use Disorders,Substance use
NCT06445933,Postpartum Depression,Depression
NCT04082052,Depressive Symptoms,Depression
NCT03595098,Obsessive-Compulsive Disorder in Children,OCD
NCT03595098,Obsessive-Compulsive Disorder in Adolescence,OCD
NCT04192721,Depression Moderate,Depression
NCT04192721,Depression Mild,Depression
NCT06481033,Depression,Depression
NCT03557684,Depression,Depression
NCT01071538,Depression,Depression
NCT04873648,Eating Disorders,Eating disorders
NCT02237885,Posttraumatic Stress Disorders,PTSD
NCT06765343,Pediatric Pain and Anxiety,Anxiety
NCT03738215,Major Depressive Disorder,Depression
NCT05305235,Posttraumatic Stress Disorder,PTSD
NCT02874417,Anxiety Sensitivity,Anxiety
NCT07185763,Depression,Depression
NCT05737693,Posttraumatic Stress Disorder,PTSD
NCT06285916,"Depression, Postpartum",Depression
NCT06285916,Postpartum Depression,Depression
NCT06285916,Post-partum Depression,Depression
NCT06285916,Postnatal Depression,Depression
NCT06285916,Post-Natal Depression,Depression
NCT05217706,Depression,Depression
NCT05337852,Anxiety,Anxiety
NCT05778747,Depression,Depression
NCT05778747,Anxiety,Anxiety
NCT05491538,Schizophrenia,Schizophrenia & psychosis
NCT05491538,Bipolar Disorder,Bipolar disorder
NCT05491538,"Depressive Disorder, Major",Depression
NCT05491538,"Stress Disorder, Post-Traumatic",PTSD
NCT01363349,Schizophrenia,Schizophrenia & psychosis
NCT01363349,Cognitive Effect on Schizophrenic Patients,Schizophrenia & psychosis
NCT06166355,Anorexia Nervosa,Eating disorders
NCT01246804,Depression,Depression
NCT05114733,Clinical High Risk for Psychosis,Schizophrenia & psychosis
NCT03658252,Phobia,Anxiety
NCT05592652,Post Traumatic Stress Disorder,PTSD
NCT03244878,Depressive Symptoms,Depression
NCT01604707,Anxiety,Anxiety
NCT01604707,Depression,Depression
NCT03826563,Psychosis,Schizophrenia & psychosis
NCT06482606,Depression,Depression
NCT06110806,Avoidant Restrictive Food Intake Disorder,Eating disorders
NCT05494684,Anxiety,Anxiety
NCT01191333,Major Depressive Disorder,Depression
NCT07335458,Parental Anxiety,Anxiety
NCT03324048,Anxiety,Anxiety
NCT04581434,"Stress Disorders, Post-Traumatic",PTSD
NCT04581434,Substance Use Disorders,Substance use
NCT06073964,Post-Traumatic Stress Disorder,PTSD
NCT03382093,Anxiety Disorders,Anxiety
NCT03382093,Anxiety,Anxiety
NCT03382093,Tobacco Dependence,Substance use
NCT04826614,Major Depressive Disorder,Depression
NCT03016052,Social Anxiety Disorder,Anxiety
NCT03016052,Generalized Anxiety Disorder,Anxiety
NCT05763849,Anorexia Nervosa,Eating disorders
NCT03813290,Generalised Anxiety Disorder,Anxiety
NCT02782910,Bipolar Disorder,Bipolar disorder
NCT04693013,Anxiety,Anxiety
NCT01140620,Schizophrenia,Schizophrenia & psychosis
NCT04150380,Post Traumatic Stress Disorder,PTSD
NCT03795480,Depressive Symptoms,Depression
NCT01832285,SCHIZOPHRENIA 1 (Disorder),Schizophrenia & psychosis
NCT03068325,Posttraumatic Stress Disorder,PTSD
NCT03384706,Posttraumatic Stress Disorder,PTSD
NCT01895452,Schizophrenia,Schizophrenia & psychosis
NCT02622958,Social Anxiety Disorder,Anxiety
NCT05389358,Depression,Depression
NCT04100785,Depressive Symptoms,Depression
NCT07111689,Schizophrenia Disorder,Schizophrenia & psychosis
NCT05704868,Social Anxiety,Anxiety
NCT03251326,Post Traumatic Stress Disorder,PTSD
NCT07216326,Depressive Symptoms,Depression
NCT03832478,Anxiety,Anxiety
NCT02743715,Obsessive-Compulsive Disorder,OCD
NCT06535243,Post-Traumatic Stress Disorder Complex,PTSD
NCT05469815,Schizophrenia,Schizophrenia & psychosis
NCT05400564,Depression,Depression
NCT02244099,Anxiety,Anxiety
NCT02244099,"Opioid Use, Unspecified",Substance use
NCT04775498,Bipolar Disorder Type I or II (According to DSM-5),Bipolar disorder
NCT04567147,Depression,Depression
NCT01342549,Alcohol Dependence,Substance use
NCT07363915,Anxiety,Anxiety
NCT07363915,Depressive Symptoms,Depression
NCT07363915,Anxiety Symptoms,Anxiety
NCT07363915,Subthreshold Depression,Depression
NCT03747835,Anorexia Nervosa,Eating disorders
NCT07288008,Anxiety,Anxiety
NCT02237417,Schizophrenia,Schizophrenia & psychosis
NCT01958840,Depression,Depression
NCT04450147,Bipolar Disorder,Bipolar disorder
NCT07523048,Major Depressive Disorder (MDD),Depression
NCT01526148,Bipolar Disorder,Bipolar disorder
NCT03873155,Social Anxiety,Anxiety
NCT02531243,Psychosis,Schizophrenia & psychosis
NCT03732378,Role of Omega-3 Polyunsaturated Fatty Acid in the Management of Major Depressive Disorder: A Randomized Controlled Trial,Depression
NCT04770285,Major Depressive Disorder,Depression
NCT02660385,Depressive Symptoms,Depression
NCT02660385,Anxiety,Anxiety
NCT05263635,Anxiety,Anxiety
NCT05263635,Opioid Use,Substance use
NCT03940508,Depression,Depression
NCT01420848,Anxiety,Anxiety
NCT07401043,Maternal Anxiety,Anxiety
NCT06409325,Major Depressive Disorder (MDD),Depression
NCT02907476,Depression,Depression
NCT02907476,Major Depressive Disorder,Depression
NCT02907476,PTSD,PTSD
NCT02907476,Anxiety,Anxiety
NCT03324568,Feeding and Eating Disorders of Childhood,Eating disorders
NCT01650740,Major Depressive Disorder,Depression
NCT04325568,Psychosis,Schizophrenia & psychosis
NCT02323152,Postpartum Depression,Depression
NCT07119515,Generalized Anxiety Disorder,Anxiety
NCT05563935,Obsessive-Compulsive Disorder,OCD
NCT06770517,Anxiety Disorders,Anxiety
NCT06770517,Anxiety Depression,Depression
NCT02750904,Bipolar Disorder,Bipolar disorder
NCT01502033,Major Depressive Disorder,Depression
NCT05288049,Psychotic Disorder,Schizophrenia & psychosis
NCT03369249,Substance Use,Substance use
NCT03369249,Substance Abuse,Substance use
NCT03369249,Substance Use Disorders,Substance use
NCT04373343,Food Addiction,Substance use
NCT07618676,Anxiety,Anxiety
NCT01390376,Schizophrenia,Schizophrenia & psychosis
NCT06675240,Depression - Major Depressive Disorder,Depression
NCT06675240,Depression Disorders,Depression
NCT03069417,Depression,Depression
NCT02808533,"Schizophrenia, Schizoaffective Disorder",Schizophrenia & psychosis
NCT02535455,Substance Use Disorder,Substance use
NCT05798143,Treatment Resistant Depression,Depression
NCT04449315,Anxiety,Anxiety
NCT05507008,Anorexia Nervosa,Eating disorders
NCT05507008,Bulimia Nervosa,Eating disorders
NCT05507008,Atypical Anorexia Nervosa,Eating disorders
NCT05507008,Atypical Bulimia Nervosa,Eating disorders
NCT05914025,Depression,Depression
NCT05120635,GAD,Anxiety
NCT05120635,PTSD,PTSD
NCT04975035,Schizophrenia,Schizophrenia & psychosis
NCT05927376,"Depression, Anxiety",Depression
NCT00971217,Depression,Depression
NCT03892889,Schizophrenia,Schizophrenia & psychosis
NCT06132282,Substance Use Disorders,Substance use
NCT02449759,Anxiety,Anxiety
NCT02449759,Depression,Depression
NCT05478759,Post Traumatic Stress Disorder,PTSD
NCT05784259,Anxiety Disorders,Anxiety
NCT05784259,Depression,Depression
NCT02143024,Major Depression,Depression
NCT06798324,Nicotine Dependence,Substance use
NCT06798324,Nicotine Use Disorder,Substance use
NCT06798324,Tobacco Use Disorder,Substance use
NCT06798324,Substance Use Disorders,Substance use
NCT05977023,Bipolar I Disorder,Bipolar disorder
NCT05027659,Anxiety,Anxiety
NCT04022759,Depression,Depression
NCT01814085,Major Depressive Disorder,Depression
NCT03845985,Alcohol Use Disorder,Substance use
NCT03845985,Post Traumatic Stress Disorder,PTSD
NCT06114485,"Depression, Anxiety",Depression
NCT07081425,Anxiety After Surgery,Anxiety
NCT06138691,Treatment Resistant Depression,Depression
NCT07069374,Substance Use Disorder (SUD),Substance use
NCT01625897,Schizophrenia,Schizophrenia & psychosis
NCT03233113,Specific Phobia,Anxiety
NCT02517723,"Stress Disorders, Post-Traumatic",PTSD
NCT04951076,Post-Traumatic Stress Disorder,PTSD
NCT03711760,Depression,Depression
NCT01170520,Adolescent Depression,Depression
NCT04531982,Schizophrenia,Schizophrenia & psychosis
NCT02611843,"Stress Disorders, Post-traumatic",PTSD
NCT02611843,Substance Use Disorders,Substance use
NCT03384576,Anxiety,Anxiety
NCT05187117,Depression,Depression
NCT03055468,Depression,Depression
NCT05851950,Psychotic Disorders,Schizophrenia & psychosis
NCT05580718,Online CBT Targeting Cardiac Anxiety,Anxiety
NCT06786624,Major Depressive Disorder,Depression
NCT02873208,Schizophrenia,Schizophrenia & psychosis
NCT03689868,Anxiety,Anxiety
NCT05072210,Depression,Depression
NCT05072210,Anxiety,Anxiety
NCT02846740,Depression,Depression
NCT02846740,Anxiety,Anxiety
NCT04596891,PTSD,PTSD
NCT06033391,Obsessive-Compulsive Disorder in Adolescence,OCD
NCT06356324,Anxiety,Anxiety
NCT03999359,Depression,Depression
NCT03999359,Anxiety,Anxiety
NCT03338179,Schizophrenia,Schizophrenia & psychosis
NCT06824415,Major Depression,Depression
NCT05958940,"Depression, Unipolar",Depression
NCT05958940,"Depression, Bipolar",Depression
NCT03383874,Mania (Neurotic),Bipolar disorder
NCT04556890,Major Depressive Disorder,Depression
NCT06028997,Depression,Depression
NCT06028997,Anxiety,Anxiety
NCT04046497,First Episode Psychosis,Schizophrenia & psychosis
NCT04251624,Post Traumatic Stress Disorder,PTSD
NCT06298279,Depression,Depression
NCT06298279,Anxiety,Anxiety
NCT06298279,"Stress Disorders, Post-Traumatic",PTSD
NCT03756610,Schizophrenia,Schizophrenia & psychosis
NCT01924520,Major Depressive Disorder,Depression
NCT04078282,Depression in Old Age,Depression
NCT02166424,Depression,Depression
NCT06443125,Obsessive-Compulsive Disorder,OCD
NCT03696225,Posttraumatic Stress Disorder,PTSD
NCT07176468,Schizophrenia,Schizophrenia & psychosis
NCT07521020,Posttraumatic Stress Disorder (PTSD),PTSD
NCT07238920,Anxiety Disorders,Anxiety
NCT05357859,Bipolar Disorder,Bipolar disorder
NCT06346496,Depression,Depression
NCT06346496,Anxiety,Anxiety
NCT03585010,Anxiety Disorder of Childhood,Anxiety
NCT03585010,Separation Anxiety Disorder of Childhood,Anxiety
NCT03585010,Social Anxiety Disorder of Childhood,Anxiety
NCT03585010,Generalized Anxiety Disorder,Anxiety
NCT04966910,Depression,Depression
NCT04966910,Anxiety,Anxiety
NCT05894759,Depression,Depression
NCT05894759,Anxiety,Anxiety
NCT05520580,Postpartum Depression,Depression
NCT01255787,"Depressive Disorder, Major",Depression
NCT07022184,Depressive/Anxiety Symptoms,Depression
NCT07022184,Depressive Disorder,Depression
NCT06863948,Anxiety,Anxiety
NCT06863948,Depression - Major Depressive Disorder,Depression
NCT06146517,Anxiety,Anxiety
NCT03322358,Depression,Depression
NCT07521358,Major Depressive Disorder (MDD),Depression
NCT04793776,"Stress Disorders, Post-Traumatic",PTSD
NCT05343533,Depression,Depression
NCT05343533,Anxiety,Anxiety
NCT04154085,Obsessive-Compulsive Disorder,OCD
NCT02579343,Major Depressive Disorder,Depression
NCT05086263,Anxiety,Anxiety
NCT04038593,Anxiety,Anxiety
NCT03160521,Acute Schizophrenia,Schizophrenia & psychosis
NCT03195933,Depression,Depression
NCT04916938,Post-traumatic Stress Disorder (PTSD),PTSD
NCT02002858,Anxiety Disorders,Anxiety
NCT02002858,Depression Disorders,Depression
NCT06436378,Anxiety,Anxiety
NCT06626425,Depression,Depression
NCT04747340,Depression in Adolescence,Depression
NCT04747340,Depressive Disorder,Depression
NCT04747340,Dysthymia and Chronic Depression,Depression
NCT02413840,Anxiety,Anxiety
NCT02413840,Depression,Depression
NCT06124014,Generalized Anxiety Disorder,Anxiety
NCT05285306,Anxiety,Anxiety
NCT03554447,Major Depressive Disorder,Depression
NCT04459455,Anxiety,Anxiety
NCT06259526,Depression,Depression
NCT02035878,Anxiety,Anxiety
NCT02035878,Depression,Depression
NCT06591091,Depression,Depression
NCT04141904,Depression,Depression
NCT03537547,Major Depressive Disorder,Depression
NCT03537547,Depression,Depression
NCT03537547,Depressive Disorder,Depression
NCT03537547,Depressive Episode,Depression
NCT03537547,"Depression, Unipolar",Depression
NCT05964049,Obsessive-Compulsive Disorder,OCD
NCT05964049,OCD,OCD
NCT02234258,At Risk of Psychosis,Schizophrenia & psychosis
NCT06432985,Tobacco Use Disorder,Substance use
NCT06432985,Substance Use Disorder,Substance use
NCT03260985,Depressive Disorders,Depression
NCT03260985,Depressive Symptoms,Depression
NCT03260985,Anxiety Disorders and Symptoms,Anxiety
NCT07375485,Depressive Symptoms,Depression
NCT07375485,Anxiety Symptoms,Anxiety
NCT04595708,Depression,Depression
NCT03951376,Anxiety Symptoms,Anxiety
NCT03951376,Depressive Symptoms,Depression
NCT02661789,Postpartum Depression,Depression
NCT02661789,Major Depressive Disorder,Depression
NCT02661789,Postpartum Psychosis,Schizophrenia & psychosis
NCT02661789,Schizophrenia,Schizophrenia & psychosis
NCT05160233,Drug Use Disorders,Substance use
NCT05160233,Opioid Use Disorder,Substance use
NCT03837340,Schizophrenia,Schizophrenia & psychosis
NCT03837340,Bipolar Disorder,Bipolar disorder
NCT03837340,Severe Depression,Depression
NCT02040389,Anxiety,Anxiety
NCT02448433,Depression,Depression
NCT06572449,Schizophrenia,Schizophrenia & psychosis
NCT02129348,Psychosis,Schizophrenia & psychosis
NCT01409317,Major Depressive Disorder,Depression
NCT02095340,Anxiety Disorders,Anxiety
NCT04312191,Anxiety,Anxiety
NCT05933148,Major Depressive Disorder,Depression
NCT05749055,Generalized Anxiety Disorder,Anxiety
NCT07433985,Substance Use Disorder (SUD),Substance use
NCT02076425,"Depressive Disorder, Major",Depression
NCT02666989,Major Depressive Disorder,Depression
NCT05288140,Anxiety,Anxiety
NCT05288140,Depression,Depression
NCT04115891,Anxiety Disorder,Anxiety
NCT02473289,"Depressive Disorder, Major",Depression
NCT07024550,Binge Eating Behaviour,Eating disorders
NCT07024550,Binge Eating/Loss of Control Eating,Eating disorders
NCT04620499,Depression,Depression
NCT06387732,Depression,Depression
NCT01866098,Schizophrenia,Schizophrenia & psychosis
NCT01866098,Schizoaffective Disorder,Schizophrenia & psychosis
NCT01866098,Schizophreniform Disorder,Schizophrenia & psychosis
NCT01866098,Bipolar Disorder,Bipolar disorder
NCT01866098,Severe Major Depression With Psychotic Features,Depression
NCT05835921,Stimulant Use,Substance use
NCT05835921,Substance Use Disorders,Substance use
NCT03973216,Anxiety,Anxiety
NCT03973216,Depression,Depression
NCT01892033,Posttraumatic Stress Disorder,PTSD
NCT06208852,Post-partum Depression,Depression
NCT05773755,Major Depressive Disorder,Depression
NCT05773755,Treatment Resistant Depression,Depression
NCT04425278,Major Depressive Disorder,Depression
NCT01604876,Depression,Depression
NCT06245213,Schizophrenia,Schizophrenia & psychosis
NCT03978182,Depression,Depression
NCT04698603,Treatment Resistant Depression,Depression
NCT04698603,Major Depressive Disorder,Depression
NCT04698603,Depression,Depression
NCT02857088,Depression,Depression
NCT01372670,Anxiety in Those Patients With Anorexia Nervosa,Anxiety
NCT01372670,"Eating Disorder Not Otherwise Specified, BMI (<=18)",Eating disorders
NCT07521683,Schizophrenia(Acute),Schizophrenia & psychosis
NCT06746441,Major Depressive Disorder,Depression
NCT05605041,"Mindfulness, Burnout, Anxiety, Sleep",Anxiety
NCT06002360,Anxiety,Anxiety
NCT03091582,Depression,Depression
NCT07009223,Major Depressive Disorder (MDD),Depression
NCT07009223,Depressive Symptoms,Depression
NCT02667041,"Depressive Disorder, Major",Depression
NCT06382194,Depression,Depression
NCT06350760,Anxiety Disorders and Symptoms,Anxiety
NCT06350760,Depressive Symptoms,Depression
NCT03679962,"Depressive Disorder, Major",Depression
NCT03679962,Bipolar Depression,Depression
NCT01281527,Schizophrenia,Schizophrenia & psychosis
NCT02423824,Bipolar Disorder,Bipolar disorder
NCT02423824,Major Depressive Disorder,Depression
NCT02349880,Schizophrenia,Schizophrenia & psychosis
NCT02349880,Schizo-affective Disorder,Schizophrenia & psychosis
NCT02147379,Bipolar I Disorder,Bipolar disorder
NCT02382562,Depression,Depression
NCT03071562,Depression,Depression
NCT06341803,Depression,Depression
NCT03852186,Obsessive-Compulsive Disorder,OCD
NCT05676554,Anxiety Disorders and Symptoms,Anxiety
NCT05676554,"Depression, Anxiety",Depression
NCT06105294,Bipolar Disorder,Bipolar disorder
NCT04584879,Anxiety Disorders,Anxiety
NCT04584879,Depressive Disorder,Depression
NCT04584879,Post Traumatic Stress Disorder,PTSD
NCT04584879,Obsessive-Compulsive Disorder,OCD
NCT01143896,Depression,Depression
NCT03170362,Major Depression,Depression
NCT02480062,Depression,Depression
NCT02480062,Alcohol Use Disorder,Substance use
NCT02737488,Post-Traumatic Stress Disorder,PTSD
NCT06114524,Anxiety State,Anxiety
NCT05443724,Schizophrenia,Schizophrenia & psychosis
NCT03812588,Major Depressive Disorder,Depression
NCT06580249,Depression,Depression
NCT01701258,Major Depressive Disorder (MDD),Depression
NCT01567943,Alcohol Abuse,Substance use
NCT01567943,Schizophrenia,Schizophrenia & psychosis
NCT01567943,Bipolar Disorder,Bipolar disorder
NCT01567943,Major Depressive Disorder,Depression
NCT06542094,Major Depressive Disorder,Depression
NCT06542094,Treatment Resistant Depression,Depression
NCT07060066,Schizophrenia and Related Disorders,Schizophrenia & psychosis
NCT04786951,Anorexia Nervosa,Eating disorders
NCT02781051,Depression,Depression
NCT04426565,Substance Use Disorders,Substance use
NCT02240173,Schizophrenia and Disorders With Psychotic Features,Schizophrenia & psychosis
NCT04410341,Major Depressive Disorder,Depression
NCT01685294,Major Depressive Disorder,Depression
NCT07309302,Post Traumatic Stress Disorder PTSD,PTSD
NCT06592677,Post-traumatic Stress Disorder,PTSD
NCT07047157,Self-confidence in Clinical Decision Making and Anxiety,Anxiety
NCT02888028,Anxiety,Anxiety
NCT02888028,Depression,Depression
NCT04459000,Substance Use Disorders,Substance use
NCT02885792,Schizophrenia,Schizophrenia & psychosis
NCT04813341,Post Partum Depression,Depression
NCT03278756,Major Depression in Remission,Depression
NCT05856656,Anxiety,Anxiety
NCT05717231,Anxiety,Anxiety
NCT04466202,Anxiety,Anxiety
NCT01295372,Schizophrenia,Schizophrenia & psychosis
NCT01369095,Depression,Depression
NCT05850975,Anxiety,Anxiety
NCT02237300,Bulimia Nervosa,Eating disorders
NCT02237300,Binge-Eating Disorder,Eating disorders
NCT02237300,Binge Eating,Eating disorders
NCT01655472,Foetal Differences Between Healthy and Schizophernic Parents,Schizophrenia & psychosis
NCT04895995,Anxiety Disorders,Anxiety
NCT04895995,Anxiety,Anxiety
NCT07457801,Post Traumatic Stress Disorder,PTSD
NCT07457801,Depression,Depression
NCT07457801,Anxiety Disorders and Symptoms,Anxiety
NCT00916201,Schizophrenia,Schizophrenia & psychosis
NCT03906175,"Depression, Unipolar",Depression
NCT05674357,"Depression, Anxiety",Depression
NCT04245501,Anxiety Disorders,Anxiety
NCT04704765,Anxiety,Anxiety
NCT01283607,Depression,Depression
NCT01283607,Anxiety,Anxiety
NCT05371002,Mild to Moderate Depressive Symptoms,Depression
NCT02109939,Major Depressive Disorder (MDD),Depression
NCT06368557,Anxiety Disorders,Anxiety
NCT06394700,PTSD,PTSD
NCT03839407,Anxiety,Anxiety
NCT03898271,Post Traumatic Stress Disorder,PTSD
NCT05177601,Obsessive-Compulsive Disorder,OCD
NCT07587112,Obsessive-Compulsive Disorder (OCD),OCD
NCT01933919,Obsessive Compulsive Disorder,OCD
NCT01694030,Unipolar Depression,Depression
NCT03272230,Depression - Major Depressive Disorder,Depression
NCT01657019,Binge Eating Disorder,Eating disorders
NCT04706728,Anxiety State,Anxiety
NCT02792153,Anorexia Nervosa,Eating disorders
NCT01463137,Social Phobia,Anxiety
NCT05436145,Depression,Depression
NCT02408081,Depression,Depression
NCT04644081,Postnatal Depression,Depression
NCT05598944,Anxiety,Anxiety
NCT07255131,Depression - Major Depressive Disorder,Depression
NCT07255131,Anxiety Chronic,Anxiety
NCT07255131,Anxiety,Anxiety
NCT07255131,Obsessive Compulsive Disorders,OCD
NCT03496675,Depression,Depression
NCT05712928,Schizophrenia,Schizophrenia & psychosis
NCT05712928,Schizoaffective Disorder,Schizophrenia & psychosis
NCT06765967,Anxiety State,Anxiety
NCT04071600,"Stress Disorders, Post-Traumatic",PTSD
NCT04214600,Depression,Depression
NCT03028792,Anxiety,Anxiety
NCT04099771,"Depressive Disorder, Major",Depression
NCT01843907,Depression,Depression
NCT03522844,Anxiety Disorders,Anxiety
NCT03522844,Generalized Anxiety Disorder,Anxiety
NCT03522844,Panic Disorder,Anxiety
NCT03522844,Social Anxiety Disorder,Anxiety
NCT03522844,Agoraphobia,Anxiety
NCT04979676,Social Anxiety Disorder,Anxiety
NCT01853020,Psychotic Disorders,Schizophrenia & psychosis
NCT02834182,"Bipolar Disorder, Schizophrenia",Bipolar disorder
NCT04775524,Post Traumatic Stress Disorder,PTSD
NCT06651424,Postpartum Depression,Depression
NCT01503359,Schizophrenia,Schizophrenia & psychosis
NCT05243459,Posttraumatic Stress Disorder,PTSD
NCT04403373,Major Depressive Disorder (MDD),Depression
NCT05562973,Post-Traumatic Stress Disorder,PTSD
NCT06774573,Generalized Anxiety Disorder,Anxiety
NCT06234969,Posttraumatic Stress Disorder,PTSD
NCT03610451,Anorexia Nervosa,Eating disorders
NCT07208851,Depression Symptoms,Depression
NCT07208851,Anxiety Symptoms,Anxiety
NCT02736929,PTSD,PTSD
NCT03107039,Depressive Symptoms,Depression
NCT01993277,Depression,Depression
NCT01993277,Anxiety,Anxiety
NCT02427542,Psychotic Disorders,Schizophrenia & psychosis
NCT07176273,Posttraumatic Stress Disorder,PTSD
NCT07176273,PTSD,PTSD
NCT03617783,Schizophrenia,Schizophrenia & psychosis
NCT03617783,Schizoaffective Disorder,Schizophrenia & psychosis
NCT02667522,Depression,Depression
NCT02667522,Anxiety,Anxiety
NCT04176822,Clinical Anxiety,Anxiety
NCT04298437,Depression,Depression
NCT05977439,Depression,Depression
NCT05977439,Major Depressive Disorder,Depression
NCT06757842,Depression/Anxiety,Depression
NCT06375083,Depression,Depression
NCT02600754,Depression,Depression
NCT02363205,Depression,Depression
NCT02363205,Anxiety,Anxiety
NCT05233566,Postoperative Depression,Depression
NCT06046456,Postpartum Depression,Depression
NCT01876056,Schizophrenia,Schizophrenia & psychosis
NCT07359729,Anxiety,Anxiety
NCT07113002,Stress and Anxiety,Anxiety
NCT04285437,Postnatal Depression,Depression
NCT07533812,Social Anxiety Disorder (SAD),Anxiety
NCT06670027,Anxiety,Anxiety
NCT04450186,Depression,Depression
NCT01994473,Schizophrenia,Schizophrenia & psychosis
NCT03187769,Schizophrenia,Schizophrenia & psychosis
NCT03187769,Schizophreniform Disorders,Schizophrenia & psychosis
NCT03187769,Bipolar I Disorder,Bipolar disorder
NCT07129941,Anxiety,Anxiety
NCT07129941,Depression - Major Depressive Disorder,Depression
NCT06603922,Schizophrenia,Schizophrenia & psychosis
NCT06603922,Psychosis,Schizophrenia & psychosis
NCT06603922,Schizophrenia Spectrum and Other Psychotic Disorders,Schizophrenia & psychosis
NCT06994351,Anxiety and Depression,Depression
NCT02295995,Post-traumatic,PTSD
NCT06132061,Depression in Old Age,Depression
NCT06962527,Anxiety,Anxiety
NCT06962527,Intolerance of Uncertainty; Anxiety,Anxiety
NCT06962527,"Depression, Anxiety",Depression
NCT02320370,Anxiety,Anxiety
NCT04992494,Depression,Depression
NCT07121894,Bipolar Depression,Depression
NCT02826629,Schizophrenia,Schizophrenia & psychosis
NCT03918837,Obsessive Compulsive Disorder,OCD
NCT01955954,Panic Disorder,Anxiety
NCT01818453,Major Depressive Disorder,Depression
NCT02326545,Anxiety,Anxiety
NCT04336072,Posttraumatic Stress Disorder,PTSD
NCT05463770,Schizophrenia,Schizophrenia & psychosis
NCT06806631,Anxiety,Anxiety
NCT04793542,Anxiety Disorders,Anxiety
NCT04793542,Depression,Depression
NCT04793542,Post-traumatic Stress Disorder,PTSD
NCT04271553,Anxiety,Anxiety
NCT06786572,Anxiety Sensitivity,Anxiety
NCT04979910,Major Depressive Disorder,Depression
NCT02459860,Depression,Depression
NCT02242110,Post-traumatic Stress Disorder,PTSD
NCT07140913,Mania,Bipolar disorder
NCT07140913,Bipolar Disorder,Bipolar disorder
NCT05473013,Bulimia Nervosa,Eating disorders
NCT05473013,Bulimia,Eating disorders
NCT05473013,Binge Eating,Eating disorders
NCT05473013,Binge-Eating Disorder,Eating disorders
NCT03722082,Bipolar and Related Disorders,Bipolar disorder
NCT03227224,"Depressive Disorder, Major",Depression
NCT04652362,Anxiety,Anxiety
NCT04652362,Anxiety Disorders,Anxiety
NCT04652362,Depression,Depression
NCT03299803,Depression,Depression
NCT04729803,Social Anxiety Disorder,Anxiety
NCT02792127,Social Anxiety,Anxiety
NCT07045142,Schizophrenia,Schizophrenia & psychosis
NCT01611220,Anorexia Nervosa,Eating disorders
NCT03974620,Schizophrenia,Schizophrenia & psychosis
NCT03974620,Schizophreniform Disorders,Schizophrenia & psychosis
NCT03974620,Schizoaffective Disorder,Schizophrenia & psychosis
NCT03974620,Psychosis,Schizophrenia & psychosis
NCT06367023,Depression,Depression
NCT06367023,Anxiety,Anxiety
NCT03289923,Major Depressive Disorder,Depression
NCT05011396,Social Anxiety Disorder,Anxiety
NCT06652503,Anxiety,Anxiety
NCT06652503,Depression,Depression
NCT05229770,Substance-Related Disorders,Substance use
NCT03777020,Post Traumatic Stress Disorder,PTSD
NCT04364659,Bulimia Nervosa,Eating disorders
NCT04364659,Binge-Eating Disorder,Eating disorders
NCT03288779,Schizophrenia,Schizophrenia & psychosis
NCT03288779,Schizoaffective Disorder,Schizophrenia & psychosis
NCT05159362,Opioid-use Disorder,Substance use
NCT05159362,Medication for Opioid-use Disorder,Substance use
NCT04838262,Major Depressive Disorder,Depression
NCT02091388,Schizophrenia,Schizophrenia & psychosis
NCT02091388,Schizoaffective Disorder,Schizophrenia & psychosis
NCT02713360,Anxiety,Anxiety
NCT05907213,"Depression, Postpartum",Depression
NCT04634279,Opioid-use Disorder,Substance use
NCT04634279,Addiction,Substance use
NCT04634279,Depression,Depression
NCT04634279,Post Traumatic Stress Disorder,PTSD
NCT06284096,Schizophrenia,Schizophrenia & psychosis
NCT04154423,"Depression, Anxiety",Depression
NCT04154423,"Depression, Postpartum",Depression
NCT05126459,"Anxiety, Dental",Anxiety
NCT05976659,Major Depressive Disorder,Depression
NCT05976659,Depressive Disorder,Depression
NCT07574203,Anxiety and Fear,Anxiety
NCT06885320,Alcohol Use,Substance use
NCT06885320,Anxiety,Anxiety
NCT01725282,Major Depressive Disorder,Depression
NCT01831362,Mild-moderate Unipolar Depression; Persistent Negative Affect,Depression
NCT02386410,Anxiety Disorders,Anxiety
NCT05261659,Social Anxiety Disorder,Anxiety
NCT04730180,Depression,Depression
NCT02765880,Schizophrenia,Schizophrenia & psychosis
NCT02765880,Bipolar Disorder,Bipolar disorder
NCT06350396,Treatment Resistant Depression,Depression
NCT06350396,Major Depressive Disorder,Depression
NCT02305303,Post-traumatic Stress Disorder,PTSD
NCT01577303,Social Phobia,Anxiety
NCT01964820,Depression,Depression
NCT05841979,Depression,Depression
NCT05841979,Anxiety,Anxiety
NCT01761942,Anorexia Nervosa,Eating disorders
NCT02167620,Schizophrenia,Schizophrenia & psychosis
NCT07250282,Anxiety,Anxiety
NCT02503124,Depression,Depression
NCT05899296,Dental Phobia,Anxiety
NCT05899296,Needle Phobia,Anxiety
NCT05458362,Anxiety Sensitivity,Anxiety
NCT05458362,Anxiety,Anxiety
NCT03862703,PTSD,PTSD
NCT03862703,Post Traumatic Stress Disorder,PTSD
NCT03677947,Obsessive-compulsive Disorders and Symptoms,OCD
NCT03677947,Obsessive-Compulsive Disorder,OCD
NCT04728958,Depression,Depression
NCT03703258,Post Traumatic Stress Disorder,PTSD
NCT04379648,Posttraumatic Stress Disorder,PTSD
NCT02339285,Major Depressive Disorder,Depression
NCT02339285,MDD,Depression
NCT03830008,PTSD,PTSD
NCT03830008,Anxiety,Anxiety
NCT03830008,Depression,Depression
NCT05118906,Binge-Eating Disorder,Eating disorders
NCT03068247,Major Depressive Disorder,Depression
NCT02177955,Anxiety,Anxiety
NCT03327714,Anxiety,Anxiety
NCT03327714,Depression,Depression
NCT03900416,Depression,Depression
NCT03900416,Anxiety,Anxiety
NCT04596904,Anxiety State,Anxiety
NCT05139433,Childhood Anxiety Disorder,Anxiety
NCT05139433,Childhood Depression,Depression
NCT04693858,Anxiety Disorder of Childhood,Anxiety
NCT02261558,Anxiety,Anxiety
NCT04369378,Anxiety,Anxiety
NCT01235585,Schizophrenia,Schizophrenia & psychosis
NCT01411085,Schizophrenia,Schizophrenia & psychosis
NCT01411085,Alcoholism,Substance use
NCT03407443,"Mental Health Issue (E.G., Depression, Psychosis, Personality Disorder, Substance Abuse)",Depression
NCT03906435,"Mental Health Issue (E.G., Depression, Psychosis, Personality Disorder, Substance Abuse)",Depression
NCT03315208,Substance Use Disorders,Substance use
NCT03315208,Depression,Depression
NCT03315208,Anxiety,Anxiety
NCT04086017,Anxiety,Anxiety
NCT05682417,Anorexia Nervosa,Eating disorders
NCT07524868,Schizophrenia Patients,Schizophrenia & psychosis
NCT05480150,Major Depressive Disorder,Depression
NCT05480150,"Bipolar Disorder, Mixed",Bipolar disorder
NCT02376491,DEPRESSION,Depression
NCT03097874,Eating Disorder,Eating disorders
NCT03097874,Anorexia Nervosa,Eating disorders
NCT03097874,Anorexia Nervosa Restricting Type,Eating disorders
NCT03097874,"Anorexia Nervosa, Atypical",Eating disorders
NCT03097874,Eating Disorders in Adolescence,Eating disorders
NCT03322774,Major Depressive Disorder,Depression
NCT04972474,Major Depressive Disorder,Depression
NCT05626218,Anxiety,Anxiety
NCT05615090,Eating Disorder in Adolescents and Young Adults,Eating disorders
NCT06229210,Schizophrenia,Schizophrenia & psychosis
NCT06229210,Bipolar Disorder,Bipolar disorder
NCT01945333,Schizophrenia,Schizophrenia & psychosis
NCT01945333,Schizoaffective Disorder,Schizophrenia & psychosis
NCT06662526,Bipolar Disorder (BD),Bipolar disorder
NCT06662526,Depression - Major Depressive Disorder,Depression
NCT04348812,Anxiety,Anxiety
NCT04283812,Obsessive-Compulsive Disorder,OCD
NCT07029581,Lewy Body Dementia Psychosis,Schizophrenia & psychosis
NCT04296981,Anxiety,Anxiety
NCT03019081,Anorexia Nervosa,Eating disorders
NCT06353919,Anxiety,Anxiety
NCT07085065,Anxiety,Anxiety
NCT01781000,Schizophrenia,Schizophrenia & psychosis
NCT02460536,Anxiety Disorders,Anxiety
NCT05360953,Posttraumatic Stress Disorder,PTSD
NCT04031157,Major Depressive Disorder,Depression
NCT03861000,Depression,Depression
NCT05758636,Anxiety,Anxiety
NCT02942251,Major Depressive Disorders,Depression
NCT06994637,Anxiety and Fear,Anxiety
NCT02593695,Anorexia Nervosa,Eating disorders
NCT04664257,Bipolar Disorder,Bipolar disorder
NCT04664257,Bipolar Depression,Depression
NCT06922812,Major Depressive Disorder (MDD),Depression
NCT04637581,Substance-Related Disorders,Substance use
NCT04637581,Depression,Depression
NCT04637581,"Stress Disorders, Post-Traumatic",PTSD
NCT05748730,Suicide and Depression,Depression
NCT03841292,Tobacco Dependence,Substance use
NCT03841292,Tobacco Use Disorder,Substance use
NCT03841292,Substance Use Disorders,Substance use
NCT04642092,Anxiety Disorders,Anxiety
NCT04642092,Depression,Depression
NCT06325605,Adolescent Depression,Depression
NCT04094922,Posttraumatic Stress,PTSD
NCT07273851,Major Depressive Disorder,Depression
NCT01177072,Depression,Depression
NCT01177072,Anxiety,Anxiety
NCT01177072,Post-Traumatic Stress Disorder,PTSD
NCT01453439,Obsessive-Compulsive Spectrum Disorder,OCD
NCT01453439,Anxiety Disorders,Anxiety
NCT05741281,"Social Functioning, Alexithymia and Sense of Coherence , Bipolar Disorders",Bipolar disorder
NCT03101319,Schizophrenia,Schizophrenia & psychosis
NCT05552365,Anxiety Disorders and Symptoms,Anxiety
NCT02200367,Depression,Depression
NCT02480400,Major Depressive Disorder,Depression
NCT02659436,Social Anxiety Disorder,Anxiety
NCT06152211,Anxiety,Anxiety
NCT06354361,Post-Traumatic Stress Disorder,PTSD
NCT05400161,Postpartum Depression,Depression
NCT04949542,Caregiver to a Young Adult With Early Psychosis,Schizophrenia & psychosis
NCT03416894,Post-Traumatic Stress Disorder,PTSD
NCT05570851,"Alcohol Use, Unspecified",Substance use
NCT04581902,"Depressive Disorder, Major",Depression
NCT02845453,Substance Use Disorders,Substance use
NCT02845453,Bipolar Disorder,Bipolar disorder
NCT06358612,Anxiety State,Anxiety
NCT03273530,Schizophrenia,Schizophrenia & psychosis
NCT02335528,Post-traumatic Stress Disorder,PTSD
NCT02335528,Depression,Depression
NCT06532500,Anxiety Disorders,Anxiety
NCT03711500,Schizophrenia,Schizophrenia & psychosis
NCT03711500,Schizo Affective Disorder,Schizophrenia & psychosis
NCT06288594,Post-Traumatic Stress Disorder (PTSD),PTSD
NCT05434156,Major Depressive Disorder,Depression
NCT05434156,Depression,Depression
NCT02580656,Anxiety,Anxiety
NCT02580656,Depression,Depression
NCT01598922,Major Depressive Disorder,Depression
NCT06509802,Anxiety,Anxiety
NCT03818256,Antipsychotic-induced Weight Gain (AIWG),Schizophrenia & psychosis
NCT03301831,Depressive Symptoms,Depression
NCT06286345,"Depression, Unipolar",Depression
NCT04779177,Schizophrenia,Schizophrenia & psychosis
NCT05866575,Major Depressive Disorder,Depression
NCT00960375,Schizoaffective Disorder,Schizophrenia & psychosis
NCT00960375,Schizophrenia,Schizophrenia & psychosis
NCT00960375,"Affective Psychosis, Bipolar",Bipolar disorder
NCT00960375,"Affective Disorders, Psychotic",Schizophrenia & psychosis
NCT03182075,Obsessive Compulsive Disorder,OCD
NCT03438175,"Stress Disorders, Post-Traumatic",PTSD
NCT06456775,Depression,Depression
NCT03288675,"Depressive Disorder, Major",Depression
NCT03288675,Treatment Resistant Depression,Depression
NCT01559857,Major Depressive Disorder,Depression
NCT05356130,Depression,Depression
NCT04259554,Depression,Depression
NCT03690856,Depression,Depression
NCT03786731,Major Depressive Disorder,Depression
NCT04754802,Social Anxiety Disorder,Anxiety
NCT03013777,Dysthymia,Depression
NCT03013777,Anxiety Disorders,Anxiety
NCT04973930,Major Depressive Disorder,Depression
NCT05789186,Depression,Depression
NCT01250873,Major Depressive Disorder,Depression
NCT02314195,Obsessive-Compulsive Disorder,OCD
NCT02314195,Anxiety,Anxiety
NCT02314195,Depression,Depression
NCT06029439,Major Depressive Disorder,Depression
NCT05645575,Major Depressive Disorder,Depression
NCT05177757,"Stress Disorders, Post-Traumatic",PTSD
NCT04990401,Depression,Depression
NCT04990401,Depressive Disorder,Depression
NCT04990401,Depressive Symptoms,Depression
NCT04990401,Depressive Episode,Depression
NCT06768801,Depressive Symptoms,Depression
NCT06768801,Hispanic or Latino,Anxiety
NCT06098469,Depression,Depression
NCT04791137,Anhedonia,Depression
NCT04791137,Depression,Depression
NCT05581277,Anxiety Disorders,Anxiety
NCT05581277,Depressive Disorder,Depression
NCT01172275,Obsessive-Compulsive Disorder,OCD
NCT01202357,Psychotic Disorders,Schizophrenia & psychosis
NCT02853019,Schizophrenia,Schizophrenia & psychosis
NCT03981432,Anorexia Nervosa,Eating disorders
NCT02622087,"Phobia, Specific",Anxiety
NCT07258914,Depression,Depression
NCT07258914,Major Depressive Episode (MDE),Depression
NCT01133106,Depression,Depression
NCT07798804,Schizophrenia With Auditory Hallucinations,Schizophrenia & psychosis
NCT03565055,Psychosis,Schizophrenia & psychosis
NCT03911726,Schizophrenia,Schizophrenia & psychosis
NCT04115319,Schizophrenia,Schizophrenia & psychosis
NCT03868930,Post-traumatic Stress Disorder,PTSD
NCT03868930,Substance Related Disorders,Substance use
NCT03868930,Depression,Depression
NCT03868930,Anxiety Disorders,Anxiety
NCT04096001,Substance Use Disorders,Substance use
NCT04268901,Anxiety,Anxiety
NCT02184481,Depression,Depression
NCT01464619,Depression,Depression
NCT02023567,"Depressive Disorder, Major",Depression
NCT07211867,Substance Use Disorder,Substance use
NCT06212167,Depression,Depression
NCT06212167,Anxiety,Anxiety
NCT04581681,Perinatal Anxiety,Anxiety
NCT04165681,Depression,Depression
NCT03491007,Posttraumatic Stress Disorder,PTSD
NCT02805881,Major Depressive Disorder,Depression
NCT02261519,Schizophrenia,Schizophrenia & psychosis
NCT06668428,Anxiety,Anxiety
NCT05862467,Posttraumatic Stress Disorder,PTSD
NCT05862467,Posttraumatic Stress Symptom,PTSD
NCT05741528,Schizophrenia,Schizophrenia & psychosis
NCT06835907,Alcohol Use Disorder (AUD),Substance use
NCT06065865,PTSD,PTSD
NCT01320800,Social Anxiety Disorder,Anxiety
NCT06834867,Depression,Depression
NCT06834867,PTSD - Post Traumatic Stress Disorder,PTSD
NCT06928467,Depression,Depression
NCT05030532,Eating Disorder Symptom,Eating disorders
NCT05243732,Depression,Depression
NCT05243732,Anxiety,Anxiety
NCT02391363,Anxiety,Anxiety
NCT06349993,Depression,Depression
NCT06349993,Anxiety,Anxiety
NCT06931093,"CPTSD, Compelx Post-traumatic Stress Disorder",PTSD
NCT04352621,Major Depressive Disorder,Depression
NCT04225221,Bulimia Nervosa,Eating disorders
NCT02402114,Post-Traumatic Stress Disorder,PTSD
NCT06534684,"Depression, Unipolar",Depression
NCT06534684,Depression Moderate,Depression
NCT01786733,Depressive Symptoms,Depression
NCT06785649,Anxiety,Anxiety
NCT06785649,Depression,Depression
NCT06671158,Depressive Disorder,Depression
NCT06671158,Anxiety Disorders,Anxiety
NCT04091347,Depressive Symptoms,Depression
NCT05818748,Anxiety,Anxiety
NCT04758585,Depression,Depression
NCT02091843,Posttraumatic Stress Disorder,PTSD
NCT01935115,Treatment Resistant Depression,Depression
NCT04861311,Posttraumatic Stress Disorder,PTSD
NCT01103271,Major Depressive Disorder,Depression
NCT02656784,OBSESSIVE COMPULSIVE DISORDER (OCD),OCD
NCT06230133,Posttraumatic Stress Symptom,PTSD
NCT06229652,Major Depressive Disorder,Depression
NCT02935647,Major Depressive Disorder,Depression
NCT05516238,Depressive Disorder,Depression
NCT05516238,Ptsd,PTSD
NCT05516238,Anxiety Disorders,Anxiety
NCT01615458,Bipolar Disorder,Bipolar disorder
NCT01615458,Depression,Depression
NCT03210155,Anxiety,Anxiety
NCT03210155,Depression,Depression
NCT04684355,Anxiety,Anxiety
NCT05557643,Depression,Depression
NCT06920940,Bipolar Disorder (BD),Bipolar disorder
NCT06920940,Bipolar Disorder NOS,Bipolar disorder
NCT06920940,Bipolar Disorder I or II,Bipolar disorder
NCT06920940,Bipolar Spectrum Disorder,Bipolar disorder
NCT02252068,Anxiety Disorders,Anxiety
NCT02252068,Opiate Addiction,Substance use
NCT03794089,Anxiety,Anxiety
NCT06608550,Anxiety,Anxiety
NCT03957850,Major Depressive Disorder,Depression
NCT00570050,Major Depressive Disorder,Depression
NCT05741125,Binge Eating,Eating disorders
NCT06402240,Substance Use Disorders,Substance use
NCT06402240,Alcohol Use Disorder,Substance use
NCT06402240,Depression,Depression
NCT06402240,Anxiety,Anxiety
NCT03537040,Psychosis,Schizophrenia & psychosis
NCT05144789,Treatment Resistant Depression,Depression
NCT02493868,"Depressive Disorder, Treatment-Resistant",Depression
NCT05804708,Postpartum Depression,Depression
NCT05804708,Postnatal Depression,Depression
NCT01659125,Obsessive-Compulsive Disorder,OCD
NCT05883540,Anxiety,Anxiety
NCT05883540,Depression,Depression
NCT04966650,Depressive Symptoms,Depression
NCT06651528,Substance Use Disorder (SUD),Substance use
NCT06736067,Depression Symptoms,Depression
NCT06736067,Anxiety Symptoms,Anxiety
NCT04592536,Panic Disorder,Anxiety
NCT07031544,Obsessive - Compulsive Disorder,OCD
NCT01451164,Schizophrenia,Schizophrenia & psychosis
NCT02511509,Schizophrenia,Schizophrenia & psychosis
NCT06913309,"Depressive Disorder, Major",Depression
NCT02067299,"Depressive Disorder, Major",Depression
NCT03852706,Schizophrenia,Schizophrenia & psychosis
NCT06358014,Postmenopausal Depression,Depression
NCT07388004,Major Depressive Disorder (MDD),Depression
NCT01672684,Depression,Depression
NCT01672684,Post-traumatic Stress Disorder,PTSD
NCT07211984,Depression Chronic,Depression
NCT07211984,Depressed,Depression
NCT07211984,Depressed Mood,Depression
NCT07211984,Depression and Quality of Life,Depression
NCT07211984,Depression Diagnosis,Depression
NCT01521052,Depression,Depression
NCT01396252,Depression,Depression
NCT05933538,"Depressive Disorder, Major",Depression
NCT05547048,Opioid Use Disorder,Substance use
NCT05117255,Generalized Anxiety Disorder,Anxiety
NCT05117255,Panic Disorder,Anxiety
NCT05117255,Social Anxiety Disorder,Anxiety
NCT05117255,Alcohol Use Disorder,Substance use
NCT05117255,Depression,Depression
NCT06809595,Generalized Anxiety Disorder,Anxiety
NCT06420557,Phobia,Anxiety
NCT05332119,Anxiety,Anxiety
NCT05797428,Mood Disorder of Depressed Type,Depression
NCT06476509,Major Depressive Disorder,Depression
NCT06326099,Binge Eating,Eating disorders
NCT06326099,Binge Drinking,Substance use
NCT02737098,Posttraumatic Stress Disorder,PTSD
NCT02776293,Prenatal Anxiety,Anxiety
NCT02776293,Depression,Depression
NCT05071521,Eating Disorder Symptom and Body Image Dissatisfaction,Eating disorders
NCT05856552,Depression,Depression
NCT05734547,PTSD,PTSD
NCT05734547,Depressive Symptoms,Depression
NCT06452849,Major Depressive Disorder,Depression
NCT02160249,Schizophrenia Spectrum Disorder,Schizophrenia & psychosis
NCT02160249,Schizophrenia,Schizophrenia & psychosis
NCT02160249,Schizoaffective Disorder,Schizophrenia & psychosis
NCT02160249,Schizophreniform Disorder,Schizophrenia & psychosis
NCT01436149,Major Depressive Disorder,Depression
NCT05957094,Depression,Depression
NCT02054702,Schizophrenia,Schizophrenia & psychosis
NCT03285139,Postpartum Depression,Depression
NCT06879639,Depression Disorders,Depression
NCT03930095,Generalized Anxiety Disorder,Anxiety
NCT04682275,Depression,Depression
NCT02883257,Depression,Depression
NCT06473012,Depressive Symptoms,Depression
NCT06681519,Assessing the Effect of Acupoint Massage on Pain and Anxiety in Patients Undergoing Surgery Under Local Anesthesia,Anxiety
NCT06723600,Anxiety,Anxiety
NCT07522814,Anxiety Disorders,Anxiety
NCT07522814,Pregnancy-Related Anxiety,Anxiety
NCT04019704,Depression,Depression
NCT04019704,Major Depressive Disorder,Depression
NCT02263404,Anorexia Nervosa,Eating disorders
NCT02152033,Substance Use Disorders,Substance use
NCT05811052,Anxiety,Anxiety
NCT06435052,Post-Traumatic Stress Disorder,PTSD
NCT06435052,Depression,Depression
NCT06435052,Anxiety,Anxiety
NCT07731464,Anxiety,Anxiety
NCT06484387,Schizophrenia,Schizophrenia & psychosis
NCT05440721,Nicotine Addiction,Substance use
NCT05440721,Drug Addiction,Substance use
NCT05440721,Drug Dependence,Substance use
NCT05440721,Substance Use Disorder,Substance use
NCT05440721,Tobacco Dependence,Substance use
NCT05118204,Substance Use Disorders,Substance use
NCT05118204,Opioid-use Disorder,Substance use
NCT03222752,Major Depressive Disorder,Depression
NCT06415838,Depression,Depression
NCT06415838,Depressive Symptoms,Depression
NCT06969755,Schizophenia Disorder,Schizophrenia & psychosis
NCT02168439,Anxiety,Anxiety
NCT06057012,Severe Postpartum Depression,Depression
NCT04936828,Depressive Symptoms,Depression
NCT02226367,Alcohol Use Disorders,Substance use
NCT02226367,"Stress Disorders, Posttraumatic",PTSD
NCT05207436,Post Traumatic Stress Disorder,PTSD
NCT07295444,Mild Depressive Disorder Comorbid With Anxiety Disorder,Depression
NCT03226132,Substance Use Disorders,Substance use
NCT03226132,Posttraumatic Stress Disorder,PTSD
NCT02851914,Depression,Depression
NCT04752449,Psychotic Disorders,Schizophrenia & psychosis
NCT04752449,Schizophrenia,Schizophrenia & psychosis
NCT05857137,Psychosis,Schizophrenia & psychosis
NCT03333239,"Depression, Anxiety",Depression
NCT06613334,Schizophrenia,Schizophrenia & psychosis
NCT01748734,Depression,Depression
NCT06003309,Major Depressive Disorder,Depression
NCT06384209,Major Depressive Disorder,Depression
NCT06384209,Severe Depressive Episode Without Psychotic Symptoms,Depression
NCT06424093,Anxiety,Anxiety
NCT05294614,Depressive Disorder,Depression
NCT05294614,Depressive Symptoms,Depression
NCT05294614,Depression,Depression
NCT03327506,Anxiety Disease,Anxiety
NCT01370304,Depression,Depression
NCT03571984,Depression,Depression
NCT05366270,Major Depressive Disorder,Depression
NCT05273983,Major Depressive Disorder,Depression
NCT02400541,Anorexia Nervosa,Eating disorders
NCT04385927,Post Traumatic Stress Injury,PTSD
NCT04385927,Post Traumatic Stress Disorder,PTSD
NCT05848973,Depression,Depression
NCT02007694,Phobic Disorders,Anxiety
NCT02151656,Schizophrenia,Schizophrenia & psychosis
NCT03605342,Post-Traumatic Stress Disorders,PTSD
NCT03605342,Opiate Use Disorder,Substance use
NCT05203861,Depression,Depression
NCT05203861,Anxiety,Anxiety
NCT04836442,Posttraumatic Stress Disorder,PTSD
NCT02477670,Schizophrenia,Schizophrenia & psychosis
NCT03338673,Bipolar Disorder,Bipolar disorder
NCT03338673,Schizo Affective Disorder,Schizophrenia & psychosis
NCT03338673,Schizophrenia,Schizophrenia & psychosis
NCT03113669,Binge-Eating Disorder,Eating disorders
NCT03539341,"Depression, Anxiety",Depression
NCT06885866,Eating Disorders,Eating disorders
NCT05296356,Bipolar Depression,Depression
NCT02039479,Depression,Depression
NCT07279246,Drug Craving Levels Among Individuals With Substance Addiction,Substance use
NCT07279246,Depression Levels Among Individuals With Substance Addiction,Depression
NCT07279246,Self-efficacy Among Individuals With Substance Addiction,Substance use
NCT04592588,Depressive Symptoms,Depression
NCT04592588,Anxiety,Anxiety
NCT07468188,Eating Disorders,Eating disorders
NCT05865288,Eating Disorders,Eating disorders
NCT02477020,Schizophrenia,Schizophrenia & psychosis
NCT05704582,Psychotic Disorders,Schizophrenia & psychosis
NCT05704582,Cannabis Use Disorder,Substance use
NCT03913962,Anorexia Nervosa,Eating disorders
NCT04934488,Postpartum Depression,Depression
NCT06655688,First Psychotic Attack,Schizophrenia & psychosis
NCT02181803,Schizophrenia,Schizophrenia & psychosis
NCT03329703,Depression,Depression
NCT05700279,PTSD,PTSD
NCT02942459,Schizophrenia,Schizophrenia & psychosis
NCT03333603,Schizophrenia,Schizophrenia & psychosis
NCT02151162,Depressive Disorder,Depression
NCT02151162,Anxiety Disorders,Anxiety
NCT06599099,Bipolar Depression,Depression
NCT04931199,Anxiety,Anxiety
NCT04931199,Depression,Depression
NCT04931199,Posttraumatic Stress Disorder,PTSD
NCT01307293,"Stress Disorders, Post-Traumatic",PTSD
NCT06895421,Schizophrenia Disorders,Schizophrenia & psychosis
NCT02451293,Depression,Depression
NCT03948984,Anxiety,Anxiety
NCT04236284,PTSD,PTSD
NCT05567848,Schizophrenia,Schizophrenia & psychosis
NCT05567848,Schizoaffective Disorder,Schizophrenia & psychosis
NCT05567848,Prodromal Schizophrenia,Schizophrenia & psychosis
NCT05011955,Depressive Symptoms,Depression
NCT05011955,Anxiety,Anxiety
NCT04039243,Anxiety Disorder of Childhood,Anxiety
NCT04594525,Perinatal Depression,Depression
NCT04594525,Specific Phobia,Anxiety
NCT04594525,Perinatal Anxiety,Anxiety
NCT06014125,Depression,Depression
NCT06014125,Depression Moderate,Depression
NCT03861832,Opioid Use Disorder,Substance use
NCT03861832,Substance Use Disorders,Substance use
NCT01792414,Major Depression,Depression
NCT02234752,Schizophrenia,Schizophrenia & psychosis
NCT02234752,Schizoaffective Disorder,Schizophrenia & psychosis
NCT04226352,MDD,Depression
NCT04226352,Treatment Resistant Depression,Depression
NCT04598152,"Depression, Anxiety",Depression
NCT04909749,"Depression, Anxiety",Depression
NCT05804838,Depression,Depression
NCT02816138,Major Depressive Disorder,Depression
NCT04871048,Schizophrenia,Schizophrenia & psychosis
NCT05061225,PTSD,PTSD
NCT05061225,Depressive Symptoms,Depression
NCT05061225,Anxiety Disorders and Symptoms,Anxiety
NCT05492825,Substance Use Disorders,Substance use
NCT05492825,Opioid Use Disorder,Substance use
NCT02707276,Bipolar Depression Depressed Phase,Depression
NCT05209789,Post Partum Depression,Depression
NCT05164068,Anxiety ; Dental,Anxiety
NCT06055322,Depression,Depression
NCT03930251,Schizophrenia,Schizophrenia & psychosis
NCT03930251,Schizoaffective Disorder,Schizophrenia & psychosis
NCT05243329,Post Traumatic Stress Disorder,PTSD
NCT02404402,Posttraumatic Stress Disorder,PTSD
NCT05355337,Anhedonia,Depression
NCT05355337,Depression,Depression
NCT04317807,Early Psychosis,Schizophrenia & psychosis
NCT01104792,Schizophrenia,Schizophrenia & psychosis
NCT03364192,PTSD,PTSD
NCT06345911,Anxiety,Anxiety
NCT05419544,"Patient Depression, Anxiety, Stress and Pain",Depression
NCT03196544,Anxiety Disorders and Symptoms,Anxiety
NCT03196544,Depression,Depression
NCT02979444,Perinatal Depression,Depression
NCT02979444,PostPartum Depression,Depression
NCT05258409,Eating Disorder Symptom,Eating disorders
NCT05258409,Eating Disorders,Eating disorders
NCT06810999,Death Anxiety,Anxiety
NCT06810999,Depression,Depression
NCT06810999,Anxiety,Anxiety
NCT05342116,Depression,Depression
NCT05342116,Anxiety,Anxiety
NCT03883204,Schizophrenia,Schizophrenia & psychosis
NCT03883204,Psychotic Disorders,Schizophrenia & psychosis
NCT03883204,Psychosis,Schizophrenia & psychosis
NCT02669030,Depression,Depression
NCT02669030,Major Depressive Disorder,Depression
NCT02669030,MDD,Depression
NCT01746667,Social Anxiety Disorder,Anxiety
NCT01746667,Social Phobia,Anxiety
NCT06758167,Major Depression,Depression
NCT05658367,Anxiety,Anxiety
NCT06440200,Schizophrenia,Schizophrenia & psychosis
NCT00920036,Post-traumatic Stress Disorder,PTSD
NCT05011864,"Depression, Unipolar",Depression
NCT04622930,Social Anxiety Disorder,Anxiety
NCT05426265,Major Depressive Disorder,Depression
NCT01093365,Schizophrenia,Schizophrenia & psychosis
NCT01093365,Schizoaffective Disorder,Schizophrenia & psychosis
NCT02559167,Substance Use Disorder,Substance use
NCT02559167,Cocaine Dependence,Substance use
NCT02559167,Withdrawal From Addictive Substance; Detoxification,Substance use
NCT06338800,Anxiety Disorders,Anxiety
NCT06338800,Social Anxiety Disorder,Anxiety
NCT03943836,"Anxiety, Dental",Anxiety
NCT04294134,Substance Use Disorders,Substance use
NCT01070134,Major Depressive Disorder,Depression
NCT06987799,Depression,Depression
NCT06067763,Eating Disorders,Eating disorders
NCT05838222,Depression,Depression
NCT05838222,Anxiety Disorders,Anxiety
NCT05921929,PTSD,PTSD
NCT05921929,Major Depressive Disorder,Depression
NCT05921929,Treatment Resistant Depression,Depression
NCT04499729,Depression,Depression
NCT02130037,B.E.D AND BULIMIA PATIENT,Eating disorders
NCT03534167,"Depression, Anxiety",Depression
NCT04665167,Eating Disorder Symptom,Eating disorders
NCT03539900,Binge-Eating Disorder,Eating disorders
NCT02188732,Schizophrenia,Schizophrenia & psychosis
NCT02188732,Schizoaffective Disorder,Schizophrenia & psychosis
NCT02188732,Bipolar Disorder,Bipolar disorder
NCT02188732,Depression,Depression
NCT01482832,Postpartum Depression,Depression
NCT03018132,Depression,Depression
NCT05910632,Depression,Depression
NCT06473220,"Depression, Anxiety",Depression
NCT06778096,Anxiety,Anxiety
NCT06778096,Postnatal Depression,Depression
NCT05850689,Major Depressive Disorder,Depression
NCT05071768,Depression,Depression
NCT05071768,Anxiety,Anxiety
NCT04778423,Eating Disorders,Eating disorders
NCT03238924,PTSD,PTSD
NCT05329779,Depression,Depression
NCT06632782,"Depression, Anxiety",Depression
NCT01561859,Schizophrenia,Schizophrenia & psychosis
NCT01561859,Schizoaffective Disorder,Schizophrenia & psychosis
NCT01844115,Generalized Anxiety Disorder,Anxiety
NCT03993535,Obsessive-Compulsive Disorder,OCD
NCT05169190,Post-traumatic Stress Disorder,PTSD
NCT01857518,Adolescent Depression,Depression
NCT01228890,Depression,Depression
NCT01228890,Anxiety,Anxiety
NCT01228890,Substance Abuse,Substance use
NCT05376397,Depressive Symptoms,Depression
NCT05376397,Anxiety Symptoms,Anxiety
NCT07286097,"This Study Evaluates the Effect of Artistic Activities on Anxiety, Spiritual Well-being, Hope, and Vital Signs in Abdominal Surgery Patients",Anxiety
NCT06776497,Anxiety,Anxiety
NCT02637297,Anxiety,Anxiety
NCT02637297,Depression,Depression
NCT01934491,Major Depressive Disorder,Depression
NCT05553197,Depression,Depression
NCT05581797,"Depressive Disorder, Treatment-Resistant",Depression
NCT01628718,Posttraumatic Stress Disorder,PTSD
NCT02579018,Anorexia Nervosa,Eating disorders
NCT04442490,"Depressive Disorder, Major",Depression
NCT05685368,"Depression, Anxiety",Depression
NCT04893850,Depression,Depression
NCT05923697,Substance Use Disorders,Substance use
NCT04720040,Depression,Depression
NCT04060940,Anxiety Disorders and Symptoms,Anxiety
NCT04060940,"Depression, Anxiety",Depression
NCT04060940,Generalized Anxiety Disorder,Anxiety
NCT05555940,Depression,Depression
NCT02450695,Obsessive-Compulsive Disorder,OCD
NCT04487730,Major Depressive Disorder,Depression
NCT05623228,Schizophrenia,Schizophrenia & psychosis
NCT05397067,Substance Use Disorders,Substance use
NCT06791967,Depression,Depression
NCT02080507,Depression,Depression
NCT03132571,Schizophrenia,Schizophrenia & psychosis
NCT03351244,Schizophrenia,Schizophrenia & psychosis
NCT06066164,Substance Use Disorders,Substance use
NCT01781364,Psychosis,Schizophrenia & psychosis
NCT07274722,Anorexia Nervosa,Eating disorders
NCT06105151,Schizophrenia,Schizophrenia & psychosis
NCT02175251,Schizophrenia,Schizophrenia & psychosis
NCT03068429,Obsessive-Compulsive Disorder,OCD
NCT04989972,Anxiety and Depression,Depression
NCT03929939,Post Traumatic Stress Disorder,PTSD
NCT04846881,Schizophrenia,Schizophrenia & psychosis
NCT02615119,Anorexia Nervosa,Eating disorders
NCT02615119,Major Depressive Disorder,Depression
NCT02615119,Generalized Anxiety Disorder,Anxiety
NCT02615119,Panic Disorder,Anxiety
NCT05448430,Schizophrenia,Schizophrenia & psychosis
NCT01905267,Depression,Depression
NCT03662607,Preprocedure Anxiety,Anxiety
NCT03449771,Psychoactive Substance Use,Substance use
NCT06173544,Depression,Depression
NCT06173544,Anxiety,Anxiety
NCT02446509,Bipolar Disorder Family Members,Bipolar disorder
NCT06310109,Post Traumatic Stress Disorder,PTSD
NCT06310109,Anxiety,Anxiety
NCT06310109,Depression,Depression
NCT05288309,Anxiety,Anxiety
NCT01311180,Generalized Anxiety Disorder,Anxiety
NCT04724746,Substance Use Disorders,Substance use
NCT04724746,Posttraumatic Stress Disorder,PTSD
NCT06034496,Anxiety State,Anxiety
NCT05967988,Anxiety Acute,Anxiety
NCT01197846,Bipolar Disorder,Bipolar disorder
NCT03263546,Obsessive-Compulsive Disorder,OCD
NCT04748679,Schizophrenia; Psychosis,Schizophrenia & psychosis
NCT06267846,Major Depressive Disorder,Depression
NCT06577324,Anxiety State,Anxiety
NCT06752759,Severe Depression,Depression
NCT06752759,Moderate Depression,Depression
NCT06752759,Depressive Symptom,Depression
NCT06752759,Anti-anxiety Agents,Anxiety
NCT06271824,Anxiety,Anxiety
NCT06271824,Depressive Symptoms,Depression
NCT06413979,Substance Use Disorders,Substance use
NCT03292146,Anorexia Nervosa,Eating disorders
NCT03292146,Eating Disorder,Eating disorders
NCT03292146,Atypical Anorexia Nervosa,Eating disorders
NCT04266288,Depression,Depression
NCT04266288,Depression Severe,Depression
NCT04266288,Depression Acute,Depression
NCT04266288,Depression and Suicide,Depression
NCT02043496,Binge Eating Disorder,Eating disorders
NCT04969003,Depression,Depression
NCT05780203,Acrophobia,Anxiety
NCT04141046,Depression,Depression
NCT03542396,Depression,Depression
NCT03542396,Anxiety Disorders,Anxiety
NCT03027362,"Depressive Disorder, Major",Depression
NCT04638946,Anxiety,Anxiety
NCT05177146,Bipolar Disorder (BD),Bipolar disorder
NCT05976646,Addiction,Substance use
NCT05976646,Opioid Use,Substance use
NCT05976646,Substance Use Disorders,Substance use
NCT05976646,Opioid Use Disorder,Substance use
NCT04617262,Depression,Depression
NCT04617262,Anxiety Disorders,Anxiety
NCT06624462,Schizophrenia Spectrum and Other Psychotic Disorders,Schizophrenia & psychosis
NCT06624462,Bipolar Disorder,Bipolar disorder
NCT03964246,Anxiety and Mood Disorders,Anxiety
NCT05818696,Anxiety,Anxiety
NCT02109562,Schizophrenia,Schizophrenia & psychosis
NCT02598024,Post-traumatic Stress Disorder (PTSD),PTSD
NCT03002896,Anxiety,Anxiety
NCT03002896,Depression,Depression
NCT06203288,Anxiety,Anxiety
NCT03810703,Bipolar II Disorder,Bipolar disorder
NCT01122927,Adolescent Schizophrenia,Schizophrenia & psychosis
NCT01122927,"Child or Adolescent Bipolar I Disorder, Manic or Mixed Episode With or Without Psychotic Features",Bipolar disorder
NCT04421573,PTSD,PTSD
NCT01341873,Anxiety Disorder,Anxiety
NCT01341873,Depression,Depression
NCT04352569,Schizophrenia,Schizophrenia & psychosis
NCT04352569,Refractory Schizophrenia,Schizophrenia & psychosis
NCT03317769,Schizophrenia,Schizophrenia & psychosis
NCT05590741,Anxiety,Anxiety
NCT05590741,Depression,Depression
NCT05319405,Post Traumatic Stress Disorder,PTSD
NCT01407094,Depression,Depression
NCT01051531,Schizophrenia,Schizophrenia & psychosis
NCT02192931,Depression,Depression
NCT02192931,Drug Addiction,Substance use
NCT02155010,Anxiety,Anxiety
NCT03869424,Depression,Depression
NCT06351423,Anxiety,Anxiety
NCT06351423,Depression,Depression
NCT04592159,Post-Traumatic Stress Disorder,PTSD
NCT03834779,Substance Use Disorders,Substance use
NCT04268303,Schizophrenia,Schizophrenia & psychosis
NCT04268303,Schizo Affective Disorder,Schizophrenia & psychosis
NCT04268303,Schizoaffective Disorder,Schizophrenia & psychosis
NCT04268303,Schizophreniform Disorders,Schizophrenia & psychosis
NCT03829527,Clinical High Risk for Psychosis,Schizophrenia & psychosis
NCT02734927,Schizophrenia,Schizophrenia & psychosis
NCT07156942,Anxiety,Anxiety
NCT04592770,Post Traumatic Stress Disorder,PTSD
NCT03555669,Depression,Depression
NCT06194851,Post-Traumatic Stress Disorder (PTSD),PTSD
NCT05162651,PTSD,PTSD
NCT05162651,Cannabis Use,Substance use
NCT06529029,Major Depressive Disorder,Depression
NCT06529029,Schizo Affective Disorder,Schizophrenia & psychosis
NCT06529029,Bipolar Disorder,Bipolar disorder
NCT03758131,Substance Use Disorders,Substance use
NCT03730831,Schizophrenia Spectrum Disorder,Schizophrenia & psychosis
NCT03730831,PTSD,PTSD
NCT07236437,Anxiety,Anxiety
NCT07236437,Depression,Depression
NCT04858737,Depression,Depression
NCT03576586,Posttraumatic Stress Disorder,PTSD
NCT03576586,Acute Stress Disorder,PTSD
NCT06319170,"Schizophrenia, Schizoaffective Disorder",Schizophrenia & psychosis
NCT06102941,Obsessive-Compulsive Disorder in Children,OCD
NCT03661905,Obsessive-Compulsive Disorder,OCD
NCT04777266,Schizophrenia; Psychosis,Schizophrenia & psychosis
NCT05619822,Psychosis,Schizophrenia & psychosis
NCT02502929,Depression,Depression
NCT03438331,Depression,Depression
NCT02734602,Major Depressive Disorder,Depression
NCT02734602,Post-Traumatic Stress Disorder,PTSD
NCT01663337,PTSD,PTSD
NCT01663337,Alcohol Abuse,Substance use
NCT01663337,Alcohol Dependence,Substance use
NCT06403995,Social Anxiety,Anxiety
NCT06041646,Bipolar Disorder,Bipolar disorder
NCT06041646,Schizophrenia,Schizophrenia & psychosis
NCT06041646,Schizo Affective Disorder,Schizophrenia & psychosis
NCT06041646,Schizophreniform Disorders,Schizophrenia & psychosis
NCT02977988,Substance-related Disorders,Substance use
NCT04756388,Psychotic Disorders,Schizophrenia & psychosis
NCT06683027,Post Traumatic Stress Symptoms,PTSD
NCT06683027,PTSD,PTSD
NCT06111742,Anxiety,Anxiety
NCT06316973,Substance Use Disorders,Substance use
NCT06316973,Methamphetamine Abuse,Substance use
NCT06316973,Methamphetamine Intoxication,Substance use
NCT07126054,Anxiety,Anxiety
NCT02777294,PTSD,PTSD
NCT01988194,Anxiety,Anxiety
NCT01988194,Depression,Depression
NCT05710237,Treatment-resistant Depression,Depression
NCT04927845,Anxiety,Anxiety
NCT04927845,Depressive Symptoms,Depression
NCT05581095,Binge Eating,Eating disorders
NCT01595503,Schizophrenia,Schizophrenia & psychosis
NCT04080427,Posttraumatic Stress Disorder,PTSD
NCT03904186,Anxiety,Anxiety
NCT03904186,Depression,Depression
NCT03904186,Nicotine Dependence,Substance use
NCT05011669,Schizophrenia,Schizophrenia & psychosis
NCT07647341,Anxiety,Anxiety
NCT02322905,Anxiety Depression,Depression
NCT04319094,Depression,Depression
NCT06724666,Anxiety Disorders,Anxiety
NCT06724666,Depressive Disorder,Depression
NCT06724666,Social Anxiety Disorder,Anxiety
NCT06724666,Major Depressive Disorder,Depression
NCT06724666,Dysthymia,Depression
NCT06724666,Generalized Anxiety Disorder,Anxiety
NCT03810456,Anxiety Disorders,Anxiety
NCT04523922,PTSD,PTSD
NCT04523922,Alcohol Use Disorder,Substance use
NCT05588622,Depression,Depression
NCT05588622,Anxiety,Anxiety
NCT04104841,Depressive Symptoms,Depression
NCT03191929,Depression,Depression
NCT03191929,Post-Traumatic Stress Disorder,PTSD
NCT02310529,Maternal Depression,Depression
NCT02445937,Anxiety,Anxiety
NCT02445937,Depression,Depression
NCT04453631,Anxiety Disorders,Anxiety
NCT04850794,Feeding and Eating Disorders of Childhood,Eating disorders
NCT06429956,Depression,Depression
NCT06429956,Anxiety,Anxiety
NCT03614156,"Depressive Disorder, Major",Depression
NCT06257056,Treatment-Refractory Schizophrenia,Schizophrenia & psychosis
NCT06930729,Depression,Depression
NCT04987229,Bipolar I Disorder,Bipolar disorder
NCT04987229,Schizophrenia,Schizophrenia & psychosis
NCT01550029,Nicotine Dependence,Substance use
NCT01550029,Bipolar Disorder,Bipolar disorder
NCT02982239,Anxiety,Anxiety
NCT04210557,Schizophrenia,Schizophrenia & psychosis
NCT04210557,Schizo Affective Disorder,Schizophrenia & psychosis
NCT05476601,Substance-Related Disorders,Substance use
NCT03424512,Anxiety,Anxiety
NCT03424512,Depression,Depression
NCT05989412,Major Depressive Disorder,Depression
NCT06849154,Anxiety,Anxiety
NCT06849154,Depression Disorders,Depression
NCT07749105,First Episode Psychosis (FEP),Schizophrenia & psychosis
NCT06840951,Obsessive Compulsive Disorder (OCD),OCD
NCT02178631,Severe Depressive Symptoms,Depression
NCT04912531,Opioid Use,Substance use
NCT02308202,PTSD,PTSD
NCT03058302,Depression,Depression
NCT03058302,PostTraumatic Stress Disorder,PTSD
NCT06768502,Anxiety,Anxiety
NCT06768502,Depression,Depression
NCT06768502,Post-traumatic Stress Disorder (PTSD),PTSD
NCT02785601,Depression,Depression
NCT06466551,Anxiety,Anxiety
NCT03983031,Obsessive-Compulsive Disorder,OCD
NCT05958095,PostPartum Depression,Depression
NCT01492439,Psychosis,Schizophrenia & psychosis
NCT01365377,Anxiety,Anxiety
NCT01365377,Depression,Depression
NCT01365377,Post-traumatic Stress Disorders,PTSD
NCT07605975,Depression Symptoms,Depression
NCT06130501,Posttraumatic Stress Disorder,PTSD
NCT06130501,Opioid Use Disorder,Substance use
NCT06983405,Major Depressive Disorder (MDD),Depression
NCT05136105,Posttraumatic Stress Disorder,PTSD
NCT01411566,Psychosis,Schizophrenia & psychosis
NCT01411566,Substance Abuse,Substance use
NCT07282366,Depression - Major Depressive Disorder,Depression
NCT01681329,Generalized Anxiety Disorder,Anxiety
NCT06581302,Psychotic Disorders,Schizophrenia & psychosis
NCT02964845,Substance-Related Disorders,Substance use
NCT06257095,Depression in Old Age,Depression
NCT02752295,Anxiety Disorders,Anxiety
NCT03346239,Social Anxiety Disorder,Anxiety
NCT07009977,Alcohol Abuse,Substance use
NCT07009977,Substance Abuse,Substance use
NCT07009977,Post Traumatic Stress Disorder,PTSD
NCT05113277,Posttraumatic Stress Disorder,PTSD
NCT07024901,Depression Disorders,Depression
NCT07024901,Anxiety,Anxiety
NCT05738499,Depression,Depression
NCT07590999,Perimenopause-Related Depression,Depression
NCT05132699,Posttraumatic Stress Disorder,PTSD
NCT05132699,"Stress Disorders, Post-Traumatic",PTSD
NCT01772498,Depression,Depression
NCT01772498,Anxiety,Anxiety
NCT06318832,Depression,Depression
NCT06318832,Anxiety,Anxiety
NCT07396363,Bipolar Disorder (BD),Bipolar disorder
NCT06203899,Depressive Symptoms,Depression
NCT05538832,Psychosis,Schizophrenia & psychosis
NCT05538832,Schizophrenia,Schizophrenia & psychosis
NCT05538832,Schizo Affective Disorder,Schizophrenia & psychosis
NCT05538832,Schizoaffective Disorder,Schizophrenia & psychosis
NCT05538832,Schizophreniform Disorders,Schizophrenia & psychosis
NCT05538832,Psychotic Disorders,Schizophrenia & psychosis
NCT05538832,Psychotic Mood Disorders,Schizophrenia & psychosis
NCT05538832,"Psychoses, Affective",Schizophrenia & psychosis
NCT05538832,Psychosis Nos/Other,Schizophrenia & psychosis
NCT05538832,Schizophrenia Spectrum and Other Psychotic Disorders,Schizophrenia & psychosis
NCT07082998,Depression Disorders,Depression
NCT07082998,Depression - Major Depressive Disorder,Depression
NCT07082998,Depression Disorder,Depression
NCT07082998,Depression Chronic,Depression
NCT07082998,Depression,Depression
NCT07082998,Depression in Adults,Depression
NCT02339363,Anxiety,Anxiety
NCT02213887,Psychotic Disorders,Schizophrenia & psychosis
NCT04409704,Bulimia Nervosa,Eating disorders
NCT04409704,Anorexia Nervosa,Eating disorders
NCT06270433,Anhedonia,Depression
NCT05229484,Schizophrenia,Schizophrenia & psychosis
NCT03783533,Depression,Depression
NCT02391649,Schizophrenia,Schizophrenia & psychosis
NCT02391649,Psychotic Disorders,Schizophrenia & psychosis
NCT01350349,Depression,Depression
NCT05245643,Anorexia Nervosa,Eating disorders
NCT04421443,Anxiety,Anxiety
NCT04421443,Depression,Depression
NCT01748708,Depressive Disorder,Depression
NCT05499117,Major Depressive Disorder,Depression
NCT06950450,ANXİETY,Anxiety
NCT06158763,Depression,Depression
NCT06158763,Anxiety,Anxiety
NCT03227614,Anxiety,Anxiety
NCT06964984,Anxiety,Anxiety
NCT03490747,Anxiety,Anxiety
NCT03490747,Depression,Depression
NCT03573349,Major Depressive Disorder,Depression
NCT03573349,Treatment Resistant Depression,Depression
NCT03573349,Bipolar Depression,Depression
NCT06779838,Anorexia Nervosa,Eating disorders
NCT06779838,Bulimia,Eating disorders
NCT06779838,Binge Eating Disorder,Eating disorders
NCT06779838,Eating Disorder Not Otherwise Specified,Eating disorders
NCT06779838,Eating Disorder Symptom and Body Image Dissatisfaction,Eating disorders
NCT03879525,Anxiety,Anxiety
NCT03879525,Depression,Depression
NCT05097040,Depression,Depression
NCT05097040,Anxiety,Anxiety
NCT01469689,Depression,Depression
NCT05553691,Major Depressive Disorder,Depression
NCT05566691,Depressive Symptoms,Depression
NCT05566691,Anxiety,Anxiety
NCT05253274,Anxiety,Anxiety
NCT06285474,Depression,Depression
NCT06285474,Anhedonia,Depression
NCT07011693,Major Depressive Disorder (MDD),Depression
NCT05985993,Negative Symptoms of Schizophrenia,Schizophrenia & psychosis
NCT03036293,Anxiety,Anxiety
NCT06336616,Major Depressive Disorder,Depression
NCT06336616,Schizo Affective Disorder,Schizophrenia & psychosis
NCT06336616,Schizophrenia,Schizophrenia & psychosis
NCT06336616,Bipolar Disorder,Bipolar disorder
NCT02121106,Schizophrenia,Schizophrenia & psychosis
NCT02121106,Bipolar Disorder With Psychosis,Bipolar disorder
NCT05402306,Anxiety Disorders,Anxiety
NCT03016104,"Bipolar Disorder, Manic",Bipolar disorder
NCT04127058,Bipolar I Disorder,Bipolar disorder
NCT04127058,Schizophrenia,Schizophrenia & psychosis
NCT06414226,Depression,Depression
NCT03120208,Postpartum Depression,Depression
NCT03120208,Postpartum Anxiety,Anxiety
NCT07548125,PTSD,PTSD
NCT06388876,"Stress Disorders, Post-Traumatic",PTSD
NCT06670040,Depression - Major Depressive Disorder,Depression
NCT06670040,MDD,Depression
NCT03317587,Eating Disorder,Eating disorders
NCT06430333,Depression,Depression
NCT04264026,Post Traumatic Stress Disorder,PTSD
NCT06423443,Depression,Depression
NCT06423443,Anxiety,Anxiety
NCT02890615,Depression,Depression
NCT05475535,"Depression, Anxiety",Depression
NCT05605938,Anxiety Disorder of Childhood,Anxiety
NCT02848885,Schizophrenia,Schizophrenia & psychosis
NCT01533285,Major Depressive Disorder,Depression
NCT05205915,Major Depressive Disorder,Depression
NCT02288325,"Depressive Disorder, Major",Depression
NCT03114917,Psychosis,Schizophrenia & psychosis
NCT01993017,Depressive Symptoms,Depression
NCT06084793,Test Anxiety,Anxiety
NCT01329393,Schizophrenia,Schizophrenia & psychosis
NCT01329393,Bipolar Disorder,Bipolar disorder
NCT06899893,Post-stroke Depression,Depression
NCT04187326,Anxiety,Anxiety
NCT01192685,Depression,Depression
NCT01749215,Alcohol Dependence,Substance use
NCT01749215,Posttraumatic Stress Disorder (PTSD),PTSD
NCT02358343,Depression,Depression
NCT01284517,Bipolar Depression,Depression
NCT02268487,Major Depressive Disorder,Depression
NCT04871087,Anxiety,Anxiety
NCT06977087,Social Anxiety,Anxiety
NCT06977087,Social Phobia,Anxiety
NCT07219914,Depression,Depression
NCT07219914,Anxiety,Anxiety
NCT03864614,Major Depressive Disorder,Depression
NCT01395355,Binge Eating/Loss of Control Eating,Eating disorders
NCT04536935,Depression,Depression
NCT04536935,Anxiety,Anxiety
NCT03328208,Opioid Use,Substance use
NCT05165576,Anxiety,Anxiety
NCT02647216,Anxiety,Anxiety
NCT02647216,Depression,Depression
NCT04162847,Anxiety Disorders,Anxiety
NCT04162847,Depressive Disorder,Depression
NCT04162847,Eating Disorders,Eating disorders
NCT02838043,Major Depressive Disorder,Depression
NCT02838043,Depression,Depression
NCT02838043,Depressive Symptoms,Depression
NCT06713616,Depression,Depression
NCT01936506,Major Depressive Disorder,Depression
NCT05679947,Anxiety,Anxiety
NCT02534948,Social Anxiety,Anxiety
NCT01901315,Depression,Depression
NCT06957808,Schizophrenia Disorders,Schizophrenia & psychosis
NCT03989934,Depression Symptoms,Depression
NCT03989934,Anxiety,Anxiety
NCT04495998,Schizophrenia,Schizophrenia & psychosis
NCT07264621,Depression,Depression
NCT05801016,Anorexia Nervosa,Eating disorders
NCT01530906,Bulimia Nervosa,Eating disorders
NCT04723147,Depression,Depression
NCT04723147,Anhedonia,Depression
NCT04498949,Depressive Symptoms,Depression
NCT04498949,Anxiety,Anxiety
NCT02610049,Post-traumatic Stress Disorder,PTSD
NCT02610049,"Stress Disorder, Post-Traumatic",PTSD
NCT02327858,Depression,Depression
NCT02327858,Alcoholism,Substance use
NCT03643848,Anxiety,Anxiety
NCT03217955,Psychotic Disorders,Schizophrenia & psychosis
NCT03894085,Anxiety Disorder,Anxiety
NCT03894085,Obsessive-Compulsive Disorder,OCD
NCT06412315,Depressive Disorder,Depression
NCT06412315,Depression,Depression
NCT05536908,PTSD,PTSD
NCT05536908,Substance Use Disorders,Substance use
NCT02008292,Schizophrenia,Schizophrenia & psychosis
NCT04116944,Analogue Generalized Anxiety Disorder,Anxiety
NCT06179992,Eating Disorders,Eating disorders
NCT02377011,Depression and Self-Harm,Depression
NCT01972711,Schizophrenia,Schizophrenia & psychosis
NCT05017532,Psychosis,Schizophrenia & psychosis
NCT05017532,Schizophrenia,Schizophrenia & psychosis
NCT01815398,Anxiety Disorders,Anxiety
NCT01815398,Substance Abuse,Substance use
NCT02085421,Psychosis,Schizophrenia & psychosis
NCT06403514,Post Traumatic Stress Disorder,PTSD
NCT05178316,Post Traumatic Stress Disorder,PTSD
NCT06957704,Depressive Disorder,Depression
NCT05327504,Substance Use Disorders,Substance use
NCT05327504,Posttraumatic Stress Disorder,PTSD
NCT04692584,Anxiety,Anxiety
NCT01989247,Depression,Depression
NCT01989247,Anxiety,Anxiety
NCT02357849,Attenuated Psychosis Syndrome,Schizophrenia & psychosis
NCT02513485,Depression,Depression
NCT07452835,Major Depressive Disorder (MDD),Depression
NCT07452835,SCHIZOPHRENIA 1 (Disorder),Schizophrenia & psychosis
NCT07452835,Obsessive-Compulsive Disorder,OCD
NCT07452835,Generalized Anxiety Disorder,Anxiety
NCT04497493,Major Depressive Disorders,Depression
NCT02058121,Eating Disorder,Eating disorders
NCT04837521,Anxiety,Anxiety
NCT04837521,Depression,Depression
NCT07010614,Schizophrenia Disorders,Schizophrenia & psychosis
NCT07010614,Psychotic Disorder,Schizophrenia & psychosis
NCT07014852,"Depression, Anxiety",Depression
NCT04966858,Atypical Anorexia Nervosa,Eating disorders
NCT02454426,Major Depressive Disorder,Depression
NCT03632278,Schizophreniform Disorders,Schizophrenia & psychosis
NCT06621992,Depression,Depression
NCT05499767,Depressive Symptoms,Depression
NCT05499767,Anxiety State,Anxiety
NCT03777800,"Stress Disorders, Post-Traumatic",PTSD
NCT03777800,Depression,Depression
NCT06123065,PTSD,PTSD
NCT01348100,Schizophrenia,Schizophrenia & psychosis
NCT04703907,Stress and Anxiety,Anxiety
NCT01463111,Bipolar Disorder,Bipolar disorder
NCT02499432,PTSD,PTSD
NCT03193398,Major Depressive Disorder,Depression
NCT07476547,Anxiety,Anxiety
NCT05929352,Schizophrenia,Schizophrenia & psychosis
NCT06340958,Adjunctive Treatment of Major Depressive Disorder (MDD),Depression
NCT03236948,Depressive Symptoms,Depression
NCT04780178,Anxiety,Anxiety
NCT05486611,Depression,Depression
NCT05570344,"Depressive Disorder, Treatment-Resistant",Depression
NCT03997864,Posttraumatic Stress Disorder,PTSD
NCT06390293,PTSD,PTSD
NCT06758206,Depressive Symptoms,Depression
NCT01370733,Major Depressive Disorder,Depression
NCT06786247,Depression,Depression
NCT01217658,Postpartum Depression,Depression
NCT06029426,Major Depressive Disorder,Depression
NCT06027944,Depression,Depression
NCT05851898,Depression in Old Age,Depression
NCT04845347,Post Partum Depression,Depression
NCT05533138,Antenatal Depression,Depression
NCT06002958,Schizophrenia,Schizophrenia & psychosis
NCT06002958,Schizophreniform Disorders,Schizophrenia & psychosis
NCT06002958,Schizoaffective Disorder,Schizophrenia & psychosis
NCT06002958,Unspecified or Other Psychotic Disorders,Schizophrenia & psychosis
NCT05340348,Schizophrenia Prodromal,Schizophrenia & psychosis
NCT05340348,"Schizophrenia, Childhood",Schizophrenia & psychosis
NCT05340348,Schizophrenia,Schizophrenia & psychosis
NCT01829048,Schizophrenia,Schizophrenia & psychosis
NCT02153567,Anxiety,Anxiety
NCT02153567,Depression,Depression
NCT04598100,Anxiety,Anxiety
NCT04598100,Depression,Depression
NCT04431765,Post-traumatic Stress Disorder,PTSD
NCT01500200,Major Depressive Disorder,Depression
NCT02006628,Schizophrenia,Schizophrenia & psychosis
NCT02006628,Schizophrenia-related Psychotic Disorder,Schizophrenia & psychosis
NCT05537428,Schizophrenia,Schizophrenia & psychosis
NCT07064928,Mental Health (Depression),Depression
NCT07064928,Depression - Major Depressive Disorder,Depression
NCT06789471,"Schizophrenia, Disorganized",Schizophrenia & psychosis
NCT01614444,Post-traumatic Stress Disorder (PTSD),PTSD
NCT04609371,"Depression, Anxiety",Depression
NCT03507114,Depression,Depression
NCT03507114,Dysthymic Disorder,Depression
NCT03507114,Panic Disorder,Anxiety
NCT03507114,Social Phobia,Anxiety
NCT03507114,Generalized Anxiety Disorder,Anxiety
NCT02749006,Bipolar Depression,Depression
NCT05304104,Binge-Eating Disorder,Eating disorders
NCT05304104,Bulimia Nervosa,Eating disorders
NCT04269252,Anxiety,Anxiety
NCT03965858,Major Depressive Disorder,Depression
NCT06615557,Social Anxiety Disorder (SAD),Anxiety
NCT04414501,"Anxiety, Separation",Anxiety
NCT02875912,"Stress Disorders, Post-Traumatic",PTSD
NCT02875912,Depression,Depression
NCT02875912,Anxiety,Anxiety
NCT05018312,Social Anxiety Disorder,Anxiety
NCT04598607,Major Depressive Disorder,Depression
NCT06886607,Schizophrenia Disorders,Schizophrenia & psychosis
NCT04601064,Substance Use Disorders,Substance use
NCT04601064,Addiction,Substance use
NCT04601064,Opioid Use,Substance use
NCT06266364,"PTSD, Post Traumatic Stress Disorder",PTSD
NCT05646264,Schizophrenia,Schizophrenia & psychosis
NCT05646264,Negative Symptoms in Schizophrenia,Schizophrenia & psychosis
NCT01667809,Anxiety Disorders,Anxiety
NCT01667809,Major Depression,Depression
NCT04992299,Depression,Depression
NCT02028832,Anxiety,Anxiety
NCT03323437,Schizophrenia Spectrum and Other Psychotic Disorders,Schizophrenia & psychosis
NCT06251037,Depressive Symptoms,Depression
NCT06572657,Schizophrenia,Schizophrenia & psychosis
NCT06684977,PTSD - Post Traumatic Stress Disorder,PTSD
NCT03571412,Major Depressive Disorder,Depression
NCT01957319,Depression,Depression
NCT07069530,Depression Chronic,Depression
NCT01324700,Depression,Depression
NCT04229199,Anxiety,Anxiety
NCT06818695,Anorexia Nervosa,Eating disorders
NCT03987477,Depression,Depression
NCT06856057,PTSD,PTSD
NCT06856057,Depression Not Otherwise Specified,Depression
NCT05416957,Major Depressive Disorder (MDD),Depression
NCT03887312,Depression,Depression
NCT03887312,Anxiety,Anxiety
NCT03887312,PTSD,PTSD
NCT06993012,PTSD - Post Traumatic Stress Disorder,PTSD
NCT06993012,Depression/Anxiety,Depression
NCT04137367,Major Depressive Disorder,Depression
NCT03688100,Depression,Depression
NCT06078007,Depressive Symptoms,Depression
NCT06078007,Anxiety,Anxiety
NCT02729792,Depression,Depression
NCT03928392,Post Traumatic Stress Disorder,PTSD
NCT03928392,Depression,Depression
NCT03928392,Anxiety,Anxiety
NCT03420911,Anxiety,Anxiety
NCT01121211,Anorexia Nervosa,Eating disorders
NCT01121211,Eating Disorder,Eating disorders
NCT01121211,Anxiety,Anxiety
NCT01121211,Depression,Depression
NCT07470632,Exam Anxiety,Anxiety
NCT04104022,Post Traumatic Stress Disorder,PTSD
NCT04104022,Opioid-use Disorder,Substance use
NCT06053775,Depressive Symptoms,Depression
NCT03940157,Depression,Depression
NCT03755401,PTSD,PTSD
NCT02160028,Anxiety,Anxiety
NCT02160028,Odontophobia,Anxiety
NCT01187407,Major Depressive Disorder (MDD),Depression
NCT02486692,PTSD,PTSD
NCT03451630,Anxiety,Anxiety
NCT03451630,Depression,Depression
NCT03451630,Bipolar Disorder,Bipolar disorder
NCT03451630,Schizophrenia,Schizophrenia & psychosis
NCT07219628,Anxiety,Anxiety
NCT06732128,Depression,Depression
NCT02758067,Schizophrenia,Schizophrenia & psychosis
NCT05827900,Ultra-high Risk for Psychosis,Schizophrenia & psychosis
NCT05827900,Clinical High Risk for Psychosis,Schizophrenia & psychosis
NCT03656900,Patients With Resistant Depressive Disorders,Depression
NCT06361407,Schizophrenia,Schizophrenia & psychosis
NCT03102736,Depression,Depression
NCT02491034,Depression,Depression
NCT05228964,Depression,Depression
NCT05228964,Anxiety Disorders,Anxiety
NCT05228964,Bipolar Depression,Depression
NCT05228964,Ptsd,PTSD
NCT06922409,Post Stroke Depression,Depression
NCT05437809,Food Addiction,Substance use
NCT04908332,"Depression, Post-Partum",Depression
NCT06990919,Anxiety,Anxiety
NCT00864630,Depression,Depression
NCT03167307,Depression,Depression
NCT04777292,Obsessive-Compulsive Disorder,OCD
NCT05054699,Major Depressive Disorder,Depression
NCT05054699,Bipolar Depression,Depression
NCT01894932,Unipolar Depression,Depression
NCT07172516,Bipolar Disorder,Bipolar disorder
NCT07172516,Bipolar Depression,Depression
NCT07172516,Bipolar I Disorder,Bipolar disorder
NCT07172516,Bipolar II Disorder,Bipolar disorder
NCT01888406,Binge Eating Disorder,Eating disorders
NCT05982184,Anxiety,Anxiety
NCT05269433,Depression,Depression
NCT04287452,Anxiety Acute,Anxiety
NCT06039930,Depression,Depression
NCT05823207,Anxiety,Anxiety
NCT07680192,Anxiety,Anxiety
NCT06749392,Major Depressive Disorder,Depression
NCT07123311,Anxiety Depression (Mild or Not Persistent),Depression
NCT02027844,"Anxiety, Separation",Anxiety
NCT04623034,Major Depressive Disorder,Depression
NCT04751799,Anxiety,Anxiety
NCT01663532,Schizophrenia,Schizophrenia & psychosis
NCT06061198,Anxiety,Anxiety
NCT06016907,Anxiety Disorders,Anxiety
NCT04803071,Depression,Depression
NCT07191392,Depressive Disorder,Depression
NCT02330744,Major Depressive Disorder,Depression
NCT05002309,Depression,Depression
NCT05707299,Major Depressive Disorder,Depression
NCT03999736,Major Depressive Disorder,Depression
NCT03999736,Anxiety,Anxiety
NCT02576171,Social Anxiety Disorder,Anxiety
NCT04821544,Postpartum Depression,Depression
NCT02417064,Treatment-resistant Depression,Depression
NCT02839798,Major Depressive Episode,Depression
NCT02839798,Bipolar Depression,Depression
NCT02839798,Bipolar Disorder,Bipolar disorder
NCT02591498,Schizophrenia,Schizophrenia & psychosis
NCT02497287,Treatment-resistant Depression,Depression
NCT04526652,Anxiety and Fear,Anxiety
NCT01908647,Post Traumatic Stress Disorder,PTSD
NCT02951455,Substance Use Disorders,Substance use
NCT04830215,Major Depressive Disorder,Depression
NCT03514225,Social Anxiety Disorder,Anxiety
NCT03514225,Social Anxiety,Anxiety
NCT03514225,Social Phobia,Anxiety
NCT03103217,Anxiety,Anxiety
NCT06211140,Major Depressive Disorder,Depression
NCT02137993,Schizophrenia,Schizophrenia & psychosis
NCT02137993,Schizophreniform Disorder,Schizophrenia & psychosis
NCT02137993,Schizoaffective Disorder,Schizophrenia & psychosis
NCT05035316,Bipolar Disorder,Bipolar disorder
NCT07106606,Anxiety,Anxiety
NCT07106606,Fear and Anxiety,Anxiety
NCT03086148,Ketamine; Depressive Symptom; Neurosurgery; Perioperative Period,Depression
NCT02382848,"Stress Disorders, Post-Traumatic",PTSD
NCT02382848,Bulimia Nervosa,Eating disorders
NCT02236455,Anxiety,Anxiety
NCT06646835,Anxiety,Anxiety
NCT06574035,Depressive Symptoms,Depression
NCT06574035,Depression,Depression
NCT06244576,Anorexia Nervosa,Eating disorders
NCT06244576,"Anorexia Nervosa, Atypical",Eating disorders
NCT07323784,Social Anxiety Disorder (SAD),Anxiety
NCT05070052,Bipolar Disorder,Bipolar disorder
NCT02003352,PTSD,PTSD
NCT01757847,Binge-Eating Disorder,Eating disorders
NCT03897855,Post-Traumatic Stress Disorder in Old Age,PTSD
NCT01668355,Schizophrenia Spectrum & Other Psychotic Disorders,Schizophrenia & psychosis
NCT03052855,Depression,Depression
NCT05213143,Schizophrenia,Schizophrenia & psychosis
NCT01983033,General Anxiety Disorder,Anxiety
NCT01983033,Depressive Disorder,Depression
NCT01983033,Depression,Depression
NCT01983033,Anxiety Disorders,Anxiety
NCT05510752,Perinatal Anxiety,Anxiety
NCT04836247,Opioid-use Disorder,Substance use
NCT05965349,Depression,Depression
NCT05965349,Anxiety Depression,Depression
NCT05834049,Anxiety,Anxiety
NCT04409938,Anxiety,Anxiety
NCT03726658,Major Depressive Disorder,Depression
NCT01566058,"Stress Disorders, Post-Traumatic",PTSD
NCT01566058,Anxiety,Anxiety
NCT06635135,"Depressive Disorder, Major",Depression
NCT06635135,Anhedonia,Depression
NCT02431806,Major Depressive Disorder,Depression
NCT06797804,Depression,Depression
NCT05603104,Schizophrenia and Related Disorders,Schizophrenia & psychosis
NCT05603104,Major Depressive Disorder,Depression
NCT05603104,Bipolar Depression,Depression
NCT06528938,Depression,Depression
NCT06528938,"Depressive Disorder, Major",Depression
NCT04404478,Depressive Symptoms,Depression
NCT05877885,Major Depressive Disorder,Depression
NCT05184335,Schizophrenia,Schizophrenia & psychosis
NCT02434406,Anxiety Disorders,Anxiety
NCT05559749,Anxiety,Anxiety
NCT05559749,Depression,Depression
NCT06669338,Anxiety,Anxiety
NCT02418026,Anxiety,Anxiety
NCT07481643,Anxiety,Anxiety
NCT05060393,Depression,Depression
NCT05385614,Depression,Depression
NCT05385614,Depressive Disorder,Depression
NCT03537014,Posttraumatic Stress Disorder,PTSD
NCT04776616,Anxiety,Anxiety
NCT02687984,Schizophrenia,Schizophrenia & psychosis
NCT06330584,Anxiety,Anxiety
NCT06330584,Acute Anxiety,Anxiety
NCT02738021,Post-Partum Depression,Depression
NCT04179006,"Depressive Disorder, Major",Depression
NCT00958633,Bipolar I Disorder,Bipolar disorder
NCT07048938,Depression Disorder,Depression
NCT07048938,Depression Disorders,Depression
NCT07048938,Depressive Disorder,Depression
NCT06081348,Anxiety,Anxiety
NCT06081348,Anxiety Disorders,Anxiety
NCT04013555,Schizophrenia,Schizophrenia & psychosis
NCT04013555,Schizoaffective Disorder,Schizophrenia & psychosis
NCT04013555,Schizophreniform Disorder,Schizophrenia & psychosis
NCT02227563,Schizophrenia,Schizophrenia & psychosis
NCT02395263,Major Depressive Disorder (MDD),Depression
NCT06963021,Major Depressive Disorder,Depression
NCT05661383,Treatment-resistant Depression,Depression
NCT07173205,Depression,Depression
NCT03331354,Substance Use Disorder,Substance use
NCT02000245,Anxiety,Anxiety
NCT01608295,Major Depressive Disorder,Depression
NCT05424146,Post Traumatic Stress Disorder,PTSD
NCT04278586,Opioid-use Disorder,Substance use
NCT04278586,Anxiety,Anxiety
NCT06280170,Depressive Disorder,Depression
NCT06280170,Anxiety Disorders,Anxiety
NCT06280170,Substance Use Disorders,Substance use
NCT06280170,Post Traumatic Stress Disorder,PTSD
NCT04301141,Social Anxiety,Anxiety
NCT01287494,Depression,Depression
NCT02292394,Depression,Depression
NCT05140551,Depression,Depression
NCT05140551,Anxiety,Anxiety
NCT04108429,Depression,Depression
NCT04108429,Anxiety,Anxiety
NCT04269772,Bipolar Disorder,Bipolar disorder
NCT07392879,Depression,Depression
NCT05540288,Behavioural Addiction,Substance use
NCT06604429,"Depression, Anxiety",Depression
NCT02555553,Binge Eating Disorder,Eating disorders
NCT05659472,Depression,Depression
NCT05669742,"Sodium-glucose Transport Protein Two Inhibitor (SGLT2),Metabolic Deficits Caused by Antipsychotics",Schizophrenia & psychosis
NCT05570773,Anxiety,Anxiety
NCT05428241,Bipolar Disorder,Bipolar disorder
NCT01126294,Pain and Anxiety in Patients Undergoing Surgery for Lumbar Laminectomy.,Anxiety
NCT02593266,Depression,Depression
NCT06570356,Depression,Depression
NCT06658756,Obsessive-Compulsive Disorder,OCD
NCT02345122,Depression,Depression
NCT02345122,Anxiety,Anxiety
NCT06980441,Depression and Suicide Ideation,Depression
NCT06980441,Anxiety,Anxiety
NCT06980441,PTSD,PTSD
NCT06005194,"Depressive Disorder, Major",Depression
NCT06005194,Clinical Depression,Depression
NCT06005194,Mood Depressed,Depression
NCT04435002,Depression,Depression
NCT01807403,Obsessive-Compulsive Disorder,OCD
NCT02422186,"Depressive Disorder, Treatment-Resistant",Depression
NCT01550666,Schizophrenia,Schizophrenia & psychosis
NCT04252131,Schizophrenia,Schizophrenia & psychosis
NCT02716831,Bulimia Nervosa,Eating disorders
NCT02716831,Bulimia,Eating disorders
NCT02716831,Binge Eating,Eating disorders
NCT02716831,Purging (Eating Disorders),Eating disorders
NCT02716831,Eating Disorder,Eating disorders
NCT02698553,"Depressive Disorder, Major",Depression
NCT03275337,Anxiety Disorders,Anxiety
NCT03275337,Social Phobia,Anxiety
NCT07105761,Depression,Depression
NCT05342142,Depression,Depression
NCT02501941,Cortical Spreading Depression,Depression
NCT01891929,Chronic Schizophrenia,Schizophrenia & psychosis
NCT02431845,Obsessive-Compulsive Disorder,OCD
NCT02764294,Anxiety,Anxiety
NCT06042166,Postpartum Depression,Depression
NCT06042166,Postpartum Anxiety,Anxiety
NCT01429272,Bipolar Disorder Depression,Depression
NCT05394545,Anxiety,Anxiety
NCT05394545,Depression,Depression
NCT03790345,Schizophrenia,Schizophrenia & psychosis
NCT03970057,Anxiety,Anxiety
NCT03970057,Perinatal Depression,Depression
NCT05056454,Depression,Depression
NCT05056454,Perinatal Depression,Depression
NCT05056454,Anxiety,Anxiety
NCT06076954,Anxiety Disorders,Anxiety
NCT04392856,Anxiety,Anxiety
NCT04392856,Depression,Depression
NCT06860451,Post-stroke Depression,Depression
NCT03522545,Treatment-resistant Bipolar Depression,Depression
NCT05606172,Post-Traumatic Stress Disorder in Children,PTSD
NCT05606172,Post-traumatic Stress Disorder,PTSD
NCT01142596,Schizophrenia,Schizophrenia & psychosis
NCT02655588,Depression,Depression
NCT03923361,Treatment Resistant Depression,Depression
NCT02335554,Depression,Depression
NCT02120729,Major Depressive Disorder,Depression
NCT01542372,Posttraumatic Stress Disorder (PTSD),PTSD
NCT04314115,Posttraumatic Stress Disorder,PTSD
NCT04314115,Acute Post-Traumatic Stress Disorder,PTSD
NCT04314115,Depressive Symptoms,Depression
NCT05934968,Depression,Depression
NCT02088060,Schizophrenia,Schizophrenia & psychosis
NCT04317820,PTSD,PTSD
NCT04317820,Post-traumatic Stress Disorder,PTSD
NCT05138120,Depressive Symptoms,Depression
NCT05138120,Anxiety,Anxiety
NCT02383862,Anxiety,Anxiety
NCT02383862,Depression,Depression
NCT06620042,Bipolar Depression,Depression
NCT06620042,Treatment Resistant Bipolar Depression,Depression
NCT03247270,Anxiety Disorders,Anxiety
NCT05328297,Bipolar Disorder,Bipolar disorder
NCT06661460,ANXIETY DISORDERS (or Anxiety and Phobic Neuroses),Anxiety
NCT06661460,Specific Phobia,Anxiety
NCT06661460,Social Anxiety Disorder,Anxiety
NCT06661460,Separation Anxiety Disorder,Anxiety
NCT06661460,Generalized Anxiety Disorder,Anxiety
NCT06661460,Panic Disorder,Anxiety
NCT06661460,Agoraphobia,Anxiety
NCT04813224,Posttraumatic Stress Disorder,PTSD
NCT04813224,Obsessive-Compulsive Disorder,OCD
NCT04813224,Depression,Depression
NCT04813224,Anxiety,Anxiety
NCT03937596,Major Depressive Disorder,Depression
NCT04157296,Anxiety Disorders,Anxiety
NCT02266446,Anxiety Disorders,Anxiety
NCT06046261,Death Anxiety,Anxiety
NCT04985786,Alcohol Use Disorder (AUD),Substance use
NCT04985786,Schizophrenia and Related Disorders,Schizophrenia & psychosis
NCT06022640,Depression,Depression
NCT05039489,Schizophrenia,Schizophrenia & psychosis
NCT06356090,Obsessive-Compulsive Disorder,OCD
NCT06356090,Obsessive-Compulsive Disorder in Children,OCD
NCT06356090,Obsessive-Compulsive Disorder in Adolescence,OCD
NCT06356090,Anxiety Disorders and Symptoms,Anxiety
NCT03217682,Anxiety,Anxiety
NCT03217682,Depression,Depression
NCT05760482,Anxiety State,Anxiety
NCT06499259,Anxiety,Anxiety
NCT04513080,Depressive Disorder,Depression
NCT06398496,"Depressive Disorder, Major",Depression
NCT05588596,PTSD,PTSD
NCT07241988,Anxiety,Anxiety
NCT06134323,Generalized Anxiety Disorder,Anxiety
NCT06182462,Dental Phobia,Anxiety
NCT02614586,Schizophrenia,Schizophrenia & psychosis
NCT02462473,Schizophrenia,Schizophrenia & psychosis
NCT02462473,Schizoaffective Disorder,Schizophrenia & psychosis
NCT03034720,Depression,Depression
NCT03034720,Anxiety,Anxiety
NCT04531423,Major Depressive Disorder,Depression
NCT01979796,Tobacco Smoking in Schizophrenic Patients,Schizophrenia & psychosis
NCT02021669,Depression,Depression
NCT07005960,Anxiety,Anxiety
NCT02789982,Post-traumatic Stress Disorder,PTSD
NCT06782724,Major Depressive Disorder (MDD),Depression
NCT01821469,Bipolar Disorders,Bipolar disorder
NCT06557083,Anxiety,Anxiety
NCT04834154,"Depression, Anxiety",Depression
NCT06431854,Eating Disorders in Adolescence,Eating disorders
NCT06431854,Anorexia Nervosa,Eating disorders
NCT06431854,Bulimia Nervosa,Eating disorders
NCT06431854,Binge-Eating Disorder,Eating disorders
NCT06431854,Other Specified Feeding or Eating Disorder,Eating disorders
NCT01545505,Post Traumatic Stress Disorder (PTSD),PTSD
NCT01865123,Post-traumatic Stress Disorder,PTSD
NCT01259596,Generalized Anxiety Disorder,Anxiety
NCT02140788,Schizophrenia,Schizophrenia & psychosis
NCT02140788,Schizo-affective Disorder,Schizophrenia & psychosis
NCT03212703,Obsessive-Compulsive Disorder,OCD
NCT01437527,Anorexia Nervosa,Eating disorders
NCT06118073,Opioid Use,Substance use
NCT02758990,Anxiety,Anxiety
NCT06152913,Anxiety Disorders,Anxiety
NCT06152913,Obsessive-Compulsive Disorder,OCD
NCT06152913,Obsessive-Compulsive Disorder in Children,OCD
NCT06152913,Obsessive-Compulsive Disorder in Adolescence,OCD
NCT07095582,Depression,Depression
NCT07095582,Anxiety,Anxiety
NCT04651296,"Stress Disorders, Posttraumatic",PTSD
NCT04651296,Depression,Depression
NCT04283188,Bipolar Disorder,Bipolar disorder
NCT02056483,Anxiety,Anxiety
NCT02056483,Depression,Depression
NCT05939115,Bipolar Depression,Depression
NCT04104568,Depressive Symptoms,Depression
NCT04104568,Anxiety Symptoms,Anxiety
NCT03648268,Schizophrenia,Schizophrenia & psychosis
NCT03648268,Negative Type; Schizophrenic,Schizophrenia & psychosis
NCT03648268,Schizo Affective Disorder,Schizophrenia & psychosis
NCT06442774,Postpartum Depression,Depression
NCT06442774,Postpartum Anxiety,Anxiety
NCT04624074,Cannabis Use Disorder,Substance use
NCT03841773,PTSD,PTSD
NCT02042573,Depression,Depression
NCT03356483,Obsessive-Compulsive Disorder,OCD
NCT06233656,Depression,Depression
NCT04084795,Depressive Symptoms,Depression
NCT04084795,Anxiety,Anxiety
NCT04665401,Schizophrenia Spectrum and Other Psychotic Disorders,Schizophrenia & psychosis
NCT06852183,Anorexia Nervosa,Eating disorders
NCT02831231,Schizophrenia,Schizophrenia & psychosis
NCT03967431,Schizophrenia,Schizophrenia & psychosis
NCT05863572,Psychosis,Schizophrenia & psychosis
NCT06568575,Sports Anxiety,Anxiety
NCT04944277,Anxiety,Anxiety
NCT04944277,Depression,Depression
NCT05495022,Anxiety,Anxiety
NCT05583851,"Depression, Anxiety",Depression
NCT05854602,Anxiety,Anxiety
NCT04852302,Depression,Depression
NCT06169631,Anxiety Disorders,Anxiety
NCT01953237,Schizophrenia,Schizophrenia & psychosis
NCT02697045,Schizophrenia,Schizophrenia & psychosis
NCT06575972,Anxiety,Anxiety
NCT03977675,Major Depressive Disorder,Depression
NCT05747612,To Determine the Incidence of Depression in Subjects Affected by Bipolar Disorder,Depression
NCT01465919,Depression,Depression
NCT04579354,Anxiety,Anxiety
NCT02058251,Alcohol Use Disorders,Substance use
NCT01198353,Schizophrenia,Schizophrenia & psychosis
NCT01198353,Schizoaffective Disorder,Schizophrenia & psychosis
NCT04577612,Anxiety,Anxiety
NCT04577612,Panic,Anxiety
NCT03929081,Obsessive-Compulsive Disorder,OCD
NCT06132581,Major Depressive Disorder,Depression
NCT06132581,Anhedonia,Depression
NCT02817672,Depression,Depression
NCT02634177,Major Depressive Disorder,Depression
NCT06645028,PTSD,PTSD
NCT06645028,Complex Post-Traumatic Stress Disorder,PTSD
NCT04526067,"Depressive Disorder, Major",Depression
NCT04526067,Bipolar Disorder,Bipolar disorder
NCT04526067,Schizo Affective Disorder,Schizophrenia & psychosis
NCT04526067,Schizophrenia,Schizophrenia & psychosis
NCT04903522,Major Depressive Disorder,Depression
NCT06230757,Major Depressive Disorder,Depression
NCT06230757,Anhedonia,Depression
NCT06230757,Treatment Resistant Depression,Depression
NCT04199429,"Depression, Anxiety",Depression
NCT05322031,Schizophrenia,Schizophrenia & psychosis
NCT03353337,Bipolar Disorder,Bipolar disorder
NCT02150395,Anxiety and Distress,Anxiety
NCT03553095,Depression,Depression
NCT06169501,Anxiety,Anxiety
NCT06495801,Depressive Symptoms,Depression
NCT06239519,Depression,Depression
NCT06239519,Anxiety,Anxiety
NCT04700930,Schizophrenia and Other Psychotic Disorders,Schizophrenia & psychosis
NCT02150265,Generalized Anxiety Disorder,Anxiety
NCT02150265,Social Phobia,Anxiety
NCT02150265,Agoraphobia,Anxiety
NCT02150265,Depression,Depression
NCT02150265,Panic Disorder,Anxiety
NCT04539951,Obsessive-Compulsive Disorder,OCD
NCT04076553,Binge-Eating Disorder,Eating disorders
NCT04076553,Bulimia Nervosa,Eating disorders
NCT02411695,Schizophrenia,Schizophrenia & psychosis
NCT05388539,Major Depressive Disorder,Depression
NCT05388539,Unipolar Depression,Depression
NCT04533230,Benzodiazepine Dependence,Substance use
NCT04533230,Substance Use Disorders,Substance use
NCT03432065,Anxiety,Anxiety
NCT02787122,Schizophrenia,Schizophrenia & psychosis
NCT02787122,Schizoaffective Disorder,Schizophrenia & psychosis
NCT02787122,Brief Psychotic Disorder,Schizophrenia & psychosis
NCT02787122,Schizophreniform Disorder,Schizophrenia & psychosis
NCT06348277,"Depression, Anxiety",Depression
NCT03826875,Depression,Depression
NCT04360681,Post Traumatic Stress Disorder,PTSD
NCT04360681,Opioid-use Disorder,Substance use
NCT06477913,Anxiety Depression,Depression
NCT03283670,"Depressive Disorder, Major",Depression
NCT03283670,"Depressive Disorder, Treatment-Resistant",Depression
NCT03247946,Feeding and Eating Disorders,Eating disorders
NCT03521388,Depressive Symptoms,Depression
NCT03930303,Anxiety,Anxiety
NCT06257186,Anxiety and Fear,Anxiety
NCT06257186,Anxiety,Anxiety
NCT03610373,Anxiety Disorders,Anxiety
NCT03610373,Depressive Disorder,Depression
NCT02010866,Depression,Depression
NCT01874756,Schizophrenia,Schizophrenia & psychosis
NCT06781788,Eco-anxiety,Anxiety
NCT02404194,Clinical High Risk for Psychosis,Schizophrenia & psychosis
NCT03051256,"Depressive Disorder, Major",Depression
NCT03051256,"Depressive Disorder, Treatment-Resistant",Depression
NCT04846010,Anxiety Disorders,Anxiety
NCT04846010,Depression,Depression
NCT04846010,"Depression, Anxiety",Depression
NCT04846010,"Depression, Bipolar",Depression
NCT01190423,Anorexia Nervosa,Eating disorders
NCT03586427,"Depressive Disorder, Major",Depression
NCT04845542,"Depression, Anxiety",Depression
NCT01198197,Anxiety,Anxiety
NCT01198197,Depression,Depression
NCT02826096,Panic Disorder,Anxiety
NCT05386862,Post Traumatic Stress Disorder,PTSD
NCT05386862,Cannabis Use,Substance use
NCT05680727,"Depressive Disorder, Major",Depression
NCT05680727,Depression,Depression
NCT02739061,Obsessive-Compulsive Disorder,OCD
NCT01481883,Schizophrenia,Schizophrenia & psychosis
NCT01481883,Schizoaffective Disorder,Schizophrenia & psychosis
NCT01481883,Schizophreniform Disorder,Schizophrenia & psychosis
NCT05322642,Anxiety Disorder,Anxiety
NCT05322642,Depressive Disorder,Depression
NCT02267070,Schizophrenia,Schizophrenia & psychosis
NCT02267070,Schizophreniform Disorder,Schizophrenia & psychosis
NCT02267070,Schizoaffective Disorder,Schizophrenia & psychosis
NCT05310786,Opioid Use Disorder,Substance use
NCT05310786,Substance Use Disorders,Substance use
NCT05147883,Anxiety,Anxiety
NCT05147883,Depression,Depression
NCT03255954,Depression,Depression
NCT03900754,Schizophrenia,Schizophrenia & psychosis
NCT03167905,"Depression, Postpartum",Depression
NCT05622305,Postpartum Depression,Depression
NCT07070531,Depression Disorders,Depression
NCT07070531,Anxiety,Anxiety
NCT03643159,Schizophrenia,Schizophrenia & psychosis
NCT03643159,Bipolar 1 Disorder,Bipolar disorder
NCT03643159,Major Depressive Disorder,Depression
NCT05733546,Major Depressive Disorder,Depression
NCT03697603,Major Depressive Disorder,Depression
NCT05368961,Anxiety,Anxiety
NCT04097483,Depression,Depression
NCT05046405,Postnatal Depression,Depression
NCT02041962,Bipolar Disorder,Bipolar disorder
NCT02041962,Depression,Depression
NCT05100888,Schizophrenia,Schizophrenia & psychosis
NCT02330627,Anxiety Disorders and Symptoms,Anxiety
NCT02330627,Depression,Depression
NCT04437173,Anxiety,Anxiety
NCT04129866,Anxiety Sensitivity,Anxiety
NCT02339844,Schizophrenia,Schizophrenia & psychosis
NCT07217860,Bipolar Depression,Depression
NCT07217860,Bipolar I Disorder,Bipolar disorder
NCT07217860,Bipolar Disorder,Bipolar disorder
NCT07217860,Bipolar II Disorder,Bipolar disorder
NCT03852160,"Depressive Disorder, Treatment-Resistant",Depression
NCT02024620,Major Depressive Disorder,Depression
NCT05246124,Anxiety,Anxiety
NCT04155788,Eating Disorder Symptom,Eating disorders
NCT05342727,Schizophrenia,Schizophrenia & psychosis
NCT06215261,Post Traumatic Stress Disorder,PTSD
NCT01104805,Substance Abuse,Substance use
NCT02584894,"Stress Disorders, Post-Traumatic",PTSD
NCT06565637,Eating Disorders,Eating disorders
NCT02214732,Depression,Depression
NCT02214732,Anxiety,Anxiety
NCT04242563,Anxiety,Anxiety
NCT04387487,Anxiety,Anxiety
NCT04199884,Anxiety,Anxiety
NCT03406052,"Disorder, Major Depressive",Depression
NCT03930849,Depression,Depression
NCT04504149,PTSD,PTSD
NCT01879111,Depressive Episode,Depression
NCT02433093,"Major Depressive Disorder, Healthy Volunteer",Depression
NCT04684706,Treatment Resistant Depression,Depression
NCT01338506,Posttraumatic Stress Disorders,PTSD
NCT01338506,Alcohol Dependence,Substance use
NCT01338506,Drug Dependence,Substance use
NCT06769906,Depressive Symptom,Depression
NCT04116606,"Depressive Disorder, Major",Depression
NCT01150604,Major Depression,Depression
NCT01150604,Depression,Depression
NCT03177304,Depression,Depression
NCT03754647,OCD,OCD
NCT06389266,Schizophrenia,Schizophrenia & psychosis
NCT06389266,Nicotine Dependence,Substance use
NCT06194331,Depression,Depression
NCT06648395,Alcohol Use,Substance use
NCT06648395,Posttraumatic Stress Disorder,PTSD
NCT06155201,Depressive Disorder,Depression
NCT02349412,Anxiety Disorder,Anxiety
NCT02349412,Depression,Depression
NCT03067311,Schizophreniform Disorders,Schizophrenia & psychosis
NCT04921787,Substance Use Disorders,Substance use
NCT04921787,"Opioid Use Disorder, Severe",Substance use
NCT04921787,"Opioid Use Disorder, Moderate",Substance use
NCT04740411,Depression,Depression
NCT04740411,Anxiety,Anxiety
NCT01718509,Binge Eating Disorder,Eating disorders
NCT03000699,Substance Dependence,Substance use
NCT06107387,Binge Eating,Eating disorders
NCT06107387,Binge-Eating Disorder,Eating disorders
NCT07273604,Anxiety,Anxiety
NCT07273604,Depression,Depression
NCT02400736,Substance Use Disorders,Substance use
NCT02400736,Posttraumatic Stress Disorder,PTSD
NCT02400736,Major Depressive Disorder,Depression
NCT02400736,Anxiety Disorder,Anxiety
NCT03869736,Depression,Depression
NCT03869736,Major Depressive Disorder,Depression
NCT04999709,Anxiety,Anxiety
NCT05617898,Psychosis,Schizophrenia & psychosis
NCT06489314,Depression,Depression
NCT06489314,"Alcohol Use, Unspecified",Substance use
NCT04823806,Depression,Depression
NCT02532504,Postnatal Depression,Depression
NCT05138744,Depression,Depression
NCT01731171,Bipolar Disorder,Bipolar disorder
NCT01731171,Schizoaffective Disorder,Schizophrenia & psychosis
NCT07221409,Anxiety Disorder,Anxiety
NCT07221409,Depression,Depression
NCT07497516,SCHIZOPHRENIA 1 (Disorder),Schizophrenia & psychosis
NCT01780116,Schizophrenia,Schizophrenia & psychosis
NCT01780116,Schizophreniform Disorder,Schizophrenia & psychosis
NCT01780116,Schizoaffective Disorder,Schizophrenia & psychosis
NCT01511406,Psychosis,Schizophrenia & psychosis
NCT01511406,Schizophrenia,Schizophrenia & psychosis
NCT01511406,Depressive Symptoms,Depression
NCT06221436,Anxiety State,Anxiety
NCT01263236,Major Depressive Disorder,Depression
NCT06426134,Schizophrenia and Related Disorders,Schizophrenia & psychosis
NCT06426134,Psychosis,Schizophrenia & psychosis
NCT06426134,Bipolar and Related Disorders,Bipolar disorder
NCT06426134,Manic Episode,Bipolar disorder
NCT06426134,Depressive Episode,Depression
NCT07693309,Anxiety,Anxiety
NCT03932032,Social Anxiety Disorder of Childhood,Anxiety
NCT04574193,Substance Use Disorders,Substance use
NCT07692893,Anxiety,Anxiety
NCT04396314,PostTraumatic Stress Disorder,PTSD
NCT04728555,Anxiety State,Anxiety
NCT01880255,Schizophrenia,Schizophrenia & psychosis
NCT01880255,Schizoaffective Disorder,Schizophrenia & psychosis
NCT04022226,Spreadind Depression,Depression
NCT03265340,MAjor Depressive Disorder,Depression
NCT05767840,Depression,Depression
NCT01325168,Post Traumatic Stress Disorder,PTSD
NCT02396797,Anxiety,Anxiety
NCT02396797,Depression,Depression
NCT02457780,PTSD,PTSD
NCT03906396,Depression,Depression
NCT03906396,Anxiety,Anxiety
NCT02954146,Posttraumatic Stress Disorder,PTSD
NCT03455088,Feeding and Eating Disorders,Eating disorders
NCT06852469,"Stress Disorders, Post-Traumatic",PTSD
NCT05837169,Anxiety,Anxiety
NCT02945085,Depression,Depression
NCT05271643,Depression,Depression
NCT05271643,Anxiety,Anxiety
NCT02874235,"Stress Disorders, Post-Traumatic",PTSD
NCT01473017,Anxiety,Anxiety
NCT01473017,Depression,Depression
NCT05229913,Postpartum Depression,Depression
NCT05482724,Depressive Disorder,Depression
NCT05482724,Depressive Symptoms,Depression
NCT05482724,Anxiety Disorders and Symptoms,Anxiety
NCT05482724,Anxiety Disorders,Anxiety
NCT01263223,Major Depressive Disorder,Depression
NCT05584696,"Anxiety, Dental",Anxiety
NCT05518461,Substance Use Disorders,Substance use
NCT05456035,Depression,Depression
NCT01959035,Schizophrenia,Schizophrenia & psychosis
NCT05225025,Postpartum Depression,Depression
NCT05225025,Postpartum Anxiety,Anxiety
NCT05925868,Depression,Depression
NCT03363750,Depression,Depression
NCT03363750,Depressive Disorder,Depression
NCT06373874,Anxiety,Anxiety
NCT03051074,Generalized Anxiety Disorder,Anxiety
NCT03051074,Agoraphobia,Anxiety
NCT03051074,Panic Disorder,Anxiety
NCT03051074,PostTraumatic Stress Disorder,PTSD
NCT03051074,Social Anxiety Disorder,Anxiety
NCT03051074,Major Depressive Disorder,Depression
NCT01204918,Depression,Depression
NCT03436823,"Depressive Disorder, Major",Depression
NCT02938559,"Depressive Disorder, Major",Depression
NCT05239780,Major Depressive Disorder,Depression
NCT02124980,Drug Dependence,Substance use
NCT02124980,Substance Use Disorders,Substance use
NCT02078180,Depression,Depression
NCT04400162,Depression Mild,Depression
NCT04400162,Depressive Disorder,Depression
NCT04400162,Depression,Depression
NCT04408027,Anxiety Disorder of Childhood or Adolescence,Anxiety
NCT01942161,Schizophrenia,Schizophrenia & psychosis
NCT03275961,Depression,Depression
NCT05945342,Depressive Disorder,Depression
NCT04127097,Anxiety,Anxiety
NCT01511510,Schizophrenia,Schizophrenia & psychosis
NCT06627413,Schizophrenia or Schizoaffective,Schizophrenia & psychosis
NCT06143982,Post-traumatic Stress Disorder,PTSD
NCT06078124,Anxiety,Anxiety
NCT06078124,Depression,Depression
NCT02234362,Depression,Depression
NCT05724927,Depression,Depression
NCT03386448,Depression,Depression
NCT06073015,Anxiety-depression,Depression
NCT02440815,Major Depressive Disorder,Depression
NCT02225808,Anxiety,Anxiety
NCT05436691,Anxiety,Anxiety
NCT01587118,Posttraumatic Stress Disorder,PTSD
NCT02815813,Schizophrenia,Schizophrenia & psychosis
NCT02815813,Schizoaffective Disorder,Schizophrenia & psychosis
NCT02815813,Bipolar Disorder,Bipolar disorder
NCT02815813,Major Depressive Disorder,Depression
NCT05922020,Ventilatory Depression,Depression
NCT01749124,Major Depression,Depression
NCT01749124,Schizophrenia,Schizophrenia & psychosis
NCT01749124,Bipolar Disorder,Bipolar disorder
NCT02095496,Psychosis Associated With Intensive Care,Schizophrenia & psychosis
NCT06430476,Mild to Moderate Depression,Depression
NCT04948268,Depression,Depression
NCT04948268,Anxiety,Anxiety
NCT03131050,Major Depressive Disorder,Depression
NCT02359513,Bulimia Nervosa,Eating disorders
NCT03290313,Depression With Erectile Dysfunction,Depression
NCT02902159,Depression,Depression
NCT02902159,Anxiety,Anxiety
NCT04154579,Depression,Depression
NCT04154579,Anxiety,Anxiety
NCT03973580,Anxiety,Anxiety
NCT01729780,PTSD,PTSD
NCT06806878,Anxiety State,Anxiety
NCT05120843,Depression,Depression
NCT07229989,Pregnancy-Related Anxiety (PrA),Anxiety
NCT07229989,Anxiety,Anxiety
NCT07386574,Substance Use Disorder (SUD),Substance use
NCT07087990,Anxiety,Anxiety
NCT05973110,Psychotic Disorders,Schizophrenia & psychosis
NCT05973110,Schizophrenia,Schizophrenia & psychosis
NCT05973110,Schizo Affective Disorder,Schizophrenia & psychosis
NCT06943560,PTSD,PTSD
NCT03748446,Major Depressive Disorder,Depression
NCT03748446,Bipolar Depression,Depression
NCT01124188,Depression,Depression
NCT06672588,Treatment Resistant Schizophrenia,Schizophrenia & psychosis
NCT06672588,Schizophrenia,Schizophrenia & psychosis
NCT06672588,Schizoaffective Disorder,Schizophrenia & psychosis
NCT02028026,Major Depressive Disorder,Depression
NCT02028026,Anxiety,Anxiety
NCT07276997,Major Depressive Disorder,Depression
NCT06968624,Depression Disorders,Depression
NCT01380379,Depression,Depression
NCT01380379,Anxiety,Anxiety
NCT01380379,"Stress Disorders, Post-Traumatic",PTSD
NCT02380703,Depression,Depression
NCT05368155,"Depression, Anxiety",Depression
NCT01963078,PTSD,PTSD
NCT05852015,Substance Use Disorders,Substance use
NCT02744989,Schizophrenia,Schizophrenia & psychosis
NCT06728774,Major Depressive Disorder (MDD),Depression
NCT03664310,Anxiety Disorders,Anxiety
NCT07288320,Bipolar I Disorder,Bipolar disorder
NCT07288320,Mania,Bipolar disorder
NCT05731323,Major Depressive Disorder,Depression
NCT02657980,Major Depressive Disorder,Depression
NCT01717079,Anorexia Nervosa,Eating disorders
NCT01127568,"Stress Disorders, Post-Traumatic",PTSD
NCT03875391,PTSD,PTSD
NCT01809990,Obsessive-Compulsive Disorder,OCD
NCT01987960,Post-traumatic Stress Disorder,PTSD
NCT01987960,PTSD,PTSD
NCT02726659,Bipolar Disorder,Bipolar disorder
NCT02726659,Postpartum Depression,Depression
NCT05046938,Food Addiction,Substance use
NCT04362358,"Stress - Prevention of Sleep Disorders, PTSD and Depression",Depression
NCT03000985,Schizophrenia,Schizophrenia & psychosis
NCT01729650,Schizophrenic Disorders,Schizophrenia & psychosis
NCT01729650,Schizoaffective Disorders,Schizophrenia & psychosis
NCT01729650,Bipolar Disorders,Bipolar disorder
NCT04799574,Depression,Depression
NCT06342310,Postpartum Depression,Depression
NCT05570110,Unipolar Depression,Depression
NCT05374213,Depression,Depression
NCT05374213,Anxiety,Anxiety
NCT01478113,Major Depressive Disorder,Depression
NCT02676882,Depressive Disorder,Depression
NCT06492824,Depression,Depression
NCT06492824,Anhedonia,Depression
NCT02504515,Anxiety,Anxiety
NCT02504515,Depression,Depression
NCT05414708,PTSD,PTSD
NCT05414708,Post-Traumatic Headache,PTSD
NCT05414708,Posttraumatic Stress Disorder,PTSD
NCT05414708,"Posttraumatic Stress Disorder, Delayed Onset",PTSD
NCT03671525,Schizophrenia,Schizophrenia & psychosis
NCT03671525,Schizo Affective Disorder,Schizophrenia & psychosis
NCT04146025,Postpartum Depression,Depression
NCT02504476,Schizophrenia or Schizoaffective Disorder,Schizophrenia & psychosis
NCT02796417,Schizophrenia,Schizophrenia & psychosis
NCT06448117,Depressive Symptoms,Depression
NCT04456868,Bipolar Anhedonic Depression,Depression
NCT04138368,Postpartum Depression,Depression
NCT04572750,Benzodiazepine Dependence,Substance use
NCT05949190,Postpartum Depression,Depression
NCT05949190,Antepartum Depression,Depression
NCT03230097,Psychotic Disorders,Schizophrenia & psychosis
NCT00923078,Schizophrenia,Schizophrenia & psychosis
NCT03148535,the Use of Antidepressants in Patients With Bipolar Depression,Depression
NCT06573125,Depression,Depression
NCT02870725,Depression,Depression
NCT06556576,Depressive Symptoms,Depression
NCT05824117,"Acute and Transient Psychotic Disorder, Unspecified",Schizophrenia & psychosis
NCT05824117,Schizophrenia,Schizophrenia & psychosis
NCT05824117,Schizoaffective Disorder,Schizophrenia & psychosis
NCT05824117,Other Nonorganic Psychotic Disorders,Schizophrenia & psychosis
NCT05824117,Unspecified Nonorganic Psychosis,Schizophrenia & psychosis
NCT01305889,Major Depressive Disorder,Depression
NCT06377189,Depression/Anxiety,Depression
NCT07228468,Major Depressive Disorder (MDD),Depression
NCT01380691,Major Depressive Disorder,Depression
NCT07123974,Complex Post-Traumatic Stress Disorder (CPTSD),PTSD
NCT07123974,"Post-Traumatic Stress Disorder, PTSD",PTSD
NCT02037074,Schizophrenia,Schizophrenia & psychosis
NCT02918097,Bipolar Disorder,Bipolar disorder
NCT01729026,Posttraumatic Stress Disorder (PTSD),PTSD
NCT03321526,"Depressive Disorder, Major",Depression
NCT06426485,Major Depressive Disorder,Depression
NCT03372915,Anxiety Disorders,Anxiety
NCT03102008,Anxiety Disorders,Anxiety
NCT03102008,Depression,Depression
NCT03102008,Obsessive-Compulsive Disorder,OCD
NCT04098497,Bipolar Disorder,Bipolar disorder
NCT02079610,Major Depressive Disorder,Depression
NCT04626713,Anxiety,Anxiety
NCT05177458,PTSD,PTSD
NCT07245043,Anxiety,Anxiety
NCT05980143,Anxiety,Anxiety
NCT05980143,Depression,Depression
NCT06026917,Major Depressive Disorder,Depression
NCT01370291,Schizophrenia,Schizophrenia & psychosis
NCT05589090,Depressive Disorder,Depression
NCT05589090,Depressive Symptoms,Depression
NCT05589090,Anxiety Disorders,Anxiety
NCT05589090,Anxiety Disorders and Symptoms,Anxiety
NCT04231578,Posttraumatic Stress Disorder,PTSD
NCT05376735,Anxiety,Anxiety
NCT03154008,Adolescent Depression,Depression
NCT03154008,Depression,Depression
NCT05235789,Depression,Depression
NCT02397889,Posttraumatic Stress Disorder (PTSD),PTSD
NCT05890768,Psychosis,Schizophrenia & psychosis
NCT03687450,Anxiety,Anxiety
NCT03687450,Depression,Depression
NCT04109950,Schizophrenia,Schizophrenia & psychosis
NCT03313674,Major Depressive Disorder,Depression
NCT03715218,Post Partum Depression,Depression
NCT07146438,Obsessive - Compulsive Disorder,OCD
NCT05762458,Major Depressive Disorder (MDD),Depression
NCT03208348,Generalized Anxiety Disorder,Anxiety
NCT02202915,Obsessive Compulsive Disorder,OCD
NCT04671225,Bipolar Disorder,Bipolar disorder
NCT07098208,Exam Anxiety,Anxiety
NCT06285708,PTSD,PTSD
NCT07021508,Bipolar Depression,Depression
NCT03640325,Anxiety,Anxiety
NCT03640325,Depression,Depression
NCT02336568,PTSD,PTSD
NCT06074250,Perinatal Depression,Depression
NCT06074250,PerinatalAnxiety,Anxiety
NCT04828226,Major Depressive Disorder,Depression
NCT04828226,Bipolar Disorder,Bipolar disorder
NCT01547026,Schizophrenia,Schizophrenia & psychosis
NCT01547026,Schizo-affective Disorder,Schizophrenia & psychosis
NCT04832685,Depression,Depression
NCT05591625,Post Traumatic Stress Disorder,PTSD
NCT05591625,"Depression, Anxiety",Depression
NCT01838876,Major Depressive Disorder,Depression
NCT01309776,Major Depressive Disorder,Depression
NCT04887350,Major Depressive Disorder,Depression
NCT04887350,Late Life Depression,Depression
NCT04356638,Anxiety State,Anxiety
NCT02253355,Treatment-Resistant Depression,Depression
NCT06512025,"Depression, Postpartum",Depression
NCT06512025,Anxiety,Anxiety
NCT03633825,Suicide and Depression,Depression
NCT06296940,Posttraumatic Stress Disorder,PTSD
NCT06296940,Substance Use Disorders,Substance use
NCT05856240,Anxiety,Anxiety
NCT05856240,Depression,Depression
NCT06284889,Depression,Depression
NCT06885489,Depression Disorders,Depression
NCT06885489,Anxiety,Anxiety
NCT01671150,Depression,Depression
NCT06341426,Major Depressive Disorder,Depression
NCT06341426,Depression,Depression
NCT06341426,Treatment-Resistant Depression,Depression
NCT04721678,Major Depressive Disorder,Depression
NCT01655485,Anxiety,Anxiety
NCT05259943,Major Depressive Disorder,Depression
NCT04518943,Depression,Depression
NCT04199143,Treatment Resistant Depression,Depression
NCT04037215,Anorexia Nervosa,Eating disorders
NCT06894615,Binge Eating,Eating disorders
NCT06894615,Binge-Eating Disorder,Eating disorders
NCT01730625,Anxiety Disorder,Anxiety
NCT02396576,Depression,Depression
NCT02396576,Anxiety,Anxiety
NCT03449576,PTSD,PTSD
NCT02433717,Schizophrenia,Schizophrenia & psychosis
NCT02433717,Schizoaffective Disorder,Schizophrenia & psychosis
NCT03943537,Psychosis,Schizophrenia & psychosis
NCT03943537,Schizophrenia,Schizophrenia & psychosis
NCT03943537,Schizo Affective Disorder,Schizophrenia & psychosis
NCT03943537,Bipolar I Disorder,Bipolar disorder
NCT05766072,Anxiety Disorders,Anxiety
NCT05766072,Depression,Depression
NCT04965272,Generalized Anxiety Disorder,Anxiety
NCT04540172,Anxiety,Anxiety
NCT07306039,Bipolar Disorder (BD),Bipolar disorder
NCT03868839,Schizophrenia,Schizophrenia & psychosis
NCT03868839,Schizo Affective Disorder,Schizophrenia & psychosis
NCT03868839,Treatment-resistant Schizophrenia,Schizophrenia & psychosis
NCT04072575,Schizophrenia,Schizophrenia & psychosis
NCT03396601,Bipolar Depression,Depression
NCT01431001,Major Depressive Disorder,Depression
NCT01182012,Schizophrenia,Schizophrenia & psychosis
NCT01182012,Bipolar Disorder,Bipolar disorder
NCT01182012,Schizoaffective Disorder,Schizophrenia & psychosis
NCT03286881,Anxiety Disorders,Anxiety
NCT03286881,Depression,Depression
NCT02037581,Schizophrenia,Schizophrenia & psychosis
NCT02037581,Bipolar Disorder,Bipolar disorder
NCT06640712,Substance Use Disorder (SUD),Substance use
NCT05202119,Major Depressive Disorder,Depression
NCT06239428,Other Specified Feeding or Eating Disorder,Eating disorders
NCT06239428,Eating Disorder Nos,Eating disorders
NCT05264792,Depression,Depression
NCT05264792,Depressive Disorder,Depression
NCT07009444,Social Anxiety,Anxiety
NCT07009444,Social Phobia,Anxiety
NCT01725334,Schizophrenia; Negative Type,Schizophrenia & psychosis
NCT02960464,Depression,Depression
NCT06620445,Clinical Depression,Depression
NCT06620445,Clinical Anxiety,Anxiety
NCT03751995,Depression,Depression
NCT03751995,Anxiety,Anxiety
NCT07207239,Depression - Major Depressive Disorder,Depression
NCT02601677,Obsessive Compulsive Disorder,OCD
NCT06973577,Anxiety,Anxiety
NCT06973577,Generalized Anxiety,Anxiety
NCT06973577,Social Anxiety Disorder,Anxiety
NCT04102475,Anorexia Nervosa,Eating disorders
NCT02221895,Postpartum Depression,Depression
NCT07037667,Premenstrual Anxiety,Anxiety
NCT02082392,Major Depressive Disorder,Depression
NCT05031611,Eating Disorder Symptom,Eating disorders
NCT06171711,Eating Disorders,Eating disorders
NCT06171711,Anorexia Nervosa,Eating disorders
NCT01085812,Depression,Depression
NCT01085812,Major Depressive Disorder,Depression
NCT02005367,Substance Use Disorders,Substance use
NCT02005367,Depression,Depression
NCT02005367,Bipolar Disorder,Bipolar disorder
NCT02005367,Psychosis,Schizophrenia & psychosis
NCT03500536,Depression,Depression
NCT03500536,Anxiety,Anxiety
NCT06577636,PTSD,PTSD
NCT06577636,Post-traumatic Stress Disorder,PTSD
NCT04301271,"Depressive Disorder, Major",Depression
NCT02160444,Anxiety Disorders,Anxiety
NCT02566057,Schizophrenia,Schizophrenia & psychosis
NCT02566057,Schizoaffective Disorder,Schizophrenia & psychosis
NCT02566057,Schizophreniform Disorder,Schizophrenia & psychosis
NCT02566057,Psychotic Disorders,Schizophrenia & psychosis
NCT02566057,Bipolar Disorder,Bipolar disorder
NCT06423781,Major Depressive Disorder,Depression
NCT06068465,Parkinson's Disease Psychosis,Schizophrenia & psychosis
NCT03116165,Post Traumatic Stress Disorder,PTSD
NCT03038867,Depression,Depression
NCT02876900,Schizophrenia,Schizophrenia & psychosis
NCT05363371,Opioid Use Disorder,Substance use
NCT05363371,Substance Use Disorders,Substance use
NCT04650334,Perinatal Depression,Depression
NCT03075371,Anorexia Nervosa,Eating disorders
NCT02132039,Depression,Depression
NCT01483339,Obsessive-Compulsive Disorder,OCD
NCT02988375,Depression,Depression
NCT03780881,Major Depressive Disorder,Depression
NCT01452919,Schizophrenia,Schizophrenia & psychosis
NCT06320028,"Depressive Disorder, Major",Depression
NCT06320028,Depression,Depression
NCT02868307,Schizophrenia,Schizophrenia & psychosis
NCT06241534,Depressive Symptoms,Depression
NCT06241534,Anxiety,Anxiety
NCT01687764,Generalized Anxiety Disorder,Anxiety
NCT01687764,Separation Anxiety Disorder,Anxiety
NCT01687764,Social Anxiety Disorder,Anxiety
NCT02260830,Schizophrenia,Schizophrenia & psychosis
NCT07172607,Anxiety Depression Disorder,Depression
NCT04783571,Schizophrenia,Schizophrenia & psychosis
NCT02325128,Social Anxiety Disorder,Anxiety
NCT06297200,Opioid Use Disorder,Substance use
NCT06297200,Anxiety Disorder,Anxiety
NCT04404192,Adjustment Disorder With Anxious Mood,Anxiety
NCT06092411,"Depression, Unipolar",Depression
NCT03223844,Schizophrenia,Schizophrenia & psychosis
NCT03223844,Psychosis,Schizophrenia & psychosis
NCT03165565,Substance Use Disorders,Substance use
NCT03655067,Depressive Symptoms,Depression
NCT01077700,Cognitive Deficits in Schizophrenia,Schizophrenia & psychosis
NCT02970292,Schizophrenia,Schizophrenia & psychosis
NCT02124811,Schizophrenia,Schizophrenia & psychosis
NCT02124811,Schizoaffective Disorder,Schizophrenia & psychosis
NCT04347811,Anxiety,Anxiety
NCT04347811,Depression,Depression
NCT06109571,Substance Use Disorders,Substance use
NCT07093671,Psychosis,Schizophrenia & psychosis
NCT03172871,Schizophrenia,Schizophrenia & psychosis
NCT06749444,Treatment-refractory Schizophrenia,Schizophrenia & psychosis
NCT06749444,Treatment-resistant Schizophrenia,Schizophrenia & psychosis
NCT01181934,Schizophrenia,Schizophrenia & psychosis
NCT07607834,Anxiety Symptoms,Anxiety
NCT07607834,Depressive Symptoms,Depression
NCT04861844,"Depression, Anxiety",Depression
NCT03152864,Depressive Symptoms,Depression
NCT03152864,Anxiety Symptoms,Anxiety
NCT05344092,Depression,Depression
NCT05344092,Post-Traumatic Stress Disorder,PTSD
NCT05344092,Anxiety,Anxiety
NCT05344092,Substance Use Disorder,Substance use
NCT05660434,Substance Use Disorders,Substance use
NCT02501109,Schizophrenia,Schizophrenia & psychosis
NCT03519009,Substance Use Disorders,Substance use
NCT06740760,Depression Anxiety Disorder,Depression
NCT06740760,Depression - Major Depressive Disorder,Depression
NCT06740760,Anxiety,Anxiety
NCT02565524,Schizophrenia,Schizophrenia & psychosis
NCT01670123,Bipolar Disorder,Bipolar disorder
NCT04430959,Bipolar Disorder Depression,Depression
NCT05841680,Anxiety Disorders,Anxiety
NCT03179696,Schizophrenia,Schizophrenia & psychosis
NCT03179696,Schizoaffective Disorder,Schizophrenia & psychosis
NCT07079761,Post Traumatic Stress Disorder,PTSD
NCT07336342,Depression,Depression
NCT06337773,Depression,Depression
NCT01944969,Major Depressive Disorder,Depression
NCT06224894,Anxiety,Anxiety
NCT07053345,"Depressive Disorder, Treatment-Resistant",Depression
NCT04968275,Psychotic Disorder,Schizophrenia & psychosis
NCT05040581,Postpartum Depression,Depression
NCT06039228,Depressive Symptoms,Depression
NCT06039228,Anxiety,Anxiety
NCT02059200,Recurrent Depression,Depression
NCT03816007,Post-Traumatic Stress Disorder,PTSD
NCT04101474,Treatment Resistant Depression,Depression
NCT03403179,Bipolar Disorder,Bipolar disorder
NCT05601362,Depression,Depression
NCT04704362,Depression,Depression
NCT02702596,Depression,Depression
NCT04770662,Anorexia Nervosa,Eating disorders
NCT04843462,Major Depressive Disorder,Depression
NCT04843462,Therapy Resistant Depression,Depression
NCT06443242,Major Depressive Disorder,Depression
NCT04635618,Depression,Depression
NCT04635618,Anxiety,Anxiety
NCT05837910,Anxiety,Anxiety
NCT05424679,Depressive Symptoms,Depression
NCT05424679,Anxiety,Anxiety
NCT06348862,Anxiety,Anxiety
NCT02437188,Substance Use Disorder,Substance use
NCT06628388,Anxiety,Anxiety
NCT06628388,Depression - Major Depressive Disorder,Depression
NCT06694818,Insomnia Due to Anxiety and Fear,Anxiety
NCT06456190,Posttraumatic Stress Disorder,PTSD
NCT06456190,Opioid Use,Substance use
NCT06456190,Opioid Misuse,Substance use
NCT04557891,Generalized Anxiety Disorder,Anxiety
NCT05429788,Social Anxiety Disorder,Anxiety
NCT07148609,Schizophrenia Patients,Schizophrenia & psychosis
NCT01464463,Depression,Depression
NCT02571387,Binge-Eating Disorder,Eating disorders
NCT04098614,Substance Use Disorders,Substance use
NCT06025838,Major Depressive Disorder,Depression
NCT05988138,Anhedonia,Depression
NCT05988138,Depression,Depression
NCT06746818,Posttraumatic Stress Disorder (PTSD),PTSD
NCT03625297,Anxiety,Anxiety
NCT04364997,Major Depressive Disorder,Depression
NCT02507297,Major Depressive Disorder,Depression
NCT05372913,Depression,Depression
NCT05372913,Anxiety,Anxiety
NCT01995123,Tobacco Dependence,Substance use
NCT01995123,PTSD,PTSD
NCT04634903,Depression,Depression
NCT02398227,PTSD,PTSD
NCT07026461,Depression - Major Depressive Disorder,Depression
NCT07026461,Depression Bipolar,Depression
NCT04585061,Anxiety,Anxiety
NCT05880719,Psychotic Episode,Schizophrenia & psychosis
NCT03739632,Major Depressive Disorder,Depression
NCT05639621,Anxiety State,Anxiety
NCT07258420,Anxiety,Anxiety
NCT07729020,Anxiety,Anxiety
NCT04446624,"Depression, Anxiety",Depression
NCT05614024,Bulimia Nervosa,Eating disorders
NCT05981690,OCD,OCD
NCT05811897,Post Traumatic Stress Disorder,PTSD
NCT05811897,Major Depressive Disorder,Depression
NCT02886780,Obsessive Compulsive Disorder (OCD),OCD
NCT03473080,Obsessive-Compulsive Disorder,OCD
NCT06679062,Alcohol Use Disorder (AUD),Substance use
NCT06679062,Post Traumatic Stress Disorder (PTSD),PTSD
NCT05169346,MDD,Depression
NCT06281288,Depression,Depression
NCT06350513,Anxiety,Anxiety
NCT02678624,Generalized Anxiety,Anxiety
NCT02678624,Social Phobia,Anxiety
NCT02678624,Panic Disorder,Anxiety
NCT04469959,Late Life Depression,Depression
NCT04469959,"Depressive Disorder, Treatment-Resistant",Depression
NCT01921179,Post Traumatic Stress Disorder,PTSD
NCT07040462,Post-Traumatic Stress Disorder Complex,PTSD
NCT06361069,Anxiety,Anxiety
NCT01795183,Schizophrenia,Schizophrenia & psychosis
NCT06090422,Depression,Depression
NCT06090422,Alcohol Use Disorder,Substance use
NCT06857422,Anxiety,Anxiety
NCT06857422,Depression,Depression
NCT05527951,Major Depressive Disorder,Depression
NCT04513873,Pain and Anxiety of Children During Phlebotomy,Anxiety
NCT02163369,"Nausea, Vomiting and Anxiety Associated With Medical Oncology Patients",Anxiety
NCT01702883,Depression,Depression
NCT04220645,Substance Use Disorders,Substance use
NCT05776901,Depression,Depression
NCT05776901,Anxiety,Anxiety
NCT03711019,Depression,Depression
NCT03711019,Bipolar Depression,Depression
NCT03711019,Unipolar Depression,Depression
NCT03711019,Treatment Resistant Depression,Depression
NCT04639765,Depressive Symptoms,Depression
NCT05637320,Anxiety Disorders,Anxiety
NCT05637320,Depressive Disorder,Depression
NCT07794696,Anxiety,Anxiety
NCT02319746,First-episode Psychosis,Schizophrenia & psychosis
NCT02880462,Schizophrenia,Schizophrenia & psychosis
NCT06361342,Anxiety,Anxiety
NCT05340686,Bipolar Disorder,Bipolar disorder
NCT05340686,Bipolar Depression,Depression
NCT05340686,Bipolar I Disorder,Bipolar disorder
NCT05340686,Bipolar II Disorder,Bipolar disorder
NCT05340686,Bipolar Affective Disorder; Remission in,Bipolar disorder
NCT05340686,"Bipolar Affective Disorder, Currently Depressed, Moderate",Depression
NCT05702086,Depressive Symptoms,Depression
NCT06621394,"Depressive Disorder, Major",Depression
NCT02026622,Major Depressive Disorder,Depression
NCT06791122,Schizophrenia,Schizophrenia & psychosis
NCT04985422,Depressive Symptoms,Depression
NCT02926859,Schizophrenia,Schizophrenia & psychosis
NCT05874362,Post Traumatic Stress Disorder,PTSD
NCT06538246,Depression,Depression
NCT06538246,Anxiety,Anxiety
NCT06538246,Post-traumatic Stress Disorder,PTSD
NCT02535403,Anxiety Disorders,Anxiety
NCT05374161,Depression,Depression
NCT06728241,Psychosis,Schizophrenia & psychosis
NCT05747131,Anxiety Disorders,Anxiety
NCT05724953,Schizophrenia,Schizophrenia & psychosis
NCT05724953,Bipolar Disorder,Bipolar disorder
NCT05724953,Post Traumatic Stress Disorder,PTSD
NCT05724953,Major Depressive Disorder,Depression
NCT02133001,Major Depressive Disorder,Depression
NCT01993901,"Lung Cancer, Anxiety Post SBRT",Anxiety
NCT07052812,Obsessive-Compulsive Disorder (OCD),OCD
NCT05518019,Anxiety,Anxiety
NCT06191965,Schizophrenia and Related Disorders,Schizophrenia & psychosis
NCT02360566,Psychotic Disorders,Schizophrenia & psychosis
NCT02360566,Schizophrenia,Schizophrenia & psychosis
NCT02359266,Depression,Depression
NCT03685422,Anxiety,Anxiety
NCT06163651,Alcohol Use Disorder,Substance use
NCT06163651,Substance Use Disorders,Substance use
NCT06163651,"Alcohol Use Complicating Pregnancy, Unspecified Trimester",Substance use
NCT06163651,Drug Use Disorders,Substance use
NCT01898429,Treatment Resistant Depression,Depression
NCT01898429,"Depressive Disorder, Treatment-Resistant",Depression
NCT01898429,"Depression, Bipolar",Depression
NCT06970431,Anxiety,Anxiety
NCT01248195,Schizophrenia,Schizophrenia & psychosis
NCT01248195,Schizophreniform Disorder,Schizophrenia & psychosis
NCT01248195,Schizoaffective Disorder,Schizophrenia & psychosis
NCT05218681,Substance Use Disorders,Substance use
NCT02223767,Phobia,Anxiety
NCT07055061,Anxiety,Anxiety
NCT07055061,Depression in Adults,Depression
NCT02874573,Schizophrenia,Schizophrenia & psychosis
NCT02874573,Psychotic Disorders,Schizophrenia & psychosis
NCT05025605,Schizophrenia,Schizophrenia & psychosis
NCT05025605,Schizo-Affective Disorder,Schizophrenia & psychosis
NCT05025605,Schizophreniform; Schizophrenic,Schizophrenia & psychosis
NCT05025605,Bipolar Disorder I,Bipolar disorder
NCT05025605,Bipolar Disorder II,Bipolar disorder
NCT05698394,Prenatal Depression,Depression
NCT05698394,Postpartum Depression,Depression
NCT02309372,Depression,Depression
NCT03105245,Depression,Depression
NCT07436481,Psychotic Disorder,Schizophrenia & psychosis
NCT03505905,Major Depressive Disorder,Depression
NCT02306356,Specific Phobia,Anxiety
NCT02306356,Separation Anxiety,Anxiety
NCT02306356,Generalized Anxiety Disorder,Anxiety
NCT04746651,Anxiety,Anxiety
NCT04746651,Depression,Depression
NCT05591937,Depression,Depression
NCT05591937,Anxiety,Anxiety
NCT06309277,Major Depressive Disorder,Depression
NCT01817712,Posttraumatic Stress Disorder (PTSD),PTSD
NCT04961112,Anxiety,Anxiety
NCT05808530,Anxiety,Anxiety
NCT05006365,Major Depressive Disorder,Depression
NCT06132022,Anxiety,Anxiety
NCT06361953,Generalized Anxiety Disorder,Anxiety
NCT06128772,Substance Use Disorders,Substance use
NCT04049201,Anxiety,Anxiety
NCT04822454,Medical Students Well-being and Anxiety,Anxiety
NCT01694719,Depression,Depression
NCT07188467,Depression and/or Anxiety in the Mild-to-moderate Range,Depression
NCT05168267,PTSD,PTSD
NCT02421237,Schizophrenia,Schizophrenia & psychosis
NCT04890977,Depression,Depression
NCT04890977,Anxiety Disorders,Anxiety
NCT02676375,Schizophrenia,Schizophrenia & psychosis
NCT06168981,Anxiety,Anxiety
NCT01764867,Major Depressive Disorder,Depression
NCT07681492,Major Depressive Episode (MDE),Depression
NCT07681492,Depression,Depression
NCT04432311,Binge Eating Disorder,Eating disorders
NCT03013244,Eating Disorder,Eating disorders
NCT01127932,Substance-Related Disorders,Substance use
NCT01990053,Major Depressive Disorder,Depression
NCT01466439,Depression,Depression
NCT01466439,Schizophrenia,Schizophrenia & psychosis
NCT03510039,Anxiety,Anxiety
NCT05074901,Depression,Depression
NCT05074901,Anxiety,Anxiety
NCT01557712,Major Depressive Disorder,Depression
NCT02046330,Major Depressive Disorder,Depression
NCT02046330,Treatment Resistant Depression,Depression
NCT04785807,Post Traumatic Stress Disorder,PTSD
NCT04785807,Anxiety,Anxiety
NCT07362511,Major Depressive Diorder,Depression
NCT07060144,Posttraumatic Stress Disorder (PTSD),PTSD
NCT03152175,Post-traumatic Stress Disorders,PTSD
NCT03152175,Acute Stress Disorder,PTSD
NCT05400200,"Stress Disorders, Post-Traumatic",PTSD
NCT05376371,Substance Use Disorders,Substance use
NCT01277809,Depression,Depression
NCT06454799,EXAM ANXIETY,Anxiety
NCT05772702,Depression,Depression
NCT05772702,Major Depressive Disorder,Depression
NCT07178977,Eating Disorders,Eating disorders
NCT07178977,Anorexia Nervosa,Eating disorders
NCT06675877,Anxiety,Anxiety
NCT03975075,Anxiety,Anxiety
NCT06956157,Obsessive Compulsive Disorder (OCD),OCD
NCT05130281,Anxiety Disorders and Symptoms,Anxiety
NCT04528628,Major Depressive Disorder,Depression
NCT03523767,Major Depressive Disorder,Depression
NCT05433636,Anxiety State,Anxiety
NCT05433636,Depressive State,Depression
NCT05355311,Alcohol Use Disorder,Substance use
NCT03498651,Anxiety,Anxiety
NCT05927129,Depressive Disorder,Depression
NCT05033002,Depressive Symptoms,Depression
NCT03190772,Major Depressive Episode,Depression
NCT04792775,"Stress Disorders, Post-Traumatic",PTSD
NCT04792775,Anxiety Disorders,Anxiety
NCT02784301,Anxiety,Anxiety
NCT06239181,Anxiety,Anxiety
NCT05410119,Depression,Depression
NCT06650800,Depressive Disorder,Depression
NCT06650800,"Depressive Disorder, Treatment-Resistant",Depression
NCT04520100,Claustrophobia,Anxiety
NCT04520100,Anxiety,Anxiety
NCT05655507,Major Depressive Disorder,Depression
NCT06306092,Depression,Depression
NCT06306092,Anxiety,Anxiety
NCT06931236,Generalized Anxiety Disorder (GAD),Anxiety
NCT05999071,Anxiety Depression,Depression
NCT02347644,Substance Use Disorders,Substance use
NCT06621745,Depression,Depression
NCT06621745,Anxiety,Anxiety
NCT04914572,Anxiety,Anxiety
NCT05152095,Insomnia Due to Anxiety and Fear,Anxiety
NCT02350257,Anxiety Disorders,Anxiety
NCT04552301,PTSD,PTSD
NCT02721901,Feeding and Eating Disorders of Childhood,Eating disorders
NCT07194967,Anxiety,Anxiety
NCT03523507,Depressive Symptoms,Depression
NCT05325307,Anxiety,Anxiety
NCT07036471,Depression Disorders,Depression
NCT02383095,Schizophrenia,Schizophrenia & psychosis
NCT03918577,Obsessive-Compulsive Disorder,OCD
NCT03918577,Illness Anxiety Disorder,Anxiety
NCT06415877,Anxiety,Anxiety
NCT03671577,Social Anxiety,Anxiety
NCT04148612,"Depressive Disorder, Major",Depression
NCT01731119,Schizophrenia,Schizophrenia & psychosis
NCT01731119,Schizoaffective Disorder,Schizophrenia & psychosis
NCT01731119,Schizophreniform Disorder,Schizophrenia & psychosis
NCT01731119,Psychosis NOS,Schizophrenia & psychosis
NCT01731119,Bipolar I Disorder,Bipolar disorder
NCT01731119,Bipolar II Disorder,Bipolar disorder
NCT01731119,Severe Major Depression With Psychotic Features,Depression
NCT01731119,Single Episode Major Depression Without Psychotic Symptoms,Depression
NCT01731119,Severe Mood Disorder With Psychotic Features,Schizophrenia & psychosis
NCT06756165,Depression,Depression
NCT06756165,Anxiety Disorders,Anxiety
NCT04325867,"Depression, Anxiety",Depression
NCT07305571,Depression Disorder,Depression
NCT07305571,Puerperal Depression,Depression
NCT01055171,Alcohol Dependence,Substance use
NCT01055171,PTSD,PTSD
NCT03466554,Ptsd,PTSD
NCT03784222,First Episode Schizophrenia,Schizophrenia & psychosis
NCT02818751,Anxiety,Anxiety
NCT03895957,Social Phobia,Anxiety
NCT04924257,Treatment Resistant Depression,Depression
NCT04924257,Major Depressive Disorder,Depression
NCT06265701,Depression,Depression
NCT06265701,Depressive Symptoms,Depression
NCT06265701,Anxiety,Anxiety
NCT01531101,Depression,Depression
NCT03197519,Eating Disorder,Eating disorders
NCT06294119,Depression,Depression
NCT06222528,Depression,Depression
NCT02646865,Social Anxiety Disorder,Anxiety
NCT03568500,Schizophrenia,Schizophrenia & psychosis
NCT03568500,Schizoaffective Disorder,Schizophrenia & psychosis
NCT03568500,First Episode Psychosis,Schizophrenia & psychosis
NCT06642636,PTSD - Post Traumatic Stress Disorder,PTSD
NCT06631781,Depressive Symptoms,Depression
NCT02187692,Schizophrenia,Schizophrenia & psychosis
NCT05480592,Schizophrenia,Schizophrenia & psychosis
NCT04821271,Major Depressive Disorder,Depression
NCT04821271,Treatment-Resistant Depression,Depression
NCT04821271,Depression,Depression
NCT04518319,Schizophrenia,Schizophrenia & psychosis
NCT03429465,Depression,Depression
NCT03429465,Anxiety,Anxiety
NCT01773811,Posttraumatic Stress Disorder (PTSD),PTSD
NCT04306809,PTSD,PTSD
NCT05419999,Post Traumatic Stress Disorder,PTSD
NCT01726387,Anxiety Depression (Mild or Not Persistent),Depression
NCT01726387,"Major Depressive Disorder, Single Episode, Unspecified",Depression
NCT06329193,Anxiety,Anxiety
NCT04426214,Stimulant Use,Substance use
NCT04426214,Alcohol Use Disorder,Substance use
NCT06376877,Anxiety Disorders,Anxiety
NCT07111377,Depression,Depression
NCT07111377,Anxiety,Anxiety
NCT03247075,Social Anxiety Disorder,Anxiety
NCT06480201,Major Depressive Disorder,Depression
NCT06480201,Treatment Resistant Depression,Depression
NCT05425381,"Depression, Anxiety",Depression
NCT05194267,Major Depressive Disorder,Depression
NCT03060200,Moderate Depression,Depression
NCT03715400,Anhedonia,Depression
NCT03715400,Depression,Depression
NCT03715400,Anxiety,Anxiety
NCT01960036,Substance Use Disorder,Substance use
NCT02029365,Eating Disorders,Eating disorders
NCT06840171,Depression,Depression
NCT06840171,Anxiety,Anxiety
NCT03542864,Feeding and Eating Disorders,Eating disorders
NCT07260032,PTSD,PTSD
NCT03539263,"Depression, Anxiety",Depression
NCT01436175,Major Depressive Disorder,Depression
NCT04447807,Bipolar Disorder,Bipolar disorder
NCT04176107,Anxiety,Anxiety
NCT01353092,Treatment Resistant Depression,Depression
NCT03730064,Bipolar Disorder,Bipolar disorder
NCT03730064,Depression,Depression
NCT05007028,Late-Life Depression,Depression
NCT05007028,"Resistant Depression, Treatment",Depression
NCT02663167,Obsessive-Compulsive Disorder,OCD
NCT01916200,Depressive Disorder,Depression
NCT04924244,Anxiety,Anxiety
NCT05193409,Social Anxiety Disorder,Anxiety
NCT05995587,Depressive Symptoms,Depression
NCT02179814,Bulimia Nervosa,Eating disorders
NCT02179814,Eating Disorders,Eating disorders
NCT04157816,Depression,Depression
NCT02277704,PTSD,PTSD
NCT06809244,Eating Disorders,Eating disorders
NCT01432444,Schizophrenia,Schizophrenia & psychosis
NCT05978921,Schizophrenia,Schizophrenia & psychosis
NCT01147614,Anxiety,Anxiety
NCT01147614,Depression,Depression
NCT02721316,Reactive Depression,Depression
NCT05427201,Depression,Depression
NCT02372019,Social Anxiety Disorder,Anxiety
NCT06056609,"Depression, Postpartum",Depression
NCT06056609,Anxiety,Anxiety
NCT04161209,Depression,Depression
NCT04161209,Depressive Disorder,Depression
NCT04161209,Antidepressive Agents,Depression
NCT01268657,Posttraumatic Stress Disorder (PTSD),PTSD
NCT01268657,Specific Phobia,Anxiety
NCT01268657,Anxiety,Anxiety
NCT06361667,Anxiety Disorders,Anxiety
NCT06361667,Depressive Disorder,Depression
NCT06361667,Schizophrenia,Schizophrenia & psychosis
NCT03233100,Depressive Symptoms,Depression
NCT03233100,Anxiety Symptoms,Anxiety
NCT07030192,Substance Use Disorder (SUD),Substance use
NCT04169334,"Depression, Postpartum",Depression
NCT03642964,Major Depressive Disorder (MDD),Depression
NCT06299787,Major Depressive Disorder,Depression
NCT06299787,Alcohol Use Disorder,Substance use
NCT01942187,Major Depressive Disorder,Depression
NCT01942187,Dysthymic Disorder,Depression
NCT01942187,Depressive Disorder Not Otherwise Specified (NOS),Depression
NCT02261194,Depression,Depression
NCT03519451,Depression,Depression
NCT03519451,Tobacco Use Disorder,Substance use
NCT03159351,Post-stroke Depression,Depression
NCT05809401,Schizophrenia,Schizophrenia & psychosis
NCT03229720,"Anxiety, Dental",Anxiety
NCT05543720,Mental Health (Depression),Depression
NCT03213782,Anxiety,Anxiety
NCT04862624,"Depression, Anxiety",Depression
NCT03339596,Unipolar Depression,Depression
NCT03339596,Bipolar Depression,Depression
NCT06188962,Anxiety,Anxiety
NCT06188962,Depression,Depression
NCT06769503,Anxiety,Anxiety
NCT06476873,Addiction Chemical,Substance use
NCT06476873,"Use, Substance",Substance use
NCT02326883,Depression,Depression
NCT01403441,Bipolar Disorder,Bipolar disorder
NCT03423394,Posttraumatic Stress Disorder,PTSD
NCT01949649,Eating Disorder Prevention,Eating disorders
NCT03791749,Postnatal Depression,Depression
NCT02646449,Major Depressive Disorder,Depression
NCT02646449,Alcohol Use Disorder,Substance use
NCT03131258,Anxiety,Anxiety
NCT01698255,Depression,Depression
NCT01794455,Depression,Depression
NCT01696435,Depression,Depression
NCT01696435,Depressive Symptoms,Depression
NCT05777876,Treatment-Resistant Depression,Depression
NCT04058249,"Bipolar Disorder, Manic",Bipolar disorder
NCT04058249,Bipolar Disorder I,Bipolar disorder
NCT05175755,Perinatal Depression,Depression
NCT04432155,Panic Disorder,Anxiety
NCT02382055,Anorexia Nervosa,Eating disorders
NCT06875726,Depression - Major Depressive Disorder,Depression
NCT07009808,Anxiety,Anxiety
NCT07009808,Depression,Depression
NCT01729325,Post-traumatic Stress Disorder (PTSD),PTSD
NCT02610725,Bipolar Disorder,Bipolar disorder
NCT02610725,Depression,Depression
NCT02644577,Bipolar Disorder,Bipolar disorder
NCT03403881,Major Depressive Disorder,Depression
NCT02414711,Depression,Depression
NCT06848244,Binge-Eating Disorder,Eating disorders
NCT06848244,Binge Eating,Eating disorders
NCT04997434,Anxiety Acute,Anxiety
NCT04524598,Depression,Depression
NCT03187093,Major Depressive Disorder,Depression
NCT03211221,Obsessive-Compulsive Disorder,OCD
NCT05719116,Psychosis,Schizophrenia & psychosis
NCT02709668,Depression,Depression
NCT04620668,Depression,Depression
NCT04620668,Anxiety,Anxiety
NCT02194933,Schizophrenia With Impulsivity,Schizophrenia & psychosis
NCT05227352,Anxiety,Anxiety
NCT07295652,Schizophrenia,Schizophrenia & psychosis
NCT07295652,Bipolar Disorder (BD),Bipolar disorder
NCT07295652,Depressive Disorder,Depression
NCT05240352,Anhedonia,Depression
NCT05583747,Major Depressive Disorder,Depression
NCT06301347,Psychosis,Schizophrenia & psychosis
NCT05585749,Anxiety,Anxiety
NCT01937936,Depression,Depression
NCT03624621,Major Depressive Disorder,Depression
NCT04350814,Depression,Depression
NCT01426516,Major Depressive Disorder,Depression
NCT02773706,Anxiety,Anxiety
NCT02773706,Depression,Depression
NCT03279471,Anxiety,Anxiety
NCT06367764,PTSD,PTSD
NCT03737032,Depression,Depression
NCT03001063,Depression,Depression
NCT02132793,"Stress Disorders, Post-Traumatic",PTSD
NCT01939093,Methamphetamine-induced Psychosis,Schizophrenia & psychosis
NCT01153347,Major Depressive Disorder,Depression
NCT01153347,Depression,Depression
NCT02917447,PTSD,PTSD
NCT03185247,Anxiety,Anxiety
NCT03185247,Depression,Depression
NCT02926352,Phobias,Anxiety
NCT02926352,Claustrophobia,Anxiety
NCT02926352,Social Phobia,Anxiety
NCT06485349,Anxiety Disorders,Anxiety
NCT06261463,Depression,Depression
NCT06261463,Anxiety,Anxiety
NCT06261463,PTSD,PTSD
NCT05573906,Anxiety Disorders,Anxiety
NCT02413307,PTSD,PTSD
NCT02046564,Major Depressive Disorder,Depression
NCT01256099,Depression,Depression
NCT04433663,Eating Disorders,Eating disorders
NCT05208021,Schizophrenia,Schizophrenia & psychosis
NCT05337904,Treatment-resistant Schizophrenia,Schizophrenia & psychosis
NCT05857852,Cocaine Use Disorder,Substance use
NCT05857852,Cocaine Dependence,Substance use
NCT05857852,Cocaine Abuse,Substance use
NCT04919967,Anxiety Disorders,Anxiety
NCT02545192,Post Traumatic Stress Disorder,PTSD
NCT05285111,Eating Disorder Symptom,Eating disorders
NCT00855816,"Stress Disorders, Post-Traumatic",PTSD
NCT04909216,Post Traumatic Stress Disorder,PTSD
NCT07123467,Generalized Anxiety Disorder (GAD),Anxiety
NCT07123467,Anxiety Disorders,Anxiety
NCT04590300,Schizophrenia,Schizophrenia & psychosis
NCT04590300,Bipolar Disorder,Bipolar disorder
NCT04446234,Schizophrenia,Schizophrenia & psychosis
NCT05585164,Postpartum Depression,Depression
NCT07655232,Depression,Depression
NCT04045132,Postpartum Depression,Depression
NCT06953687,Post Traumatic Stress Disorder PTSD,PTSD
NCT04990414,Schizophrenia,Schizophrenia & psychosis
NCT01211106,PTSD,PTSD
NCT01211106,Substance Addiction,Substance use
NCT05319509,Anxiety,Anxiety
NCT06399406,Depression,Depression
NCT06399406,Treatment Resistant Depression,Depression
NCT06399406,Major Depressive Disorder,Depression
NCT06399406,Depressive Disorder,Depression
NCT03571464,Obsessive Thoughts,OCD
NCT04957498,Anorexia Nervosa,Eating disorders
NCT03972293,Depression,Depression
NCT04619121,Major Depressive Disorder,Depression
NCT04281134,Obsessive-Compulsive Disorder,OCD
NCT03874793,Post Traumatic Stress Disorder,PTSD
NCT04654884,Anxiety Disorders,Anxiety
NCT04654884,Post Traumatic Stress Syndrome,PTSD
NCT05821634,Anxiety Disorders and Symptoms,Anxiety
NCT05821634,PTSD and Trauma-related Symptoms,PTSD
NCT05821634,"Alcohol; Use, Problem; Alcohol Use Disorder",Substance use
NCT02671487,Posttraumatic Stress Disorder,PTSD
NCT06649214,Schizophrenia,Schizophrenia & psychosis
NCT01119014,Psychosis,Schizophrenia & psychosis
NCT05595421,Obsessive-Compulsive Disorder,OCD
NCT06397352,Anxiety,Anxiety
NCT06315816,Anxiety and Fear,Anxiety
NCT02989987,Posttraumatic Stress Disorder,PTSD
NCT04479852,Major Depressive Disorder,Depression
NCT05397249,Anxiety,Anxiety
NCT05397249,Depression,Depression
NCT07298278,Bipolar Disorder (BD),Bipolar disorder
NCT03571685,Schizophrenia,Schizophrenia & psychosis
NCT03571685,Schizoaffective Disorder,Schizophrenia & psychosis
NCT02004743,Post Traumatic Stress Disorder,PTSD
NCT06270121,Depression in Old Age,Depression
NCT03916614,PTSD,PTSD
NCT03245814,Post Traumatic Stress Disorder,PTSD
NCT06812247,Depression,Depression
NCT06812247,Anxiety,Anxiety
NCT01082848,Anorexia Nervosa,Eating disorders
NCT03165578,Nicotine Dependence,Substance use
NCT03165578,Depression,Depression
NCT03165578,PTSD,PTSD
NCT01569685,Post Traumatic Stress Disorder,PTSD
NCT01569685,Depression,Depression
NCT02822443,Unipolar Depression,Depression
NCT02822443,Anxiety Disorder,Anxiety
NCT05224063,Major Depressive Disorder,Depression
NCT05959187,Depressive Disorder,Depression
NCT07319806,Fear Anxiety,Anxiety
NCT01413984,Substance Abuse,Substance use
NCT01413984,Post Traumatic Stress Disorder,PTSD
NCT02686333,Depression,Depression
NCT02686333,Anxiety,Anxiety
NCT05762133,Maternal Perinatal Depression,Depression
NCT05850533,Opioid Use Disorder,Substance use
NCT05850533,Anxiety,Anxiety
NCT02021149,Major Depressive Disorder,Depression
NCT05463549,Anxiety in Pregnancy,Anxiety
NCT02707887,Substance-Related Disorders,Substance use
NCT02707887,Depressive Disorder,Depression
NCT03227133,Unipolar Depression,Depression
NCT04889833,Anxiety,Anxiety
NCT04889833,Opioid Use,Substance use
NCT05899348,Schizophrenia,Schizophrenia & psychosis
NCT05899348,Schizo Affective Disorder,Schizophrenia & psychosis
NCT05899348,Psychotic Disorders,Schizophrenia & psychosis
NCT03885414,Social Anxiety,Anxiety
NCT03885414,"Social Anxiety Disorder, Performance Only",Anxiety
NCT01902004,Depression,Depression
NCT03353649,Binge Eating,Eating disorders
NCT03128749,Obsessive-Compulsive Disorder,OCD
NCT03957538,Anxiety,Anxiety
NCT06776887,"Postural Stability, Depressive Symptoms and Anxiety in Patients with Lower Extremity Burn",Depression
NCT04432116,Schizophrenia,Schizophrenia & psychosis
NCT04432116,Bipolar Disorder,Bipolar disorder
NCT03087006,Depression,Depression
NCT03087006,Anxiety,Anxiety
NCT05382884,Postpartum Depression,Depression
NCT05382884,Postpartum Anxiety,Anxiety
NCT05382884,Postnatal Depression,Depression
NCT05382884,Perinatal Depression,Depression
NCT02302248,Depression,Depression
NCT04096378,Depression,Depression
NCT04096378,Anxiety,Anxiety
NCT04680585,"Depression, Postpartum",Depression
NCT04675593,Bipolar Disorder,Bipolar disorder
NCT04675593,Major Depressive Disorder,Depression
NCT07055906,Depressive Symptoms,Depression
NCT07055906,Anxiety Symptoms,Anxiety
NCT07525284,PTSD - Post Traumatic Stress Disorder,PTSD
NCT01172652,Bipolar Disorder,Bipolar disorder
NCT01172652,Panic Disorder,Anxiety
NCT01172652,Generalized Anxiety Disorder,Anxiety
NCT02633449,Major Depression,Depression
NCT03622749,Bipolar Disorder,Bipolar disorder
NCT05310838,First Episode Psychosis,Schizophrenia & psychosis
NCT03623711,Major Depressive Disorder,Depression
NCT03623711,"Depression, Unipolar",Depression
NCT06571071,Anxiety,Anxiety
NCT05923944,Anxiety,Anxiety
NCT05923944,Anxiety Disorders and Symptoms,Anxiety
NCT02869334,Schizophrenia,Schizophrenia & psychosis
NCT02869334,Schizoaffective Disorder,Schizophrenia & psychosis
NCT04889664,PTSD,PTSD
NCT04629599,Major Depressive Disorder,Depression
NCT01928732,Post-Traumatic Stress Disorder,PTSD
NCT03239132,Depression,Depression
NCT06080932,Depression,Depression
NCT04385498,PTSD,PTSD
NCT02059863,"Depression, Postpartum",Depression
NCT05609409,Eating Disorders,Eating disorders
NCT04260399,Anxiety,Anxiety
NCT04260399,Anxiety State,Anxiety
NCT05877287,DEPRESSION,Depression
NCT05877287,ANXIETY,Anxiety
NCT01581983,Posttraumatic Stress Disorder,PTSD
NCT01581983,Depression,Depression
NCT07737366,Anxiety,Anxiety
NCT07737366,Depression,Depression
NCT04519931,Anxiety,Anxiety
NCT07379853,ANXIETY DISORDERS (or Anxiety and Phobic Neuroses),Anxiety
NCT03113175,Panic Disorder,Anxiety
NCT03113175,Generalized Anxiety Disorder,Anxiety
NCT03113175,Social Phobia,Anxiety
NCT03113175,Obsessive-Compulsive Disorder,OCD
NCT03113175,Post Traumatic Stress Disorder,PTSD
NCT03113175,Agoraphobia,Anxiety
NCT01100775,Schizophrenia,Schizophrenia & psychosis
NCT03957330,Anxiety,Anxiety
NCT03957330,Depression,Depression
NCT03863366,Depression,Depression
NCT03863366,Depressive Disorder,Depression
NCT03863366,Antidepressive Agents,Depression
NCT04290845,Depression,Depression
NCT06642675,Schizophrenia,Schizophrenia & psychosis
NCT05358457,Psychosis,Schizophrenia & psychosis
NCT02795637,Binge-Eating Disorder Disorder,Eating disorders
NCT02717195,Schizophrenia,Schizophrenia & psychosis
NCT02562677,Major Depressive Disorder,Depression
NCT05400512,Depression,Depression
NCT04330612,Anxiety,Anxiety
NCT04447430,Major Depressive Disorder,Depression
NCT01315028,Mania,Bipolar disorder
NCT01315028,Bipolar Affective Disorder,Bipolar disorder
NCT01752465,Psychotic Disorders,Schizophrenia & psychosis
NCT02077829,Bipolar Disorder,Bipolar disorder
NCT02077829,Schizophrenia,Schizophrenia & psychosis
NCT02077829,"Affective Disorders, Psychotic",Schizophrenia & psychosis
NCT03291730,Anxiety,Anxiety
NCT06741228,Generalized Anxiety Disorder,Anxiety
NCT01193153,Schizoaffective Disorder,Schizophrenia & psychosis
NCT03740139,Schizophrenia and Related Disorders,Schizophrenia & psychosis
NCT03740139,Bipolar Disorder,Bipolar disorder
NCT03740139,Depressive Disorder,Depression
NCT02066077,Major Depressive Disorder,Depression
NCT06351436,Anxiety,Anxiety
NCT06387771,Schizophrenia,Schizophrenia & psychosis
NCT03740009,Depression,Depression
NCT02516332,Anxiety,Anxiety
NCT04302636,Refractory Schizophrenia,Schizophrenia & psychosis
NCT07093736,Anxiety,Anxiety
NCT02894736,Major Depression,Depression
NCT03094871,Depression,Depression
NCT06447909,Anxiety,Anxiety
NCT06447909,Depression,Depression
NCT02503098,Eating Disorders,Eating disorders
NCT02503098,Binge Eating Disorder,Eating disorders
NCT02503098,Bulimia Nervosa,Eating disorders
NCT04311463,Anxiety Disorders,Anxiety
NCT06044636,Depression,Depression
NCT06464211,Anxiety,Anxiety
NCT06376734,Major Depressive Disorder,Depression
NCT06376734,Obsessive-Compulsive Disorder,OCD
NCT06376734,Schizophrenia,Schizophrenia & psychosis
NCT06376734,Generalized Anxiety Disorder,Anxiety
NCT06376734,"Depression, Anxiety",Depression
NCT03502564,PostTraumatic Stress Disorder,PTSD
NCT03502564,Eating Disorder,Eating disorders
NCT05003336,Anxiety,Anxiety
NCT06511544,"Depression, Treatment Resistant",Depression
NCT03180632,Anxiety,Anxiety
NCT04793698,Posttraumatic Stress Disorder,PTSD
NCT06964711,Major Depressive Disorder,Depression
NCT02526927,Anorexia Nervosa,Eating disorders
NCT02461927,Major Depressive Disorder,Depression
NCT02461927,Alcohol Use Disorder,Substance use
NCT07689461,Anxiety,Anxiety
NCT04294173,Anxiety,Anxiety
NCT01847469,Alcohol Dependence,Substance use
NCT01847469,Post-Traumatic Stress Disorder (PTSD),PTSD
NCT06894641,Major Depression,Depression
NCT01488266,Major Depressive Disorder,Depression
NCT06019429,Anxiety Disorders and Symptoms,Anxiety
NCT03935061,General Anxiety Disorders,Anxiety
NCT03592186,Substance Use,Substance use
NCT07083869,Posttraumatic Stress Disorder (PTSD),PTSD
NCT01107041,Depression,Depression
NCT01080794,Depression,Depression
NCT04911829,Depression,Depression
NCT04857983,Schizophrenia,Schizophrenia & psychosis
NCT04857983,Schizoaffective Disorder,Schizophrenia & psychosis
NCT02443194,Depression,Depression
NCT02131129,Schizophrenia,Schizophrenia & psychosis
NCT02131129,Schizophreniform Disorder,Schizophrenia & psychosis
NCT02131129,Schizoaffective Disorder,Schizophrenia & psychosis
NCT02068261,Substance Abuse,Substance use
NCT02068261,Anxiety,Anxiety
NCT02068261,Depression,Depression
NCT05105542,Schizophrenia,Schizophrenia & psychosis
NCT05105542,Schizoaffective Disorder,Schizophrenia & psychosis
NCT04704583,Anxiety Disorders,Anxiety
NCT05655754,Depression,Depression
NCT04348929,Postpartum Depression,Depression
NCT01816061,Post-Traumatic Stress Disorder,PTSD
NCT03222570,Depressive Disorder,Depression
NCT01408641,Alcohol Dependence,Substance use
NCT01408641,Alcoholism,Substance use
NCT01408641,Alcohol Abuse,Substance use
NCT01408641,Alcohol Use Disorder,Substance use
NCT01408641,PTSD,PTSD
NCT01408641,Posttraumatic Stress Disorder,PTSD
NCT05887856,Anxiety,Anxiety
NCT03181529,Major Depressive Disorder,Depression
NCT05633186,Depression,Depression
NCT06723769,Post-stroke Depression,Depression
NCT03637296,Schizophrenia,Schizophrenia & psychosis
NCT04719780,"Depression, Anxiety",Depression
NCT02366403,"Stress Disorders, Post-Traumatic",PTSD
NCT05112003,Post-traumatic Stress Disorder,PTSD
NCT01620060,Schizophrenia,Schizophrenia & psychosis
NCT02529423,Depression,Depression
NCT06035159,Depression,Depression
NCT06035159,"Depressive Disorder, Major",Depression
NCT06035159,"Depression, Postpartum",Depression
NCT06035159,Anxiety,Anxiety
NCT06035159,Anxiety Disorders,Anxiety
NCT02090634,Bipolar Disorder,Bipolar disorder
NCT04586699,Depression,Depression
NCT01628016,Depressive Symptoms,Depression
NCT03230006,Alcohol Use Disorder,Substance use
NCT03230006,Anxiety Disorders,Anxiety
NCT06358404,Depression in Old Age,Depression
NCT01934972,Bipolar Disorder,Bipolar disorder
NCT04251195,Schizophrenia,Schizophrenia & psychosis
NCT04251195,Schizoaffective Disorder,Schizophrenia & psychosis
NCT04091139,Depressive Disorder,Depression
NCT04091139,Anxiety Disorders,Anxiety
NCT05990075,Depression,Depression
NCT03711201,Anxiety,Anxiety
NCT01732601,Depression,Depression
NCT05837312,Eating Disorder Symptoms,Eating disorders
NCT01856530,Social Anxiety Disorder,Anxiety
NCT02544971,PTSD,PTSD
NCT05419934,Anxiety Disorders,Anxiety
NCT03775564,Schizophrenia,Schizophrenia & psychosis
NCT05081934,Substance Use Disorders,Substance use
NCT07058532,Depressive Disorder,Depression
NCT07058532,Anxiety Disorders,Anxiety
NCT07058532,Comorbid Depression,Depression
NCT03275714,Bipolar Affective Disorder,Bipolar disorder
NCT05356611,Depression in Old Age,Depression
NCT05092971,Anxiety,Anxiety
NCT07067034,Anxiety,Anxiety
NCT05250804,Fear Anxiety,Anxiety
NCT02889211,Depression,Depression
NCT06960109,Anxiety,Anxiety
NCT06194799,Alzheimer's Disease Psychosis,Schizophrenia & psychosis
NCT02333487,Schizophrenia,Schizophrenia & psychosis
NCT01586793,Bipolar Depression,Depression
NCT02916121,Schizophrenia,Schizophrenia & psychosis
NCT05481736,Anorexia Nervosa,Eating disorders
NCT04065334,Substance Use Disorders,Substance use
NCT03795987,"Stress Disorders, Post-Traumatic",PTSD
NCT03795987,Ptsd,PTSD
NCT06828887,MDD,Depression
NCT06156306,Anxiety,Anxiety
NCT03977844,Depression,Depression
NCT03977844,Anxiety,Anxiety
NCT05892744,Major Depressive Disorder,Depression
NCT05892744,"Chronic Major Depression, Recurrent",Depression
NCT05423899,Depression,Depression
NCT05423899,Anxiety,Anxiety
NCT01909232,"Depressive Disorder, Major",Depression
NCT04645732,Depression,Depression
NCT03818516,Schizophrenia,Schizophrenia & psychosis
NCT03011216,Depression,Depression
NCT05233111,PTSD,PTSD
NCT05233111,Post-Traumatic Stress Disorder,PTSD
NCT02242136,Posttraumatic Stress Disorder,PTSD
NCT03018236,Cocaine Addiction,Substance use
NCT03018236,Alcohol Addiction,Substance use
NCT01556971,Major Depression,Depression
NCT06991244,Post-Traumatic Stress Disorder (PTSD),PTSD
NCT06991244,Depression,Depression
NCT06991244,Anxiety,Anxiety
NCT04076644,MDD,Depression
NCT03373734,Antenatal Depression,Depression
NCT03373734,Antenatal Anxiety,Anxiety
NCT02592564,Anxiety Disorders,Anxiety
NCT02592564,Social Anxiety Disorder,Anxiety
NCT05527509,Posttraumatic Stress Disorder,PTSD
NCT05527509,Major Depressive Disorder,Depression
NCT05527509,Panic Disorder,Anxiety
NCT05527509,Generalized Anxiety Disorder,Anxiety
NCT01879709,Schizophrenia,Schizophrenia & psychosis
NCT01623219,"Post Traumatic Stress Disorder, PTSD",PTSD
NCT03990064,"Stress Disorder, Post Traumatic",PTSD
NCT01246232,Schizophrenia,Schizophrenia & psychosis
NCT01817387,Schizophrenia,Schizophrenia & psychosis
NCT07429617,Non Clinical Anxiety,Anxiety
NCT03803189,Postpartum Depression,Depression
NCT03803189,Postpartum Anxiety,Anxiety
NCT05212389,Major Depressive Disorder,Depression
NCT07337668,Depression,Depression
NCT03951350,Depression,Depression
NCT06516874,Post Traumatic Stress Disorder,PTSD
NCT06516874,Complex Post-Traumatic Stress Disorder,PTSD
NCT04969510,Major Depressive Disorder,Depression
NCT03718013,Major Depressive Disorder,Depression
NCT06783361,Treatment Resistant Depression (TRD),Depression
NCT06783361,Unipolar Major Depressive Disorder,Depression
NCT05610969,Anxiety,Anxiety
NCT07334769,Anxiety Disorder (Panic Disorder or GAD),Anxiety
NCT05948241,Depression,Depression
NCT04136041,Subthreshold Depression,Depression
NCT04714541,Anorexia Nervosa,Eating disorders
NCT04426461,Anxiety,Anxiety
NCT04426461,Depression,Depression
NCT05448261,Depression,Depression
NCT06235905,Major Depressive Disorder,Depression
NCT03678194,Depression,Depression
NCT02460666,Major Depressive Disorder,Depression
NCT01913366,MDD,Depression
NCT06086756,Speech Anxiety,Anxiety
NCT02855918,Major Depression,Depression
NCT07005596,Depression,Depression
NCT06793397,Major Depressive Disorder (MDD),Depression
NCT06793397,Depression in Adults,Depression
NCT06793397,Depression - Major Depressive Disorder,Depression
NCT06793397,Depression Disorders,Depression
NCT06793397,Depression Disorder,Depression
NCT06793397,Depression,Depression
NCT02911597,Depression,Depression
NCT06545760,Postpartum Depression,Depression
NCT04738123,Schizophrenia,Schizophrenia & psychosis
NCT04738123,Schizophrenia; Psychosis,Schizophrenia & psychosis
NCT03512418,Substance Use Disorders,Substance use
NCT03090490,Schizophrenia,Schizophrenia & psychosis
NCT03090490,Schizophrenia Relapse,Schizophrenia & psychosis
NCT03090490,Schizophrenia Spectrum and Other Psychotic Disorders,Schizophrenia & psychosis
NCT02690597,Anxiety,Anxiety
NCT01398189,Schizophrenia,Schizophrenia & psychosis
NCT01398189,Schizoaffective Disorder,Schizophrenia & psychosis
NCT06990191,Post Traumatic Stress Disorder,PTSD
NCT02871297,"Depressive Disorder, Major",Depression
NCT04661410,Bulimia Nervosa,Eating disorders
NCT04661410,Bulimia; Atypical,Eating disorders
NCT04661410,Binge Eating,Eating disorders
NCT04661410,Binge-Eating Disorder,Eating disorders
NCT05927324,Post-traumatic Stress Disorder,PTSD
NCT06839859,Depression,Depression
NCT06839859,Anxiety,Anxiety
NCT07033780,Major Depressive Disorder (MDD),Depression
NCT05952674,Treatment Resistant Depression (TRD),Depression
NCT04812418,Sleep Troubles Associated With Anxiety,Anxiety
NCT05357313,Bipolar Depression,Depression
NCT07734623,"Opioid Use Disorder, Severe",Substance use
NCT07734623,Amphetamine Use Disorder,Substance use
NCT04228146,Depression,Depression
NCT01422213,Major Depressive Disorder,Depression
NCT03826693,Obsessive-Compulsive Disorder,OCD
NCT01742832,Major Depressive Disorder,Depression
NCT04952532,Major Depressive Disorder,Depression
NCT04663321,Treatment Resistant Depression,Depression
NCT07500714,Depression - Major Depressive Disorder,Depression
NCT05704504,Depression,Depression
NCT06303648,Post Traumatic Stress Disorder,PTSD
NCT06726304,Prenatal Anxiety,Anxiety
NCT06726304,Prenatal Depression,Depression
NCT02199652,Post Traumatic Stress Disorder,PTSD
NCT02085447,Psychotic Disorders,Schizophrenia & psychosis
NCT02085447,Schizophrenia,Schizophrenia & psychosis
NCT02085447,Schizoaffective Disorder,Schizophrenia & psychosis
NCT07183748,Treatment Resistant Depression,Depression
NCT06968832,Posttraumatic Stress Disorder (PTSD),PTSD
NCT06968832,Substance Use Disorders (SUD),Substance use
NCT05147506,Depressive Symptoms,Depression
NCT05300204,Depressive Disorder,Depression
NCT05300204,Depression in Adolescence,Depression
NCT06278649,Anxiety,Anxiety
NCT01502449,PTSD,PTSD
NCT06682299,Treatment Resistant Depression (TRD),Depression
NCT01093963,Bipolar Depression,Depression
NCT03032952,Depression,Depression
NCT03032952,Anxiety,Anxiety
NCT04723433,Ventilatory Depression,Depression
NCT05206747,Mania,Bipolar disorder
NCT05206747,Bipolar Disorder,Bipolar disorder
NCT06976047,Anxiety,Anxiety
NCT03645447,Depression,Depression
NCT06740084,Depression Disorders,Depression
NCT06236711,Treatment Resistant Depression,Depression
NCT01627444,Anxiety,Anxiety
NCT06262464,Obsessive-Compulsive Disorder,OCD
NCT01488071,Major Depressive Disorder,Depression
NCT02943564,"Depressive Disorder, Major",Depression
NCT04506164,Depression,Depression
NCT04506164,"Stress Disorders, Post-Traumatic",PTSD
NCT02498132,Depression,Depression
NCT03577106,Anxiety Disorders Generalized,Anxiety
NCT02533232,Schizophrenia,Schizophrenia & psychosis
NCT02533232,Schizoaffective Disorder,Schizophrenia & psychosis
NCT02533232,Schizophreniform Disorder,Schizophrenia & psychosis
NCT04723498,Substance Use Disorders,Substance use
NCT07143214,Bulimia Nervosa,Eating disorders
NCT07143214,Binge Eating Behaviour,Eating disorders
NCT07143214,Anorexia Nervosa,Eating disorders
NCT07143214,Eating Disorders,Eating disorders
NCT04806516,Obsessive-Compulsive Disorder,OCD
NCT03634709,Post Traumatic Stress Disorder,PTSD
NCT07276321,Psychosis,Schizophrenia & psychosis
NCT06316804,Anxiety,Anxiety
NCT06316804,Depression,Depression
NCT02782104,"Depressive Disorder, Treatment-Resistant",Depression
NCT05838404,Anxiety,Anxiety
NCT05838404,Depression,Depression
NCT07592884,Schizophrenia,Schizophrenia & psychosis
NCT07592884,Bipolar Disorder,Bipolar disorder
NCT02945709,PTSD,PTSD
NCT05834816,Anorexia Nervosa,Eating disorders
NCT05834816,Atypical Anorexia Nervosa,Eating disorders
NCT02841787,Depression,Depression
NCT06536387,Anxiety,Anxiety
NCT06536387,Depression,Depression
NCT01175616,Major Depressive Disorder,Depression
NCT04777006,Depressive Disorder,Depression
NCT02133898,Depression,Depression
NCT04143763,Depressive Symptoms,Depression
NCT06907134,Depressive Symptoms,Depression
NCT04978844,Childhood Anxiety Disorder,Anxiety
NCT07245134,Obsessive-Compulsive Disorder,OCD
NCT06803706,Substance Use Disorder (SUD),Substance use
NCT06803706,Alcohol Use Disorder (AUD),Substance use
NCT06803706,Nicotine Addiction,Substance use
NCT03709004,Postpartum Depression,Depression
NCT06999811,Opioid Use Disorder,Substance use
NCT04756544,Depressive Disorder,Depression
NCT04756544,Depression,Depression
NCT04756544,Anxiety,Anxiety
NCT03928028,Anorexia Nervosa,Eating disorders
NCT05793736,Depressive Symptoms,Depression
NCT05793736,Anxiety,Anxiety
NCT02528409,Binge Eating Disorder,Eating disorders
NCT05269732,Postpartum Depression,Depression
NCT01612104,Post Traumatic Stress Disorder,PTSD
NCT01964404,Schizophrenia,Schizophrenia & psychosis
NCT01964404,Psychotic Disorder,Schizophrenia & psychosis
NCT01964404,Cannabis Use Disorder,Substance use
NCT04976114,Anxiety,Anxiety
NCT04515784,"Stress Disorders, Post-Traumatic",PTSD
NCT02935998,Schizophrenia,Schizophrenia & psychosis
NCT03516604,"Depression, Unipolar",Depression
NCT06002633,Post-Traumatic Stress Disorder,PTSD
NCT03659409,Anxiety,Anxiety
NCT03659409,Depression,Depression
NCT03122587,Substance Use Disorders,Substance use
NCT05719909,Depression,Depression
NCT02757833,"Female, Late Life Depression",Depression
NCT02192333,Depression,Depression
NCT07633899,First Episode Psychosis (FEP),Schizophrenia & psychosis
NCT07374887,Anxiety,Anxiety
NCT05486793,PTSD,PTSD
NCT05559021,Anxiety,Anxiety
NCT05559021,Depression,Depression
NCT01712321,Social Anxiety Disorder,Anxiety
NCT02411721,Anxiety,Anxiety
NCT04713384,Depression,Depression
NCT07206199,Obsessive-compulsive Disorder,OCD
NCT02553616,Substance Use Disorders,Substance use
NCT05809193,Bipolar Disorder,Bipolar disorder
NCT05809193,Psychosis,Schizophrenia & psychosis
NCT04549493,PTSD,PTSD
NCT06292221,Depression,Depression
NCT07299916,Anxiety,Anxiety
NCT07299916,GAD,Anxiety
NCT06680193,Post-Traumatic Stress Disorder,PTSD
NCT03680989,Eating Disorder,Eating disorders
NCT03680989,Binge Eating,Eating disorders
NCT01380340,Depression,Depression
NCT01779440,Psychotic Disorders,Schizophrenia & psychosis
NCT04388189,Major Depressive Disorder,Depression
NCT07076940,Schizophrenia Disorder,Schizophrenia & psychosis
NCT01633125,Anxiety,Anxiety
NCT01633125,Depression,Depression
NCT04303325,Depression,Depression
NCT05674617,"Stress Disorders, Post-Traumatic; Mental Disorders",PTSD
NCT03539068,PTSD,PTSD
NCT03539068,Depression,Depression
NCT03539068,Substance Use Disorder,Substance use
NCT04131868,Depression,Depression
NCT03641768,Posttraumatic Stress Disorder,PTSD
NCT04100850,Depression,Depression
NCT04100850,Depressive Symptoms,Depression
NCT04100850,Anxiety,Anxiety
NCT05951738,Perinatal Depression,Depression
NCT03335358,Depression,Depression
NCT03335358,Depressive Symptoms,Depression
NCT03335358,Post-stroke Depression,Depression
NCT02000726,Depression,Depression
NCT01821378,Schizophrenia,Schizophrenia & psychosis
NCT04248933,Substance Use,Substance use
NCT04248933,Substance Use Disorders,Substance use
NCT04248933,Opioid-use Disorder,Substance use
NCT04248933,Medication for Opioid Use Disorder (MOUD),Substance use
NCT02119949,Substance Dependency,Substance use
NCT02119949,Addiction,Substance use
NCT02119949,Anxiety,Anxiety
NCT02119949,Depression,Depression
NCT02134678,Depression,Depression
NCT06054243,Anxiety,Anxiety
NCT01196676,Bipolar Disorder,Bipolar disorder
NCT04463225,Alcohol Use Disorder,Substance use
NCT04463225,Depression,Depression
NCT05828940,PTSD,PTSD
NCT06620276,Depression - Major Depressive Disorder,Depression
NCT06620276,Alcohol Use Disorder,Substance use
NCT07269340,Anxiety,Anxiety
NCT07318168,"Depressive Symptoms, Postpartum",Depression
NCT05981417,Anxiety Disorders,Anxiety
NCT05981417,Depressive Symptoms,Depression
NCT02345668,Anxiety,Anxiety
NCT02345668,Depression,Depression
NCT02573168,Schizophrenia,Schizophrenia & psychosis
NCT02573168,Schizoaffective Disorder,Schizophrenia & psychosis
NCT04610268,Depression,Depression
NCT06517589,Depression,Depression
NCT06517589,Anxiety Disorder,Anxiety
NCT06027489,"Symptom, Depressive",Depression
NCT03671317,Anxiety State,Anxiety
NCT07157176,Post Traumatic Stress Disorders,PTSD
NCT03396068,Bipolar Depression,Depression
NCT03903068,Post-stroke Depression,Depression
NCT04754750,Schizophrenics,Schizophrenia & psychosis
NCT03001245,Depressive Disorder,Depression
NCT00640445,Posttraumatic Stress Disorder,PTSD
NCT04064372,Depression,Depression
NCT06166095,Depression,Depression
NCT02389712,Bipolar Disorder,Bipolar disorder
NCT03994965,Schizophrenia,Schizophrenia & psychosis
NCT03994965,Psychosis,Schizophrenia & psychosis
NCT06566937,"Depression, Anxiety",Depression
NCT06942637,Depression,Depression
NCT06942637,Anxiety,Anxiety
NCT02734212,Post Traumatic Stress Disorder,PTSD
NCT06785012,"Depressive Disorder, Major",Depression
NCT01554839,Post Traumatic Stress Disorder,PTSD
NCT01554839,PTSD,PTSD
NCT05964777,Bipolar Disorder in Remission,Bipolar disorder
NCT01599481,Anxiety,Anxiety
NCT01599481,Depression,Depression
NCT02583230,Depression,Depression
NCT05544877,"Depressive Disorder, Major",Depression
NCT06854757,Substance Use Disorders,Substance use
NCT06346301,Obsessive-Compulsive Disorder,OCD
NCT06346301,Anxiety Disorders,Anxiety
NCT03345381,Depression,Depression
NCT03345381,Anxiety,Anxiety
NCT05980130,Depressive Symptoms,Depression
NCT06298695,Anxiety Disorders,Anxiety
NCT03994081,Major Depressive Disorder,Depression
NCT03994081,MDD,Depression
NCT01470781,Bipolar Disorder,Bipolar disorder
NCT01470781,Psychosis,Schizophrenia & psychosis
NCT03053830,Major Depressive Disorder,Depression
NCT06360419,Major Depressive Disorder,Depression
NCT03480919,Anxiety,Anxiety
NCT03464630,"Maternal Depression and Parent Practices, Postpartum",Depression
NCT06254612,Major Depressive Disorder,Depression
NCT03731728,Major Depressive Disorder,Depression
NCT05682365,Anxiety Disorders,Anxiety
NCT06540157,Depression,Depression
NCT05960357,Anxiety,Anxiety
NCT07652957,Anxiety,Anxiety
NCT02998801,Anxiety,Anxiety
NCT03283930,Anxiety Disorders,Anxiety
NCT01573130,Depression,Depression
NCT02259530,Posttraumatic Stress Disorder,PTSD
NCT02259530,Khat Use Disorder,Substance use
NCT05575128,Depression,Depression
NCT05575128,Anxiety,Anxiety
NCT05814458,Anorexia Nervosa,Eating disorders
NCT05393648,Bipolar Disorder,Bipolar disorder
NCT05393648,Bipolar Depression,Depression
NCT06472726,Depression,Depression
NCT04507243,Major Depressive Disorder,Depression
NCT05546658,Obsessive-Compulsive Disorder,OCD
NCT04528485,"Depression, Anxiety",Depression
NCT01977378,Major Depressive Disorder,Depression
NCT05038085,Postpartum Depression,Depression
NCT03159715,Depression,Depression
NCT02568878,Depression,Depression
NCT02568878,Anxiety,Anxiety
NCT02568878,Methamphetamine Dependence,Substance use
NCT04278755,Bulimia Nervosa,Eating disorders
NCT04278755,Binge Eating,Eating disorders
NCT04278755,Eating Disorders,Eating disorders
NCT04278755,Binge-Eating Disorder,Eating disorders
NCT03709615,Social Anxiety Disorder,Anxiety
NCT03709615,Social Phobia,Anxiety
NCT06410508,Psychotic Disorders,Schizophrenia & psychosis
NCT01040208,Depression,Depression
NCT06244043,Depression,Depression
NCT06244043,Anxiety,Anxiety
NCT02916238,Major Depression,Depression
NCT07544758,Depressive Symptoms,Depression
NCT05310955,Schizophrenia,Schizophrenia & psychosis
NCT04678843,Anorexia Nervosa,Eating disorders
NCT03564847,Depression,Depression
NCT02709655,"Depressive Disorder, Major",Depression
NCT02743143,Schizophrenia,Schizophrenia & psychosis
NCT03818789,Anxiety,Anxiety
NCT07153250,Anxiety Disorders,Anxiety
NCT01677078,Treatment Resistant Depression,Depression
NCT07108608,Posttraumatic Stress Disorder,PTSD
NCT07108608,Substance Use Disorders,Substance use
NCT02571790,Generalized Anxiety Disorders,Anxiety
NCT05425290,Major Depressive Disorder,Depression
NCT05664490,Depression,Depression
NCT04259190,Anxiety Sensitivity,Anxiety
NCT03472391,Anorexia Nervosa,Eating disorders
NCT05925374,Substance Use Disorders,Substance use
NCT01636791,Anxiety Disorders,Anxiety
NCT01636791,Major Depression,Depression
NCT04824690,Anxiety,Anxiety
NCT06372197,Depression,Depression
NCT05193578,Schizophrenia,Schizophrenia & psychosis
NCT05624268,Treatment Resistant Depression,Depression
NCT03428490,Alcohol Use Disorder,Substance use
NCT03428490,Social Anxiety Disorder,Anxiety
NCT04819750,Anxiety,Anxiety
NCT03736291,Schizophrenia,Schizophrenia & psychosis
NCT03031990,Anxiety,Anxiety
NCT02420990,Substance Use Disorders,Substance use
NCT03337750,Posttraumatic Stress Disorder,PTSD
NCT01570374,Generalized Anxiety Disorder,Anxiety
NCT05341297,Anxiety,Anxiety
NCT05341297,Depression,Depression
NCT01187797,Depression,Depression
NCT01187797,Anxiety,Anxiety
NCT04197102,Post Traumatic Stress Disorder,PTSD
NCT04363177,Perinatal Depression,Depression
NCT04363177,Anxiety,Anxiety
NCT04363177,PTSD,PTSD
NCT06237439,Depressive Symptoms,Depression
NCT06237439,Anxiety Generalized,Anxiety
NCT06299319,Obsessive-Compulsive Disorder,OCD
NCT01707030,Alcohol Abuse,Substance use
NCT03165500,Anxiety Disease,Anxiety
NCT03378544,Depression,Depression
NCT02527564,Bipolar Disorder,Bipolar disorder
NCT03324724,Eating Disorder,Eating disorders
NCT06728280,Major Depressive Diorder,Depression
NCT02443584,Major Depressive Disorder,Depression
NCT04941352,Schizophrenia,Schizophrenia & psychosis
NCT01893749,Major Depression,Depression
NCT01893749,Depressive Episodes,Depression
NCT04223115,Depression,Depression
NCT04223115,Antenatal Depression,Depression
NCT05870540,Treatment Resistant Depression,Depression
NCT05042050,Psychosis,Schizophrenia & psychosis
NCT05042050,Psychosis-Related PTSD,PTSD
NCT04071990,Obsessive-Compulsive Disorder,OCD
NCT03323697,"Depression, Anxiety",Depression
NCT01869660,Schizophrenia,Schizophrenia & psychosis
NCT05659082,Obsessive-Compulsive Disorder,OCD
NCT04768114,Tobacco Use Disorder,Substance use
NCT05580406,Depression,Depression
NCT01010204,Bipolar Disorder,Bipolar disorder
NCT02323204,Depression,Depression
NCT05009433,Depression,Depression
NCT05009433,Anxiety,Anxiety
NCT07764848,Depressive Disorder,Depression
NCT01850355,Anxiety,Anxiety
NCT02834208,Schizophrenia,Schizophrenia & psychosis
NCT02098408,Patients at Ultra-high Risk of Psychosis,Schizophrenia & psychosis
NCT03398525,Anxiety,Anxiety
NCT05699876,"Anxiety, Preoperarative",Anxiety
NCT04258540,"Depression, Anxiety",Depression
NCT05845840,Postpartum Depression,Depression
NCT05940168,Anxiety,Anxiety
NCT05940168,Depression,Depression
NCT06944691,Major Depressive Disorder in Patients Taking PrEP,Depression
NCT05431374,Major Depressive Disorder,Depression
NCT05348174,"Depression, Anxiety",Depression
NCT06903390,Anxiety,Anxiety
NCT06624397,Anorexia Nervosa,Eating disorders
NCT04960813,Anxiety Disorders,Anxiety
NCT01617187,Schizophrenia,Schizophrenia & psychosis
NCT04623814,Major Depressive Disorder,Depression
NCT01625416,Posttraumatic Stress Disorder,PTSD
NCT01625416,Depression,Depression
NCT01625416,Alcohol Use,Substance use
NCT01201304,Anxiety Sensitivity,Anxiety
NCT06175104,Anxiety in Pregnancy,Anxiety
NCT06175104,"Depression, Postpartum",Depression
NCT05410548,Depression,Depression
NCT02525978,Major Depressive Disorder,Depression
NCT04833478,Anxiety,Anxiety
NCT02935725,Schizophrenia,Schizophrenia & psychosis
NCT04343625,"Depression, Anxiety",Depression
NCT05011825,Depression,Depression
NCT05011825,Posttraumatic Stress Disorder,PTSD
NCT01485640,Schizophrenia,Schizophrenia & psychosis
NCT01485640,Bipolar Disorder,Bipolar disorder
NCT02490189,Social Anxiety Disorder,Anxiety
NCT03485274,Cannabis Use Disorder,Substance use
NCT03485274,Depressive State,Depression
NCT03485274,Anxiety State,Anxiety
NCT03485274,Depression,Depression
NCT03485274,Anxiety Disorders,Anxiety
NCT04680910,Treatment-resistant Depression,Depression
NCT06968949,Anxiety Disorders,Anxiety
NCT06968949,Depressive Symptoms,Depression
NCT05685758,Depression,Depression
NCT05685758,Depressive Disorder,Depression
NCT05685758,Clinical Depression,Depression
NCT05685758,Major Depressive Disorder,Depression
NCT06433843,Posttraumatic Stress Disorder,PTSD
NCT05462340,Schizophrenia,Schizophrenia & psychosis
NCT02161718,Schizophrenia,Schizophrenia & psychosis
NCT02161718,Alcohol Use Disorder,Substance use
NCT04138290,Major Depressive Disorder,Depression
NCT04911010,Post Traumatic Stress Disorder,PTSD
NCT04911010,Psychotic Disorders,Schizophrenia & psychosis
NCT04911010,Psychosis,Schizophrenia & psychosis
NCT04911010,Schizophrenia,Schizophrenia & psychosis
NCT04911010,PTSD,PTSD
NCT03628820,Anxiety,Anxiety
NCT02685982,Major Depressive Disorder,Depression
NCT04921514,Post Traumatic Stress Disorder,PTSD
NCT06535516,Posttraumatic Stress Disorder,PTSD
NCT06185049,Anxiety Disorders and Symptoms Depressive Symptoms,Depression
NCT06185049,"Risk Factors (Rejection, Bullying/Cyberbullying, Addictions, Healthy Lifestyle Habits, Exam Stress Management, Ecoanxiety, Expressed Emotion)",Anxiety
NCT02402738,Bipolar Disorder,Bipolar disorder
NCT05968638,Schizophrenia,Schizophrenia & psychosis
NCT05968638,Schizo Affective Disorder,Schizophrenia & psychosis
NCT02011438,Depression,Depression
NCT02011438,Social Anxiety,Anxiety
NCT01251055,Schizophrenia,Schizophrenia & psychosis
NCT05811455,Anxiety,Anxiety
NCT06924255,Schizophrenia Disorders,Schizophrenia & psychosis
NCT03921255,Obsessive-Compulsive Disorder,OCD
NCT05775978,Anxiety,Anxiety
NCT05056415,Psychosis,Schizophrenia & psychosis
NCT01624935,Posttraumatic Stress Disorder,PTSD
NCT01624935,Depression,Depression
NCT07371325,SCHIZOPHRENIA 1 (Disorder),Schizophrenia & psychosis
NCT06557525,Depression,Depression
NCT03080025,Depression,Depression
NCT06771817,Post-Traumatic Stress Disorder in Adolescence,PTSD
NCT06771817,PTSD - Post Traumatic Stress Disorder,PTSD
NCT06771817,PTSD and Trauma-related Symptoms,PTSD
NCT06771817,Pregnancy and PTSD,PTSD
NCT03485417,Stimulant Use With Stimulant-Induced Psychotic Disorder (Diagnosis),Schizophrenia & psychosis
NCT03485417,Schizophrenia and Related Disorders,Schizophrenia & psychosis
NCT03485417,Stimulant Dependence,Substance use
NCT07687940,Depressive Symptoms,Depression
NCT03249350,Substance Use Disorders,Substance use
NCT04696991,Anxiety,Anxiety
NCT07238374,Anxiety,Anxiety
NCT02988271,Anxiety,Anxiety
NCT02988271,Depression,Depression
NCT06774599,Anxiety,Anxiety
NCT05249504,Depressive Symptoms,Depression
NCT05959538,Maternal Depression,Depression
NCT05919355,Feeling Anxious,Anxiety
NCT06835985,Depression,Depression
NCT06323785,Major Depressive Disorder,Depression
NCT06335043,Pharmacogenetic Testing to Determine Pharmacological Treatment in PTSD,PTSD
NCT04598425,"Depression, Anxiety",Depression
NCT05195840,Eating Disorders,Eating disorders
NCT01977521,Psychotic Disorders,Schizophrenia & psychosis
NCT01977521,"Stress Disorders, Post-Traumatic",PTSD
NCT03110016,Subthreshold Depression,Depression
NCT03063606,Binge-Eating Disorder,Eating disorders
NCT04184206,Depression,Depression
NCT05012904,Anxiety,Anxiety
NCT05384704,Depression,Depression
NCT05384704,Depressive Disorder,Depression
NCT04010747,Psychotic Disorders,Schizophrenia & psychosis
NCT04010747,Psychosis,Schizophrenia & psychosis
NCT04010747,Psychotic Episode,Schizophrenia & psychosis
NCT01260649,Major Depressive Disorder,Depression
NCT03819426,Generalized Anxiety Disorder,Anxiety
NCT03819426,Panic Disorder,Anxiety
NCT03819426,Social Anxiety,Anxiety
NCT05042778,Anxiety,Anxiety
NCT05497115,Posttraumatic Stress Disorder,PTSD
NCT05497115,Depression,Depression
NCT03194815,Psychosis,Schizophrenia & psychosis
NCT05517343,Anxiety,Anxiety
NCT05517343,Depression,Depression
NCT03270943,Depression Mild,Depression
NCT04260776,Social Anxiety Disorder,Anxiety
NCT04260776,Tobacco Use Disorder,Substance use
NCT05783817,Obsessive-Compulsive Disorder,OCD
NCT03170440,Post Traumatic Stress Disorder,PTSD
NCT04421989,Anorexia Nervosa,Eating disorders
NCT04421989,Atypical Anorexia Nervosa,Eating disorders
NCT01390168,Anxiety Disorders,Anxiety
NCT01390168,Depression,Depression
NCT01978626,Depressive Disorders With Insomnia,Depression
NCT03825978,Anxiety,Anxiety
NCT01486615,Anxiety,Anxiety
NCT03662425,Schizophrenia,Schizophrenia & psychosis
NCT02519725,Stress Disorders Post Traumatic,PTSD
NCT02037035,Depression,Depression
NCT02047968,Major Depression,Depression
NCT05464550,Depression,Depression
NCT03369418,Anxiety,Anxiety
NCT03369418,Depression,Depression
NCT06523413,Anxiety,Anxiety
NCT01149213,Major Depressive Disorder,Depression
NCT05968560,Clinical High Risk for Psychosis (CHR),Schizophrenia & psychosis
NCT06704282,Anxiety,Anxiety
NCT06704282,Depression,Depression
NCT04509882,Major Depressive Disorder,Depression
NCT03279224,Bipolar Depression,Depression
NCT04364880,Depression,Depression
NCT06138678,Depression,Depression
NCT06276725,Posttraumatic Stress Disorder,PTSD
NCT04568317,Depression,Depression
NCT07094789,Treatment-Resistant Depression,Depression
NCT07094789,Treatment-resistant Depression (TRD),Depression
NCT04069182,"Depression, Anxiety",Depression
NCT01062880,Major Depression,Depression
NCT01062880,Minor Depression,Depression
NCT03619135,Anxiety,Anxiety
NCT05738850,Generalized Anxiety Disorder (GAD),Anxiety
NCT05626374,Substance Use Disorders,Substance use
NCT01937897,Depression,Depression
NCT07291713,Depressive Symptoms,Depression
NCT05919823,Schizophrenia,Schizophrenia & psychosis
NCT04380259,"Stress Disorders, Post-Traumatic",PTSD
