nct_id,country
NCT02158429,United States
NCT04131829,United States
NCT04587531,United Kingdom
NCT05662137,Turkey (Türkiye)
NCT07219875,United States
NCT04975100,India
NCT01307800,Mexico
NCT01307800,Puerto Rico
NCT01307800,United States
NCT01307800,Russia
NCT01307800,Ukraine
NCT06603064,United States
NCT01391832,United States
NCT00946998,United States
NCT03267563,United States
NCT03946787,Brazil
NCT06692114,China
NCT05852314,Pakistan
NCT05110157,Bulgaria
NCT05110157,United States
NCT05110157,Argentina
NCT05110157,Serbia
NCT05978167,United States
NCT02415309,United States
NCT05368987,United States
NCT04463914,United States
NCT04631939,Germany
NCT04631939,Switzerland
NCT06591065,Turkey (Türkiye)
NCT04453865,United States
NCT06345963,United States
NCT02757521,United States
NCT03036371,United States
NCT06384521,United States
NCT06739304,China
NCT03007628,China
NCT04598165,Kenya
NCT05931965,Pakistan
NCT02055300,United States
NCT02285699,Canada
NCT02367521,United States
NCT04875221,Canada
NCT01625000,South Korea
NCT01625000,Japan
NCT01625000,Taiwan
NCT05127707,United States
NCT03388164,United States
NCT05448014,Sweden
NCT02619916,Netherlands
NCT05195684,United States
NCT06224647,Netherlands
NCT01533519,United States
NCT04669665,United States
NCT01043367,Cuba
NCT01099592,Canada
NCT07235852,Pakistan
NCT05149352,Netherlands
NCT04478838,Canada
NCT03226028,Singapore
NCT01312844,United States
NCT07359209,China
NCT06521398,United States
NCT07218263,United States
NCT01007006,United States
NCT06592833,United States
NCT05291533,United States
NCT01605552,United States
NCT03300947,United States
NCT02165449,United States
NCT01207271,United States
NCT06410599,Germany
NCT04040387,United States
NCT02879604,France
NCT06296784,Italy
NCT05226130,United States
NCT01208428,United States
NCT02119936,United States
NCT01701011,Netherlands
NCT04979299,France
NCT02205099,United States
NCT06605599,Puerto Rico
NCT06605599,Japan
NCT06605599,United States
NCT06399653,United States
NCT02590445,China
NCT02983877,United States
NCT04565028,United States
NCT03766867,Latvia
NCT03766867,Estonia
NCT03766867,Bulgaria
NCT01903200,Japan
NCT05929911,United States
NCT03275571,Canada
NCT03157999,Canada
NCT02213302,France
NCT02634372,Spain
NCT04260867,United States
NCT01617200,United States
NCT01778907,Netherlands
NCT04108234,China
NCT01724112,United States
NCT04872465,Taiwan
NCT03348865,Nigeria
NCT04350567,United States
NCT02769507,Norway
NCT04866511,United Kingdom
NCT05044611,France
NCT07236164,Pakistan
NCT02002832,China
NCT05909267,Germany
NCT04631900,China
NCT04047511,Poland
NCT04580134,United States
NCT06725134,United States
NCT05919875,Poland
NCT05640557,Poland
NCT01496612,United States
NCT06586944,Turkey (Türkiye)
NCT03101332,Sweden
NCT01346228,United States
NCT04798131,France
NCT02639702,Canada
NCT01611337,France
NCT03688139,United States
NCT04657575,Austria
NCT07173465,Turkey (Türkiye)
NCT03432000,France
NCT03591107,United States
NCT02959307,United States
NCT04716036,United States
NCT02790736,United States
NCT01434836,Brazil
NCT05785312,Pakistan
NCT01573728,United States
NCT05540067,United States
NCT03625271,Canada
NCT07130734,United States
NCT04346771,China
NCT06565429,United States
NCT03075657,India
NCT05571228,Canada
NCT05537311,United States
NCT04244071,Turkey (Türkiye)
NCT05809609,United Kingdom
NCT01799551,Pakistan
NCT05988502,Taiwan
NCT04510272,United States
NCT05120765,Canada
NCT04847934,Turkey (Türkiye)
NCT06514495,Germany
NCT07131137,Turkey (Türkiye)
NCT06058039,United States
NCT06058039,Finland
NCT06058039,Czechia
NCT06058039,Germany
NCT06058039,Poland
NCT06058039,Bulgaria
NCT06058039,Sweden
NCT06058039,France
NCT01677377,United States
NCT02398877,Germany
NCT06335875,United States
NCT03504475,China
NCT05454657,United States
NCT01597167,United States
NCT03973853,France
NCT01903837,Czechia
NCT01903837,Bulgaria
NCT01903837,United States
NCT04523337,United States
NCT03873337,United States
NCT03791645,United States
NCT02821975,Denmark
NCT01009112,United States
NCT05026619,Singapore
NCT06587230,United States
NCT02035553,United Kingdom
NCT03352453,United States
NCT05837845,United States
NCT02438072,Switzerland
NCT06309472,United Kingdom
NCT02217995,Canada
NCT02926677,United States
NCT02264275,Switzerland
NCT02479919,France
NCT01192867,Mexico
NCT01192867,United States
NCT01192867,Finland
NCT01192867,Romania
NCT01192867,Colombia
NCT01192867,Russia
NCT01192867,South Korea
NCT01192867,Argentina
NCT01192867,Hungary
NCT01192867,India
NCT01192867,Australia
NCT01192867,United Kingdom
NCT01192867,Sweden
NCT01192867,France
NCT03668600,United States
NCT02551445,United Kingdom
NCT02004145,United States
NCT03186872,United States
NCT01469039,United States
NCT01469039,Romania
NCT01469039,Russia
NCT01469039,Philippines
NCT01469039,South Korea
NCT01469039,Malaysia
NCT01469039,Bulgaria
NCT01469039,Ukraine
NCT05086757,United States
NCT04971057,Taiwan
NCT05097430,Canada
NCT01523730,Canada
NCT06402955,United States
NCT07316374,China
NCT02773082,United States
NCT04317859,Canada
NCT05111548,United States
NCT02809326,United States
NCT07580885,Turkey (Türkiye)
NCT06828276,Sweden
NCT01957410,United States
NCT03191760,United States
NCT03683823,United States
NCT07186023,Taiwan
NCT02961738,United Kingdom
NCT04859647,United Kingdom
NCT01520649,United States
NCT05616949,United States
NCT03989284,Philippines
NCT05281133,Turkey (Türkiye)
NCT04042038,Spain
NCT02669758,Bulgaria
NCT02669758,Ukraine
NCT02669758,United States
NCT02669758,Serbia
NCT05711940,Canada
NCT05711940,Denmark
NCT05711940,Ireland
NCT05711940,Netherlands
NCT05711940,United States
NCT05711940,Czechia
NCT05711940,Germany
NCT05711940,Poland
NCT05711940,Spain
NCT05711940,United Kingdom
NCT05711940,Sweden
NCT05711940,France
NCT03925168,United States
NCT03373110,United States
NCT04533529,Mexico
NCT04533529,United States
NCT04533529,South Africa
NCT04533529,Colombia
NCT04533529,Czechia
NCT04533529,Russia
NCT04533529,Taiwan
NCT04533529,Brazil
NCT04533529,Spain
NCT04533529,Bulgaria
NCT04533529,Sweden
NCT03071939,France
NCT02213601,United States
NCT01670019,United States
NCT06452836,Turkey (Türkiye)
NCT04277936,United States
NCT04673578,Canada
NCT07429578,Brazil
NCT03359785,United States
NCT02579317,United States
NCT02105740,Brazil
NCT03860597,United States
NCT05637879,United States
NCT06356896,Turkey (Türkiye)
NCT04807517,United States
NCT04592718,United States
NCT03581097,Switzerland
NCT04786496,Spain
NCT05489042,United States
NCT02926976,China
NCT03468517,Turkey (Türkiye)
NCT06486389,Turkey (Türkiye)
NCT03841474,Croatia
NCT04826510,China
NCT06150196,United States
NCT03872596,United States
NCT03450291,United Kingdom
NCT01090713,United States
NCT04967560,China
NCT06175559,China
NCT05873127,China
NCT06193876,Turkey (Türkiye)
NCT01729689,United States
NCT06118268,United States
NCT02679768,Denmark
NCT03538691,United States
NCT04544618,Canada
NCT02988518,France
NCT04302818,Sweden
NCT03899090,United States
NCT05684120,United States
NCT06419959,United States
NCT04864340,Spain
NCT01837797,United States
NCT04007510,United States
NCT03404882,Canada
NCT03712462,United States
NCT06386588,United States
NCT05136586,France
NCT04603235,Sweden
NCT02272517,Slovakia
NCT02272517,Germany
NCT02272517,Serbia
NCT02272517,Finland
NCT05757791,United States
NCT01662297,United States
NCT05030610,United States
NCT01804920,Israel
NCT03456388,China
NCT04321317,France
NCT04113850,United States
NCT07300618,Turkey (Türkiye)
NCT04301180,Spain
NCT06064474,United Kingdom
NCT05026203,Thailand
NCT06005103,Denmark
NCT04450303,United States
NCT04842903,Turkey (Türkiye)
NCT07159061,United States
NCT03329391,Taiwan
NCT06038318,United States
NCT02261818,United States
NCT05585203,United States
NCT03974503,United States
NCT01458327,United States
NCT05612061,United States
NCT02796573,Denmark
NCT02523105,Israel
NCT02458105,Sweden
NCT03514394,United States
NCT01429831,Taiwan
NCT07161102,Brazil
NCT05871372,United States
NCT04368039,United States
NCT03179839,China
NCT01582581,United States
NCT02459327,United States
NCT03502486,Switzerland
NCT06238869,China
NCT04876183,Germany
NCT02965027,United States
NCT04761861,Egypt
NCT07168954,Canada
NCT02486705,United States
NCT05900245,China
NCT04771195,United States
NCT03991377,Spain
NCT07541157,Indonesia
NCT05355142,China
NCT06572683,United States
NCT04110405,Tajikistan
NCT02808702,United States
NCT03917875,United States
NCT01376986,Finland
NCT05654870,United States
NCT04545294,Taiwan
NCT04106102,France
NCT06028945,Canada
NCT04752072,United Kingdom
NCT03360695,United States
NCT06231095,Poland
NCT07452861,Turkey (Türkiye)
NCT05314361,Canada
NCT05377294,United Kingdom
NCT02047539,United States
NCT04949477,Egypt
NCT04070183,United States
NCT04529694,United States
NCT06619366,Canada
NCT02651402,United States
NCT05648539,China
NCT03970642,United States
NCT02543983,United States
NCT04673851,United States
NCT06676202,Turkey (Türkiye)
NCT06058702,United States
NCT03860753,United States
NCT07062042,Norway
NCT02546570,United States
NCT03593473,United States
NCT02863094,China
NCT02262156,Mexico
NCT06423651,Spain
NCT06609902,United States
NCT06345053,Norway
NCT03453437,Norway
NCT04031547,United States
NCT02614326,United Kingdom
NCT04460378,Germany
NCT03988985,Germany
NCT07063485,China
NCT05482217,Botswana
NCT02081417,United States
NCT04301089,United States
NCT01368068,Australia
NCT05820789,Turkey (Türkiye)
NCT02832050,United Kingdom
NCT05353491,Pakistan
NCT03315390,Germany
NCT06349460,United States
NCT02593643,Canada
NCT01739335,United States
NCT05551468,Netherlands
NCT05748990,Canada
NCT01430455,United States
NCT07183826,Poland
NCT05304143,Spain
NCT06625008,United States
NCT02918825,China
NCT01923025,United Kingdom
NCT01655368,Germany
NCT03489174,Canada
NCT04620460,China
NCT04139785,United Kingdom
NCT03922217,United States
NCT05792540,Egypt
NCT04847076,Chile
NCT06826417,Taiwan
NCT05554289,China
NCT05640089,Netherlands
NCT02366390,Denmark
NCT04413513,Hong Kong
NCT05466617,United States
NCT05855850,Canada
NCT02896374,France
NCT01860924,United States
NCT01892124,United States
NCT05697835,United States
NCT01752608,United States
NCT01927276,United States
NCT05538910,United States
NCT06889025,Canada
NCT01654640,South Korea
NCT04741568,United Kingdom
NCT05881174,United States
NCT06301074,China
NCT02227160,United States
NCT01992913,United States
NCT06207760,Italy
NCT01320982,Israel
NCT01320982,Romania
NCT07152925,China
NCT05122676,United States
NCT01689740,Israel
NCT03606850,France
NCT01129674,Mexico
NCT01129674,Puerto Rico
NCT01129674,Japan
NCT01129674,United States
NCT01129674,Croatia
NCT01129674,Russia
NCT01129674,South Korea
NCT01129674,Taiwan
NCT01129674,Ukraine
NCT04426318,United States
NCT04366518,United States
NCT06800118,Turkey (Türkiye)
NCT06289010,United States
NCT04069091,Finland
NCT05574491,Spain
NCT02782091,France
NCT01367080,South Korea
NCT02084979,United States
NCT03491696,France
NCT07285161,Netherlands
NCT04140773,Switzerland
NCT02593474,United States
NCT03919760,Canada
NCT04199182,United States
NCT06488859,United States
NCT04186962,United Kingdom
NCT03978442,United States
NCT02532660,Brazil
NCT04460027,United States
NCT06100146,Ethiopia
NCT06038786,United States
NCT02602886,China
NCT04363086,Hungary
NCT06465589,Switzerland
NCT06216691,United States
NCT04093518,Moldova
NCT03300713,France
NCT04264520,United States
NCT05295888,Canada
NCT06193161,Sweden
NCT02553161,United States
NCT05908097,United States
NCT01863459,Canada
NCT01192880,Japan
NCT01192880,United States
NCT01192880,Czechia
NCT01192880,Russia
NCT01192880,China
NCT01192880,Bulgaria
NCT01192880,Italy
NCT05459246,Turkey (Türkiye)
NCT01466127,United States
NCT01751542,United States
NCT06042283,Turkey (Türkiye)
NCT05181254,Sweden
NCT02644161,Hong Kong
NCT03551886,United States
NCT06917170,China
NCT04061954,Burundi
NCT02435654,China
NCT05066672,United States
NCT06696001,United States
NCT05629507,Italy
NCT05898100,Canada
NCT00970437,Germany
NCT03202095,United States
NCT06608277,United States
NCT01944657,United States
NCT02627612,United States
NCT01379781,United States
NCT02500719,United States
NCT01822730,China
NCT01087736,United States
NCT06545071,United States
NCT04940039,Rwanda
NCT03310112,United States
NCT03641300,Canada
NCT02865629,United States
NCT02832037,Canada
NCT02832037,Japan
NCT02832037,United States
NCT02832037,Germany
NCT02832037,Poland
NCT02832037,South Korea
NCT02832037,Taiwan
NCT02832037,Austria
NCT02832037,Spain
NCT02832037,United Kingdom
NCT02832037,Italy
NCT01352637,United States
NCT04986072,United States
NCT01757301,United States
NCT07549581,United States
NCT03190707,Denmark
NCT04560075,United States
NCT01460381,United States
NCT07151781,Ethiopia
NCT06291467,France
NCT06528067,United States
NCT01733602,Australia
NCT05849402,United States
NCT01423253,United States
NCT05377177,United States
NCT05325645,Japan
NCT01534377,United States
NCT01083381,Iran
NCT07088367,Turkey (Türkiye)
NCT07075237,China
NCT04616937,United Kingdom
NCT03684239,China
NCT03056157,United States
NCT06184581,Denmark
NCT05992831,United States
NCT01828931,Canada
NCT05746767,United States
NCT06357429,Turkey (Türkiye)
NCT06493695,Taiwan
NCT05786677,Egypt
NCT03889301,United States
NCT03971097,United States
NCT04041024,France
NCT05518162,United States
NCT01239888,Australia
NCT06046586,Sweden
NCT05032586,Turkey (Türkiye)
NCT01602510,China
NCT01258920,Japan
NCT07817459,Australia
NCT01940159,United States
NCT05871580,Spain
NCT06384196,Spain
NCT06594588,China
NCT06765824,Spain
NCT06365723,United States
NCT06290180,United States
NCT03391596,Finland
NCT04807062,China
NCT05044546,United States
NCT06331286,China
NCT04495803,Canada
NCT07525388,Turkey (Türkiye)
NCT05987969,United Kingdom
NCT06620783,South Korea
NCT04634669,United States
NCT06730841,United States
NCT07065396,Canada
NCT03761303,Germany
NCT01973270,United States
NCT04418362,United Kingdom
NCT05363527,United States
NCT01968161,Canada
NCT04768361,Spain
NCT01267773,United States
NCT06634641,France
NCT05043441,United States
NCT07025486,United States
NCT01152554,Puerto Rico
NCT01152554,United States
NCT06107803,United States
NCT04206969,France
NCT06588270,Chile
NCT00981383,Canada
NCT07095205,United States
NCT06532305,Taiwan
NCT02846662,Brazil
NCT02589262,United Kingdom
NCT04986969,United States
NCT01200069,United States
NCT05989841,United States
NCT05835583,Taiwan
NCT02923141,United States
NCT01159041,United States
NCT02658994,Pakistan
NCT06359951,United States
NCT03062553,Canada
NCT05407337,France
NCT02522377,United States
NCT04857775,Canada
NCT02194075,China
NCT04313439,Sweden
NCT01432457,United States
NCT01316302,United States
NCT07100951,Turkey (Türkiye)
NCT02655172,France
NCT06726239,Turkey (Türkiye)
NCT05948839,China
NCT05806112,United States
NCT04137081,United States
NCT05671419,United States
NCT06363019,Singapore
NCT07780695,France
NCT04022577,Taiwan
NCT03348475,Canada
NCT01632319,United States
NCT05261230,India
NCT06981702,Turkey (Türkiye)
NCT03894345,Canada
NCT02736045,United States
NCT06024239,United States
NCT06789731,United States
NCT01619631,United States
NCT01609153,Germany
NCT04942145,Spain
NCT06355375,Italy
NCT07143357,United States
NCT04366401,Spain
NCT05789329,United States
NCT05321602,United States
NCT06374277,United States
NCT03567681,United States
NCT04276012,Spain
NCT06231927,Turkey (Türkiye)
NCT06464627,Uganda
NCT03121586,Canada
NCT03121586,United States
NCT03121586,Croatia
NCT03121586,Czechia
NCT03121586,Poland
NCT03121586,Russia
NCT03121586,Argentina
NCT03121586,Hungary
NCT03121586,Serbia
NCT03121586,Spain
NCT03121586,Lithuania
NCT03121586,Bulgaria
NCT03121586,Ukraine
NCT03121586,Italy
NCT01470469,United States
NCT04365972,Israel
NCT01880957,United States
NCT05625230,Romania
NCT06695767,United States
NCT06081634,Spain
NCT04244864,Denmark
NCT01116830,United States
NCT06145334,United States
NCT04336228,Denmark
NCT05576467,United States
NCT01510236,Sweden
NCT06072898,Canada
NCT07280481,China
NCT01473381,United States
NCT04030819,France
NCT04094207,Egypt
NCT06604481,Hong Kong
NCT02271412,United States
NCT04860830,Mexico
NCT04860830,Denmark
NCT04860830,United States
NCT04860830,Finland
NCT04860830,Portugal
NCT04860830,Czechia
NCT04860830,Germany
NCT04860830,South Korea
NCT04860830,Taiwan
NCT04860830,Argentina
NCT04860830,Austria
NCT04860830,United Kingdom
NCT04860830,Serbia
NCT04860830,Brazil
NCT04860830,Lithuania
NCT04860830,Bulgaria
NCT04860830,Belgium
NCT04860830,China
NCT03234439,United States
NCT04504877,Brazil
NCT04885257,United States
NCT04159012,Canada
NCT03445130,United States
NCT04280965,United States
NCT05491707,South Africa
NCT05120336,Germany
NCT05402111,United States
NCT06405932,China
NCT04105712,United States
NCT07013981,Japan
NCT07198100,Germany
NCT01908192,Taiwan
NCT01908192,United States
NCT04237532,Egypt
NCT01204229,United States
NCT07716657,Brazil
NCT05426057,United States
NCT03754712,Bangladesh
NCT06676228,Turkey (Türkiye)
NCT03143907,Canada
NCT04909736,United States
NCT01244542,France
NCT06636786,United States
NCT06215066,Egypt
NCT01893229,China
NCT01977729,United States
NCT06710431,United States
NCT03500237,Canada
NCT06035237,Turkey (Türkiye)
NCT05917886,Germany
NCT01372605,United States
NCT06145594,United States
NCT01447966,United States
NCT05410132,Hong Kong
NCT02909504,United States
NCT01422447,China
NCT04443855,Bangladesh
NCT06126185,Hong Kong
NCT06119308,United States
NCT03808909,United States
NCT02320799,Kenya
NCT01492621,Canada
NCT06383221,China
NCT06121206,Denmark
NCT05932706,China
NCT04065126,Sweden
NCT04832815,United States
NCT04953208,Latvia
NCT04953208,Germany
NCT04953208,Israel
NCT01469325,Iran
NCT06451549,United Kingdom
NCT06291558,Turkey (Türkiye)
NCT03208855,United States
NCT01341925,United States
NCT01392963,United States
NCT03758326,United States
NCT04073043,Canada
NCT04816617,China
NCT02873299,United States
NCT06528132,Hong Kong
NCT04254198,United States
NCT03714698,Turkey (Türkiye)
NCT07136714,Denmark
NCT05161416,Turkey (Türkiye)
NCT06970652,United States
NCT06727149,Turkey (Türkiye)
NCT01488058,Australia
NCT07247955,Brazil
NCT02123485,Denmark
NCT03415321,Turkey (Türkiye)
NCT05609916,United States
NCT02659085,Sweden
NCT05818735,China
NCT04686864,Canada
NCT06126198,Sweden
NCT02741206,United States
NCT05399784,United States
NCT05839847,United States
NCT01809158,Ethiopia
NCT05259748,Turkey (Türkiye)
NCT06910748,Hong Kong
NCT07712978,Finland
NCT00979693,United States
NCT06937021,United Kingdom
NCT05785806,China
NCT04911933,Croatia
NCT05054738,United States
NCT02202226,United States
NCT02631785,Israel
NCT01819311,United States
NCT04860271,Indonesia
NCT01722344,Denmark
NCT01913236,Norway
NCT06350201,China
NCT01619930,Sweden
NCT02715128,Germany
NCT02156128,Norway
NCT05085392,United States
NCT01492699,United States
NCT05358899,China
NCT02029963,Canada
NCT02562287,Brazil
NCT02058693,United States
NCT02026037,United States
NCT03433339,United States
NCT01309581,United States
NCT02106728,Canada
NCT05118828,Norway
NCT05634265,Kenya
NCT06646900,Pakistan
NCT06611592,Portugal
NCT04465136,Taiwan
NCT01089764,Canada
NCT04167709,Sweden
NCT02953639,United States
NCT04032301,United States
NCT06809881,France
NCT02958228,Germany
NCT03265600,United States
NCT05803707,France
NCT05627492,Canada
NCT01397032,Israel
NCT03924193,United States
NCT01413932,United States
NCT02703363,Pakistan
NCT05454293,United States
NCT02196506,Slovakia
NCT02196506,United States
NCT02196506,Germany
NCT02196506,Poland
NCT02196506,Hungary
NCT05266833,United States
NCT03552900,United States
NCT05539807,Norway
NCT04252807,Pakistan
NCT02953444,United States
NCT06989944,Italy
NCT01686087,United States
NCT03334721,United States
NCT06339047,Turkey (Türkiye)
NCT04083352,United States
NCT04111627,United States
NCT05182827,France
NCT03508427,France
NCT05520983,United States
NCT05682183,Singapore
NCT03737383,United States
NCT07737054,Israel
NCT06814366,Turkey (Türkiye)
NCT04276922,United States
NCT03848000,United Kingdom
NCT04318236,Switzerland
NCT03059771,United States
NCT01124344,Sweden
NCT03993509,United States
NCT03925987,United States
NCT05372887,Kenya
NCT06153004,India
NCT06372834,Taiwan
NCT04394832,United Kingdom
NCT07061132,Turkey (Türkiye)
NCT05513963,United States
NCT01396421,Canada
NCT01396421,Japan
NCT01396421,United States
NCT01396421,Romania
NCT01396421,Poland
NCT01396421,South Korea
NCT01396421,Latvia
NCT01396421,Serbia
NCT01396421,Ukraine
NCT00946816,Switzerland
NCT03153904,United States
NCT07139249,Egypt
NCT04877158,United States
NCT05179785,United States
NCT07085143,China
NCT04617015,United States
NCT05288699,United States
NCT01213121,South Korea
NCT03112304,United States
NCT02246426,United States
NCT01840826,United States
NCT04322526,United States
NCT06979414,Turkey (Türkiye)
NCT03646058,France
NCT05798299,Portugal
NCT02013232,China
NCT06902298,United States
NCT01230047,United States
NCT05997849,Chile
NCT01135758,Switzerland
NCT04403126,United States
NCT05569915,United States
NCT04203563,United States
NCT02837887,United States
NCT06268106,Italy
NCT03661333,Canada
NCT05225987,Turkey (Türkiye)
NCT04478058,Canada
NCT01458626,China
NCT01553578,United States
NCT05646732,United States
NCT04554121,United States
NCT05913947,Denmark
NCT06775548,Pakistan
NCT07129278,United States
NCT04642898,United States
NCT07349706,United States
NCT02849548,United States
NCT03512587,Colombia
NCT01176721,Germany
NCT04661514,United States
NCT06633016,United States
NCT07731906,Italy
NCT06593847,Netherlands
NCT06593847,United States
NCT06593847,Germany
NCT06593847,Australia
NCT06593847,China
NCT06922058,Turkey (Türkiye)
NCT05950711,United States
NCT03645811,Turkey (Türkiye)
NCT01557192,United States
NCT05943171,United States
NCT01310634,China
NCT04338321,Finland
NCT04338321,South Korea
NCT04338321,United Arab Emirates
NCT04338321,Argentina
NCT04338321,Hungary
NCT04338321,Brazil
NCT04338321,Israel
NCT04338321,Norway
NCT04338321,Netherlands
NCT04338321,South Africa
NCT04338321,Malaysia
NCT04338321,Portugal
NCT04338321,Bulgaria
NCT04338321,Denmark
NCT04338321,Germany
NCT04338321,Poland
NCT04338321,Taiwan
NCT04338321,Turkey (Türkiye)
NCT04338321,Belgium
NCT04338321,Sweden
NCT04338321,Czechia
NCT04338321,Austria
NCT04338321,Greece
NCT04338321,Kazakhstan
NCT06628752,Sweden
NCT02036658,United States
NCT03068715,United States
NCT05891717,Pakistan
NCT05669391,China
NCT06431074,United States
NCT06991621,China
NCT03953521,Germany
NCT03515733,United Kingdom
NCT02232126,United States
NCT04624243,Japan
NCT04624243,United States
NCT04624243,Romania
NCT04624243,Croatia
NCT04624243,Poland
NCT04624243,Russia
NCT04624243,South Korea
NCT04624243,Taiwan
NCT04624243,Latvia
NCT04624243,Serbia
NCT04624243,Bulgaria
NCT04624243,Ukraine
NCT05753176,Canada
NCT05234476,United States
NCT04892199,Denmark
NCT01424449,United Kingdom
NCT02578758,Spain
NCT02144155,United States
NCT04505189,United Kingdom
NCT05954598,China
NCT06870214,Turkey (Türkiye)
NCT03296384,France
NCT04709952,South Korea
NCT05575349,Turkey (Türkiye)
NCT02769858,United States
NCT01242735,United States
NCT03921450,Switzerland
NCT02811458,Canada
NCT04917458,Indonesia
NCT02347748,Canada
NCT05136755,Taiwan
NCT07218055,United States
NCT06237426,Ireland
NCT06237426,United Kingdom
NCT06237426,United States
NCT04411225,United States
NCT02110017,France
NCT04485650,Turkey (Türkiye)
NCT06252090,Chile
NCT07752706,Turkey (Türkiye)
NCT02366117,Portugal
NCT04433247,United States
NCT05589948,United States
NCT01626885,Japan
NCT02803125,United States
NCT06850376,Italy
NCT05518968,United States
NCT04998097,Taiwan
NCT07017478,United States
NCT04328935,Sweden
NCT06979089,Netherlands
NCT04867889,Sweden
NCT04850989,United States
NCT01372150,Mexico
NCT01372150,United States
NCT05335850,United States
NCT01692574,United States
NCT01275248,Mexico
NCT01275248,United States
NCT06402526,Canada
NCT03107026,United States
NCT06550778,China
NCT06266715,China
NCT06872008,Turkey (Türkiye)
NCT06904508,United States
NCT05892276,United States
NCT03042650,United States
NCT01812291,Germany
NCT04258618,United States
NCT02378818,France
NCT03019497,Canada
NCT05526235,Spain
NCT04075435,United States
NCT02430935,Canada
NCT02285608,Canada
NCT02106325,United States
NCT01737268,Japan
NCT02012218,United States
NCT06167590,Italy
NCT02360813,Ireland
NCT05391555,United States
NCT04880278,United States
NCT01110889,Puerto Rico
NCT01110889,United States
NCT04419168,United States
NCT06248190,South Africa
NCT01813955,Denmark
NCT03419585,United States
NCT06755268,Turkey (Türkiye)
NCT03621397,United States
NCT01100255,United States
NCT04745143,Taiwan
NCT06494735,France
NCT06784908,United States
NCT05094297,United States
NCT06988410,Ghana
NCT07417826,Spain
NCT03835715,Spain
NCT03835715,Lithuania
NCT03835715,Italy
NCT03835715,France
NCT05954208,Turkey (Türkiye)
NCT03060291,United States
NCT01887990,United States
NCT05433389,United States
NCT01783574,United States
NCT01173874,United States
NCT04961190,United States
NCT04286126,United States
NCT06778785,China
NCT04264585,Canada
NCT02284685,United States
NCT04640090,United States
NCT05393518,France
NCT03646526,China
NCT02445378,United States
NCT03308240,United States
NCT06050590,United States
NCT05415397,Netherlands
NCT01433055,United States
NCT06695715,Spain
NCT03911674,Spain
NCT04847921,United States
NCT07621549,Taiwan
NCT04379349,Canada
NCT04180709,United Kingdom
NCT04841798,Canada
NCT01182363,United States
NCT03039387,Germany
NCT05895747,United States
NCT05338632,Netherlands
NCT05004987,United States
NCT03426709,Spain
NCT03521609,Spain
NCT02542709,Canada
NCT04113798,United States
NCT04109014,United States
NCT05898516,Canada
NCT02254733,United States
NCT06117033,Turkey (Türkiye)
NCT02360033,Germany
NCT06629064,United States
NCT05012709,Taiwan
NCT03402009,United States
NCT02288416,United States
NCT01824433,China
NCT06037993,Italy
NCT01457404,United States
NCT05950932,Italy
NCT04040998,Taiwan
NCT06817863,United States
NCT05541887,United States
NCT06139016,United States
NCT05369806,Kenya
NCT04087564,United States
NCT04044534,United States
NCT06150963,United States
NCT06594406,China
NCT03485287,Canada
NCT02200406,Canada
NCT06801132,China
NCT01958593,Canada
NCT07779044,Syria
NCT01880814,United States
NCT04177706,United States
NCT04103606,Italy
NCT03626103,United States
NCT03478527,Germany
NCT05195203,China
NCT03247959,India
NCT06955780,United States
NCT07417280,Canada
NCT04773171,Hong Kong
NCT03435744,Pakistan
NCT07030244,Netherlands
NCT05313334,United States
NCT01102764,United States
NCT03243799,Spain
NCT02410616,Switzerland
NCT05026333,United States
NCT03427892,United States
NCT07193563,United States
NCT06537921,United Kingdom
NCT02765906,United States
NCT02066792,United States
NCT04556552,United States
NCT03822416,United States
NCT01906606,Uganda
NCT06336811,Turkey (Türkiye)
NCT04532034,United States
NCT02310932,India
NCT06731621,Canada
NCT03985904,Spain
NCT06657014,United Kingdom
NCT03118752,United States
NCT01903447,United States
NCT01614249,Kenya
NCT01716858,Japan
NCT05884749,Canada
NCT02026947,Finland
NCT06395558,Italy
NCT02992158,United States
NCT04630249,United States
NCT04545086,India
NCT05739370,Canada
NCT01967394,United States
NCT07545551,Turkey (Türkiye)
NCT03918031,United States
NCT03463902,Switzerland
NCT01635569,Canada
NCT06801041,United States
NCT03287505,China
NCT02684994,United States
NCT05291429,United States
NCT01483053,Australia
NCT05372042,United States
NCT07558161,Pakistan
NCT02819986,Canada
NCT01006694,Vietnam
NCT07550166,United States
NCT04590573,Hong Kong
NCT07146269,Germany
NCT05186441,China
NCT07468994,Pakistan
NCT06505694,United States
NCT05956327,Germany
NCT06462586,United States
NCT06462586,Croatia
NCT06462586,India
NCT06462586,Serbia
NCT06462586,Bulgaria
NCT03295305,Denmark
NCT03665831,Canada
NCT01346241,United States
NCT05954754,Turkey (Türkiye)
NCT01540305,Brazil
NCT03255122,United States
NCT07217561,United States
NCT06186570,Germany
NCT06736769,United States
NCT04244786,United States
NCT06213883,United States
NCT02992405,United States
NCT05712954,Turkey (Türkiye)
NCT03736954,United States
NCT05501405,France
NCT07296822,Sweden
NCT02489422,United States
NCT06698666,Egypt
NCT04013451,Canada
NCT01858948,United States
NCT02237235,United States
NCT06136676,India
NCT02468050,Canada
NCT01577290,Sweden
NCT05580081,United States
NCT04917419,France
NCT05061719,Slovakia
NCT05061719,United States
NCT05061719,Finland
NCT05061719,Germany
NCT05061719,Czechia
NCT05061719,Poland
NCT05061719,South Korea
NCT05061719,Hungary
NCT05061719,India
NCT05061719,Bulgaria
NCT05061719,Sweden
NCT02104128,United Kingdom
NCT01696578,Kosovo
NCT05254015,United States
NCT06192225,Netherlands
NCT03461640,Sweden
NCT04155385,United States
NCT02966340,United States
NCT04803812,Canada
NCT04708028,United States
NCT06335407,United States
NCT06837207,China
NCT03601026,Canada
NCT06735885,United States
NCT02079935,Norway
NCT01883791,United States
NCT01770600,United States
NCT06980207,China
NCT04793828,Germany
NCT03588728,United States
NCT03766074,Iran
NCT07147218,United States
NCT05944510,India
NCT06717724,Romania
NCT07506759,Turkey (Türkiye)
NCT05867680,United States
NCT01289080,United States
NCT01324050,Sweden
NCT01549691,France
NCT03899220,United States
NCT03777189,United States
NCT03562650,United States
NCT02590874,United States
NCT04719897,United States
NCT01938859,China
NCT04864080,United States
NCT01831440,China
NCT04643210,Cyprus
NCT03194113,Netherlands
NCT01613820,United States
NCT06226779,Taiwan
NCT04471818,Mexico
NCT04630197,Canada
NCT03072823,Taiwan
NCT03645759,United States
NCT02708940,United States
NCT01892189,United States
NCT05086913,Hong Kong
NCT05274620,United States
NCT03327259,United States
NCT03527459,United States
NCT03623880,United States
NCT02088580,United States
NCT01659320,United States
NCT05953779,Israel
NCT05953779,United States
NCT01699997,Italy
NCT05673382,Sweden
NCT06957223,Pakistan
NCT04451759,France
NCT04467320,United Kingdom
NCT01069159,Canada
NCT01133080,Israel
NCT03751852,Hong Kong
NCT01775852,United States
NCT04895852,China
NCT01811147,United States
NCT04664855,United States
NCT05356026,Turkey (Türkiye)
NCT05046184,United States
NCT04388748,United States
NCT04724447,United States
NCT01248052,Singapore
NCT06315049,Spain
NCT03084055,United Kingdom
NCT04344678,Egypt
NCT07116785,Israel
NCT06460285,United States
NCT03816215,United States
NCT04804358,France
NCT04433858,United States
NCT05727358,China
NCT05764148,South Korea
NCT03226743,Germany
NCT01619384,United States
NCT01626833,France
NCT06278038,China
NCT02203838,United States
NCT01507155,United States
NCT04143126,United States
NCT05842343,France
NCT01220635,United States
NCT04946955,France
NCT01870843,China
NCT03647826,Norway
NCT03957525,Switzerland
NCT03932825,China
NCT06748950,United States
NCT03443635,United States
NCT01098435,United States
NCT02011750,Egypt
NCT07436117,United Kingdom
NCT03261817,France
NCT02615717,United States
NCT07460817,Norway
NCT04620447,India
NCT02218138,United States
NCT02844049,Germany
NCT02844049,Switzerland
NCT02844049,Sweden
NCT02844049,France
NCT06942858,China
NCT07217847,United States
NCT03707158,United States
NCT05564533,United States
NCT05375214,United States
NCT02816684,United States
NCT07217652,United States
NCT04770584,United States
NCT02634684,United States
NCT02652832,France
NCT04307563,United States
NCT02332798,United States
NCT02329587,United States
NCT04636398,India
NCT01108393,Israel
NCT04132232,United States
NCT03620721,United States
NCT02131116,United States
NCT02014363,United Kingdom
NCT02852616,Germany
NCT03590106,United States
NCT05406414,Denmark
NCT01720316,United States
NCT02717052,Austria
NCT03610087,Canada
NCT03168893,Spain
NCT03159793,Egypt
NCT05224414,United States
NCT06575816,Turkey (Türkiye)
NCT04937504,United States
NCT02021214,United States
NCT02158533,Canada
NCT02158533,Australia
NCT02158533,United States
NCT07317206,Brazil
NCT02730806,Israel
NCT05772104,China
NCT02898233,United States
NCT07012200,Taiwan
NCT03712267,United States
NCT06080477,Malawi
NCT06722781,United Kingdom
NCT05937165,United States
NCT01146730,Norway
NCT05692219,Hong Kong
NCT03684057,United States
NCT03649581,France
NCT04254965,Taiwan
NCT05900271,Netherlands
NCT06858371,China
NCT06989957,United States
NCT05321628,Sweden
NCT06605092,Canada
NCT05096611,United States
NCT03882411,United States
NCT04829292,Canada
NCT05077644,United States
NCT04482244,United States
NCT01568307,Australia
NCT03333707,United States
NCT06311136,Germany
NCT06266507,Turkey (Türkiye)
NCT06646692,United States
NCT07144592,Turkey (Türkiye)
NCT04753944,Poland
NCT02970734,Canada
NCT03304392,Canada
NCT03652311,United States
NCT05547711,Germany
NCT04304911,Spain
NCT04972136,Canada
NCT06458192,United States
NCT01121536,Canada
NCT01121536,Slovakia
NCT01121536,United States
NCT01121536,South Africa
NCT01121536,Croatia
NCT01121536,Germany
NCT01121536,Poland
NCT01121536,Argentina
NCT01121536,Hungary
NCT01121536,Australia
NCT01121536,Serbia
NCT01121536,Brazil
NCT01121536,Spain
NCT01121536,Bulgaria
NCT01121536,Ukraine
NCT01121536,Italy
NCT01121536,France
NCT06515236,United States
NCT04127136,Turkey (Türkiye)
NCT04414371,United States
NCT03605407,Spain
NCT04819711,United Kingdom
NCT04819711,Turkey (Türkiye)
NCT05067244,Canada
NCT05024136,Taiwan
NCT03932136,China
NCT03509844,Norway
NCT05707234,Belgium
NCT02716584,United States
NCT04755998,Turkey (Türkiye)
NCT03539887,United States
NCT03128021,United States
NCT01614093,United States
NCT01763216,United States
NCT05115604,Spain
NCT01618552,United States
NCT06626152,Canada
NCT06826352,Turkey (Türkiye)
NCT03940898,China
NCT01749098,United States
NCT03176004,United States
NCT02837016,United States
NCT03058952,United States
NCT03402152,United States
NCT05526833,United States
NCT03774433,United States
NCT06919133,Germany
NCT06919133,Denmark
NCT06919133,Spain
NCT04043052,France
NCT01138007,South Korea
NCT01138007,Japan
NCT02796144,United States
NCT03763292,Norway
NCT06075771,United States
NCT06770244,China
NCT06937892,Sweden
NCT01803711,United States
NCT02840071,United Kingdom
NCT03395392,United States
NCT02878928,United States
NCT04748367,Singapore
NCT02950467,United States
NCT01564667,United States
NCT06745700,Sweden
NCT04188392,United States
NCT03904511,Canada
NCT04985344,France
NCT02189915,United States
NCT07214415,United States
NCT04602936,United States
NCT07101211,Turkey (Türkiye)
NCT03489811,United States
NCT05113771,Canada
NCT05113771,United States
NCT05771636,Belgium
NCT07112092,Turkey (Türkiye)
NCT02451371,South Korea
NCT05819411,United States
NCT05040711,United States
NCT01242371,United States
NCT03236467,United States
NCT06013930,United States
NCT01764035,United States
NCT04577508,Italy
NCT04009135,Canada
NCT04438356,Taiwan
NCT01978782,Netherlands
NCT06705296,Canada
NCT02003261,Japan
NCT05666661,Taiwan
NCT02186366,China
NCT05149066,Portugal
NCT03221556,United States
NCT02477722,Israel
NCT04318951,Germany
NCT02642029,United States
NCT03348345,United States
NCT03051945,United States
NCT05538039,Turkey (Türkiye)
NCT01743339,United States
NCT06086639,Turkey (Türkiye)
NCT05389657,United States
NCT06723249,Malaysia
NCT02538549,Canada
NCT06590038,United States
NCT06271733,United States
NCT02028247,United States
NCT02712749,Italy
NCT06403449,China
NCT01955538,Denmark
NCT02453347,United States
NCT07334249,China
NCT06136520,Turkey (Türkiye)
NCT05539820,Turkey (Türkiye)
NCT01986296,South Korea
NCT04106388,United States
NCT06970886,Turkey (Türkiye)
NCT01555970,Brazil
NCT03329573,China
NCT05907369,Iran
NCT03935854,United States
NCT05830266,Netherlands
NCT02256566,United States
NCT05094531,France
NCT04244253,Japan
NCT01949753,Germany
NCT00995553,United States
NCT05181995,United States
NCT06229977,United States
NCT04441879,Portugal
NCT04527627,Spain
NCT06784388,China
NCT06939088,Denmark
NCT07080827,Turkey (Türkiye)
NCT04580082,United States
NCT05207982,United States
NCT07263659,Netherlands
NCT06820580,Turkey (Türkiye)
NCT06945796,Turkey (Türkiye)
NCT03240003,United States
NCT06703827,United Kingdom
NCT01948596,Japan
NCT01948596,Taiwan
NCT04870996,Hong Kong
NCT00734903,United States
NCT05227703,Bulgaria
NCT05227703,United States
NCT05227703,Hungary
NCT04364646,United States
NCT01082588,United States
NCT05319080,United States
NCT04033679,Canada
NCT06771141,Turkey (Türkiye)
NCT06629441,China
NCT04236505,United Kingdom
NCT07132905,Zambia
NCT06499129,Turkey (Türkiye)
NCT05947383,United States
NCT01372722,Germany
NCT04239651,Canada
NCT05407051,United States
NCT05964231,Taiwan
NCT04262895,United States
NCT04045977,Poland
NCT05910775,United States
NCT03201757,Puerto Rico
NCT03201757,Ireland
NCT03201757,United States
NCT03201757,Poland
NCT03201757,Russia
NCT03201757,South Korea
NCT03201757,Austria
NCT03201757,United Kingdom
NCT03201757,Serbia
NCT03201757,Bulgaria
NCT03201757,Ukraine
NCT03201757,Israel
NCT03201757,Italy
NCT02955719,Canada
NCT02761330,United States
NCT05723328,United States
NCT03999567,Canada
NCT04007367,United States
NCT03291600,Canada
NCT03147924,Canada
NCT02360280,United States
NCT06992180,China
NCT02082561,United States
NCT05530642,Canada
NCT01620086,United States
NCT05865405,United States
NCT01584466,United States
NCT01182051,United States
NCT04832451,Turkey (Türkiye)
NCT02476331,Canada
NCT06093737,United States
NCT06088069,Egypt
NCT05016154,South Africa
NCT03595254,United States
NCT01459705,United States
NCT02170194,United States
NCT06363266,Canada
NCT03678766,United States
NCT05415566,Turkey (Türkiye)
NCT05435222,Switzerland
NCT01685931,China
NCT05709353,Australia
NCT01838681,Canada
NCT01838681,Estonia
NCT01838681,Mexico
NCT01838681,United States
NCT01838681,Finland
NCT01838681,Romania
NCT01838681,Germany
NCT01838681,Poland
NCT01838681,Russia
NCT01838681,South Korea
NCT01838681,Latvia
NCT01838681,United Kingdom
NCT01838681,Lithuania
NCT01838681,Bulgaria
NCT01838681,Ukraine
NCT01838681,Sweden
NCT05902819,Switzerland
NCT05993728,Norway
NCT03050853,United States
NCT05589337,China
NCT07137845,Canada
NCT04949945,Pakistan
NCT03167372,United States
NCT06318195,Sweden
NCT07532512,Turkey (Türkiye)
NCT06958081,Brazil
NCT05132881,United States
NCT07192367,Turkey (Türkiye)
NCT01909167,United Kingdom
NCT04993300,Taiwan
NCT05916053,Saudi Arabia
NCT05251337,United States
NCT05212753,Turkey (Türkiye)
NCT06263257,Turkey (Türkiye)
NCT05234281,Norway
NCT05824728,United States
NCT06310720,United States
NCT02506127,United States
NCT07180342,China
NCT04646369,United States
NCT02823041,United States
NCT05521854,United States
NCT05050266,United States
NCT01348529,Sweden
NCT01250431,United States
NCT05894902,United States
NCT02648737,Netherlands
NCT02648737,France
NCT02600637,United States
NCT04974645,United States
NCT06802939,China
NCT04496557,United States
NCT04928001,United States
NCT03580967,United States
NCT03307967,United States
NCT03636880,United States
NCT06793488,United States
NCT05050227,United States
NCT07060742,Switzerland
NCT02597686,United Kingdom
NCT01377194,Canada
NCT01377194,United States
NCT07510256,United States
NCT06093451,United States
NCT03154151,United States
NCT07216729,United States
NCT03194295,United States
NCT04058795,United States
NCT04278339,France
NCT01773239,United States
NCT01357577,United States
NCT03354975,United States
NCT05988619,United States
NCT05921773,Taiwan
NCT06856083,Iran
NCT01825694,United States
NCT02137369,United States
NCT01280305,Israel
NCT01280305,Romania
NCT02690441,Norway
NCT05133583,Turkey (Türkiye)
NCT05384483,United States
NCT05812469,Turkey (Türkiye)
NCT05177705,United States
NCT01337973,United States
NCT05384041,United States
NCT04784494,Canada
NCT05765656,France
NCT02185612,United States
NCT06451965,United Kingdom
NCT05371665,United States
NCT05103657,Mexico
NCT05103657,United States
NCT05103657,Finland
NCT05103657,Germany
NCT05103657,Croatia
NCT05103657,Poland
NCT05103657,Israel
NCT05103657,Sweden
NCT06587139,United States
NCT06462612,Serbia
NCT06462612,Bulgaria
NCT06462612,United States
NCT06462612,Romania
NCT04414930,United States
NCT01310881,United States
NCT05061381,Ireland
NCT03836430,United States
NCT03531112,United States
NCT05876481,United Kingdom
NCT04913766,United States
NCT02922556,United States
NCT03554694,United Kingdom
NCT02415166,United States
NCT07092956,Turkey (Türkiye)
NCT04785456,Canada
NCT04834622,United Kingdom
NCT05362305,Tanzania
NCT02423694,China
NCT01412866,United States
NCT05778994,Spain
NCT05143866,United States
NCT04512066,Russia
NCT04512066,Japan
NCT04512066,United States
NCT04512066,Ukraine
NCT04827056,United States
NCT04747756,United States
NCT01879956,Brazil
NCT03630822,France
NCT06743282,United States
NCT06037382,United States
NCT03785223,Canada
NCT02998580,Canada
NCT01436162,Estonia
NCT01436162,United States
NCT01436162,Finland
NCT01436162,Romania
NCT01436162,South Africa
NCT01436162,Czechia
NCT01436162,Germany
NCT01436162,Poland
NCT01436162,Hungary
NCT01436162,Belgium
NCT01436162,Sweden
NCT01889342,Norway
NCT02351869,Canada
NCT07071883,United States
NCT04093154,Turkey (Türkiye)
NCT01557894,Romania
NCT04418856,Iceland
NCT07147322,Finland
NCT05353751,United States
NCT05121831,Australia
NCT04707495,Japan
NCT01161277,Norway
NCT04935775,United States
NCT04524975,Russia
NCT05832619,China
NCT05071430,United States
NCT03567330,United States
NCT03599479,South Korea
NCT03219879,Germany
NCT03219879,Switzerland
NCT01754883,United States
NCT04786483,Turkey (Türkiye)
NCT03001154,Sweden
NCT03203954,United States
NCT06653829,United States
NCT06062472,Taiwan
NCT03683472,United States
NCT01573637,Spain
NCT03144739,Iran
NCT03742557,Mexico
NCT07283757,United States
NCT03069612,Canada
NCT07462312,Israel
NCT04445792,United States
NCT05944536,Turkey (Türkiye)
NCT02512367,France
NCT05159336,China
NCT02245607,Mexico
NCT02245607,United States
NCT03329144,Canada
NCT03352011,United States
NCT05372744,Germany
NCT01896934,United States
NCT03702634,United States
NCT02079844,United Kingdom
NCT06792071,Sweden
NCT02883413,United States
NCT04266223,Australia
NCT03958903,United States
NCT01148186,Canada
NCT06704841,United States
NCT01677182,United States
NCT01677182,Romania
NCT01677182,Germany
NCT01677182,Czechia
NCT01677182,Poland
NCT01677182,Russia
NCT01677182,United Kingdom
NCT01677182,Serbia
NCT01677182,Bulgaria
NCT01677182,Ukraine
NCT02062762,Sweden
NCT01390662,Denmark
NCT03694327,United States
NCT06592573,Italy
NCT06277973,Israel
NCT02239094,United States
NCT01323699,United States
NCT06988332,Chile
NCT03056963,United States
NCT06021821,United States
NCT06104904,United States
NCT07158684,Belgium
NCT06811584,Honduras
NCT06145984,Netherlands
NCT04953832,United States
NCT03367533,United States
NCT02287038,United States
NCT02203734,United States
NCT04772664,Austria
NCT02055287,United States
NCT04659993,United States
NCT04554706,United States
NCT05895006,United States
NCT03920384,United Kingdom
NCT06256952,Germany
NCT07246044,China
NCT04182334,United States
NCT06706232,United States
NCT06113887,Turkey (Türkiye)
NCT05849493,Sweden
NCT05730504,Poland
NCT05356364,United States
NCT07185464,China
NCT07794709,Turkey (Türkiye)
NCT07424209,Italy
NCT01952132,United States
NCT06920706,China
NCT03416504,United States
NCT05853744,Tunisia
NCT06206798,Taiwan
NCT07099521,China
NCT06562504,China
NCT05206292,France
NCT02452892,United States
NCT02545634,Canada
NCT03869463,United States
NCT06391216,Poland
NCT07203144,China
NCT05140109,France
NCT03283163,United States
NCT02272387,United States
NCT04729244,United States
NCT05959434,United States
NCT07690709,Hong Kong
NCT02972632,United States
NCT04771767,Canada
NCT03985267,Turkey (Türkiye)
NCT02051192,United States
NCT05833009,China
NCT05696899,United States
NCT02790398,Spain
NCT02627404,France
NCT01487668,United States
NCT02813174,United States
NCT07804979,Pakistan
NCT05917379,China
NCT03859973,Canada
NCT03859973,United States
NCT03859973,Australia
NCT03859973,New Zealand
NCT03859973,United Kingdom
NCT03859973,France
NCT01459068,Thailand
NCT05326074,United States
NCT03142490,Brazil
NCT05454410,Poland
NCT05454410,Japan
NCT05454410,United States
NCT05454410,Spain
NCT02937259,Sweden
NCT03210480,Italy
NCT04210973,China
NCT03481673,United States
NCT05691140,Canada
NCT03113968,United States
NCT02971150,United States
NCT04727697,United States
NCT07703397,Turkey (Türkiye)
NCT01999010,Canada
NCT04524260,Switzerland
NCT01627782,United States
NCT06942559,Canada
NCT05810259,United States
NCT05474846,United States
NCT03321617,United States
NCT02560389,United States
NCT06000774,United States
NCT03327974,France
NCT07082790,Turkey (Türkiye)
NCT02916810,United States
NCT05213013,Turkey (Türkiye)
NCT03658824,United Kingdom
NCT03986827,Denmark
NCT02774642,United States
NCT02472470,Canada
NCT06631183,United States
NCT07077291,China
NCT03488290,Pakistan
NCT07149324,Canada
NCT05813080,Germany
NCT05643170,United States
NCT06516991,China
NCT04075890,United States
NCT06530290,Iran
NCT04657380,France
NCT03760627,Jordan
NCT06276361,Jordan
NCT04337242,Belgium
NCT04837989,Norway
NCT06102096,Sweden
NCT01804296,United States
NCT02348827,Denmark
NCT00560027,United States
NCT03808727,United States
NCT05593276,United States
NCT06776991,United States
NCT02346591,United States
NCT02407691,South Africa
NCT06489990,China
NCT04213820,Sweden
NCT05081596,United States
NCT07155876,United States
NCT03673540,United States
NCT04338750,United States
NCT01616797,United States
NCT06341413,United States
NCT04567680,United States
NCT05774379,Turkey (Türkiye)
NCT06745479,United States
NCT04706442,Singapore
NCT03360942,United States
NCT03012724,Canada
NCT03012724,Israel
NCT03012724,United States
NCT07067424,Cyprus
NCT03606759,France
NCT07003659,Turkey (Türkiye)
NCT04876196,Germany
NCT07272096,United Kingdom
NCT06569303,United States
NCT04050475,Italy
NCT05378581,France
NCT03882619,Taiwan
NCT03000530,United States
NCT03834207,United Kingdom
NCT03834207,Sweden
NCT03834207,Spain
NCT04751864,United States
NCT04153864,Canada
NCT04153864,United States
NCT05568498,Canada
NCT05074693,United States
NCT03786614,United States
NCT01477931,South Korea
NCT05554172,United States
NCT06444295,United States
NCT01474395,United States
NCT05602012,Turkey (Türkiye)
NCT07225712,Japan
NCT05025657,United States
NCT04630444,United States
NCT03028545,France
NCT02381639,France
NCT01173601,Japan
NCT01173601,United States
NCT01173601,South Africa
NCT01173601,Poland
NCT01173601,Russia
NCT01173601,Latvia
NCT01173601,Ukraine
NCT06608030,China
NCT02900092,United States
NCT01582945,United States
NCT05766475,United States
NCT03261557,Spain
NCT07313657,Canada
NCT05300919,United States
NCT04769219,Turkey (Türkiye)
NCT06657807,Sweden
NCT01342536,United States
NCT03550144,United States
NCT01674244,United States
NCT04825171,Switzerland
NCT05112432,United States
NCT04959032,Poland
NCT04959032,Bulgaria
NCT04959032,United States
NCT04959032,Serbia
NCT05322863,Hong Kong
NCT01979263,United States
NCT05417087,India
NCT06414356,United States
NCT06292637,United States
NCT06710912,Malaysia
NCT04714528,Sweden
NCT06360107,United States
NCT07201844,Sweden
NCT03761732,Somalia
NCT04545593,United States
NCT02449421,Canada
NCT02449421,United States
NCT03069677,United States
NCT06814275,United States
NCT04639557,Canada
NCT05786157,United States
NCT04681807,Canada
NCT05180136,South Korea
NCT07061600,Germany
NCT06620900,United States
NCT04932434,United States
NCT01667822,Sweden
NCT05102929,United States
NCT03291431,United States
NCT02840045,France
NCT05282277,United States
NCT04745065,United States
NCT03149107,Germany
NCT03160092,United Kingdom
NCT06924892,United States
NCT01312571,Sweden
NCT01406444,United States
NCT07007234,Brazil
NCT07698132,Denmark
NCT03315793,Japan
NCT06942429,Sweden
NCT02667119,United States
NCT02541630,United States
NCT05774665,United States
NCT04963907,United Kingdom
NCT07253207,China
NCT05212636,Taiwan
NCT05126511,Germany
NCT07022171,Germany
NCT04900272,United States
NCT05861739,Turkey (Türkiye)
NCT02354001,Australia
NCT02919501,Estonia
NCT02919501,Finland
NCT06187428,Sweden
NCT02694328,Puerto Rico
NCT02694328,United States
NCT01828307,United States
NCT06003036,United States
NCT03241277,Brazil
NCT05037175,United States
NCT04184375,France
NCT07080281,Turkey (Türkiye)
NCT06811311,Turkey (Türkiye)
NCT05823922,United States
NCT05875337,Turkey (Türkiye)
NCT04611737,Taiwan
NCT02305537,United States
NCT05390775,United States
NCT04123301,Brazil
NCT06568081,United Kingdom
NCT02487381,Germany
NCT01425619,Israel
NCT04008719,France
NCT02656966,Germany
NCT07355153,South Korea
NCT06232057,Turkey (Türkiye)
NCT05913557,United States
NCT06864065,France
NCT05292807,Israel
NCT02007928,France
NCT05306977,United States
NCT03244475,United States
NCT02833519,Denmark
NCT03733028,United States
NCT01568528,United States
NCT02020265,Israel
NCT06700551,Vietnam
NCT02346539,United States
NCT07126275,United States
NCT04775875,United States
NCT06880328,United States
NCT04094792,United States
NCT05580211,Canada
NCT02690194,United States
NCT03991572,China
NCT04423757,United States
NCT05954728,United States
NCT06854328,Israel
NCT06854328,United States
NCT03411265,United States
NCT02221336,Denmark
NCT01399671,Chile
NCT05336344,United States
NCT06775054,Turkey (Türkiye)
NCT03671005,Germany
NCT07846072,Turkey (Türkiye)
NCT06454695,Netherlands
NCT04945057,Czechia
NCT06200012,United States
NCT05292612,Hong Kong
NCT05860101,United Kingdom
NCT04847128,China
NCT01998945,United States
NCT05342077,United States
NCT05813457,France
NCT03423212,United States
NCT06494319,United States
NCT03039530,Canada
NCT02480192,Canada
NCT01381107,United States
NCT06456307,Kenya
NCT02650544,China
NCT02670551,Estonia
NCT02670551,Puerto Rico
NCT02670551,United States
NCT02670551,Poland
NCT02670551,Lithuania
NCT02670551,Bulgaria
NCT06639477,United States
NCT05028075,United States
NCT01667601,Hong Kong
NCT01667601,Taiwan
NCT01667601,China
NCT05866107,China
NCT04054973,United States
NCT01291173,United States
NCT04006756,Netherlands
NCT06002139,Poland
NCT02760927,United States
NCT05826327,China
NCT04017442,United States
NCT06689254,Netherlands
NCT02136953,Canada
NCT03034356,United States
NCT02170051,United States
NCT03833531,Netherlands
NCT02377375,Belgium
NCT06544512,Turkey (Türkiye)
NCT05570812,United States
NCT02634346,Bulgaria
NCT02634346,Ukraine
NCT02634346,United States
NCT02634346,Serbia
NCT06610188,Turkey (Türkiye)
NCT03880227,United States
NCT03429166,United States
NCT05411302,Canada
NCT05394753,Hong Kong
NCT03896945,Poland
NCT03896945,Bulgaria
NCT03896945,United States
NCT03896945,Puerto Rico
NCT05226351,Germany
NCT05500651,Turkey (Türkiye)
NCT02019329,United States
NCT05911529,Switzerland
NCT05839431,United States
NCT03148639,Canada
NCT02142439,Norway
NCT05310175,China
NCT05725161,United States
NCT02497027,United States
NCT01301183,United States
NCT03271866,China
NCT06796166,Turkey (Türkiye)
NCT01237366,United States
NCT02484456,United States
NCT03062202,United Kingdom
NCT06876103,Turkey (Türkiye)
NCT04528095,China
NCT04160377,China
NCT01519557,United States
NCT03601312,United States
NCT07380061,United States
NCT03408873,United States
NCT07150741,Turkey (Türkiye)
NCT03581305,United States
NCT01514422,United States
NCT05974631,United States
NCT01507753,United States
NCT04173572,United States
NCT03720795,United States
NCT02057042,United States
NCT02176473,United States
NCT01805583,Sweden
NCT03480841,United States
NCT06823141,Switzerland
NCT05839054,Turkey (Türkiye)
NCT04864353,Norway
NCT05443139,Mexico
NCT05443139,Netherlands
NCT05443139,Ecuador
NCT05443139,Brazil
NCT05443139,Spain
NCT05443139,Peru
NCT04580901,Canada
NCT04588883,Kenya
NCT04128202,United States
NCT04333277,Brazil
NCT06066112,China
NCT03627195,United States
NCT01228539,United States
NCT01986101,Slovakia
NCT01986101,Japan
NCT01986101,Russia
NCT01986101,Philippines
NCT01986101,Taiwan
NCT01986101,Malaysia
NCT01986101,Lithuania
NCT01986101,Ukraine
NCT02170467,France
NCT06883734,Turkey (Türkiye)
NCT05933109,Switzerland
NCT02097563,United States
NCT05306626,Canada
NCT02134691,Puerto Rico
NCT02709018,United States
NCT04372537,France
NCT06213701,United States
NCT04016428,United States
NCT01621828,United Kingdom
NCT02944136,United States
NCT01955564,United States
NCT01976832,Hong Kong
NCT03441399,United States
NCT06672432,China
NCT06399263,United States
NCT06836063,United States
NCT06251193,Canada
NCT06251193,United States
NCT04291547,United Kingdom
NCT04754958,Switzerland
NCT04719858,Belgium
NCT03569878,United States
NCT02590185,France
NCT05435508,Mexico
NCT06928740,France
NCT05598450,China
NCT01799291,United States
NCT01566591,Canada
NCT01566591,Germany
NCT01566591,Israel
NCT01566591,United States
NCT03765138,United States
NCT01497548,Malaysia
NCT06636058,United States
NCT03461055,United States
NCT03262376,United Kingdom
NCT06957340,China
NCT07179068,United States
NCT03609749,United States
NCT01942148,Japan
NCT01492348,United States
NCT02188485,United States
NCT05457985,United States
NCT05812443,Brazil
NCT03945617,Switzerland
NCT04622150,United States
NCT02507349,United States
NCT07847138,Turkey (Türkiye)
NCT01145755,United States
NCT02687555,Germany
NCT04150055,United States
NCT06145555,Sweden
NCT06552026,China
NCT07027085,Turkey (Türkiye)
NCT03863925,Taiwan
NCT05081947,United Kingdom
NCT03044249,Canada
NCT03044249,United States
NCT02040649,Denmark
NCT04786548,United States
NCT01609348,United States
NCT03529435,United States
NCT06119438,Turkey (Türkiye)
NCT02442843,United States
NCT02697435,United States
NCT03158558,United States
NCT02911285,United States
NCT04217408,Canada
NCT05366088,Canada
NCT04422327,Ireland
NCT04551027,Israel
NCT02950961,United States
NCT06139770,Norway
NCT02654366,United States
NCT03871842,Brazil
NCT04769986,United States
NCT06063369,Moldova
NCT05508854,Turkey (Türkiye)
NCT01163266,United States
NCT03257397,Austria
NCT04276259,United States
NCT04138680,United States
NCT01174927,Switzerland
NCT01804270,United States
NCT02305394,China
NCT01995422,France
NCT05890222,India
NCT06902727,United States
NCT04929561,Turkey (Türkiye)
NCT05645042,United States
NCT05622383,Turkey (Türkiye)
NCT06538922,United States
NCT05658796,United States
NCT06234696,Turkey (Türkiye)
NCT03004027,United Kingdom
NCT02790970,Netherlands
NCT02790970,Germany
NCT02790970,Spain
NCT02790970,United Kingdom
NCT02790970,France
NCT01435759,United States
NCT01435759,Argentina
NCT01435759,Chile
NCT01435759,Australia
NCT01435759,United Kingdom
NCT02594696,United States
NCT03546946,United Kingdom
NCT06370988,Canada
NCT06094088,United States
NCT05275842,United States
NCT05380661,Canada
NCT07212673,United States
NCT06817980,France
NCT03064061,Belgium
NCT05290142,India
NCT02186769,United States
NCT04470869,France
NCT07259005,Netherlands
NCT05858294,United Kingdom
NCT04200196,France
NCT05723588,United States
NCT04248686,United States
NCT04276883,United States
NCT02824666,United States
NCT03101553,United States
NCT03490786,United States
NCT05155969,China
NCT05701137,Spain
NCT02105376,Brazil
NCT06574074,Nepal
NCT04092010,United States
NCT06085313,United States
NCT06705179,United States
NCT06436079,Spain
NCT04000646,United States
NCT03667846,United States
NCT07217925,United States
NCT05525390,United States
NCT03211013,United States
NCT04254120,Sweden
NCT04220346,Turkey (Türkiye)
NCT04375917,Denmark
NCT01429740,United States
NCT01032018,United States
NCT03591224,Canada
NCT02387424,United States
NCT04343924,France
NCT05505188,France
NCT06640803,United States
NCT04915040,United States
NCT07144540,Hong Kong
NCT04405791,South Korea
NCT01892982,United States
NCT06077279,Egypt
NCT07512479,Italy
NCT05163496,United States
NCT03492203,Canada
NCT04343703,Spain
NCT03593889,Hong Kong
NCT02221518,United States
NCT07748910,Turkey (Türkiye)
NCT02409810,United States
NCT03593213,Puerto Rico
NCT03593213,United States
NCT03593213,Romania
NCT03593213,Poland
NCT03593213,South Korea
NCT03593213,Taiwan
NCT03593213,Malaysia
NCT03593213,Serbia
NCT03593213,Bulgaria
NCT03593213,Ukraine
NCT03593213,Thailand
NCT06416059,United States
NCT02456896,India
NCT05168696,Turkey (Türkiye)
NCT02552108,Canada
NCT03219008,China
NCT06022913,Iceland
NCT06542224,China
NCT03225859,United States
NCT01396876,Israel
NCT04512768,Canada
NCT06248710,Switzerland
NCT01678196,United States
NCT03220776,United States
NCT01979289,United States
NCT02953990,United States
NCT05021224,United States
NCT03870880,Ukraine
NCT03870880,United States
NCT04028635,Spain
NCT04018391,Zimbabwe
NCT03894774,Germany
NCT03332290,France
NCT04780620,Canada
NCT04921982,France
NCT04782180,United States
NCT03972735,Switzerland
NCT03972735,France
NCT06251908,Denmark
NCT07378150,Turkey (Türkiye)
NCT01448720,Colombia
NCT01448720,Mexico
NCT01448720,Brazil
NCT04924023,Turkey (Türkiye)
NCT05458999,Spain
NCT02108899,France
NCT06199206,Turkey (Türkiye)
NCT05541406,United States
NCT04738084,United States
NCT06177470,Turkey (Türkiye)
NCT04481373,United States
NCT07384741,Italy
NCT02506322,Germany
NCT06148831,United States
NCT04684277,China
NCT06019377,United States
NCT07774481,United States
NCT03901430,United States
NCT01187511,United States
NCT02593734,Ghana
NCT06822244,Turkey (Türkiye)
NCT02607514,United States
NCT04959916,United Kingdom
NCT06940583,Turkey (Türkiye)
NCT01796054,United States
NCT06230237,Spain
NCT06888336,United Kingdom
NCT05979844,United States
NCT03013400,United Kingdom
NCT07413692,United States
NCT07156487,Turkey (Türkiye)
NCT04296604,United States
NCT03156504,United States
NCT02144844,United States
NCT02022709,China
NCT06693609,United Kingdom
NCT03445598,India
NCT03132298,United States
NCT05847621,United States
NCT02213016,Mexico
NCT06500533,Denmark
NCT04393896,China
NCT02951988,United States
NCT03263351,United States
NCT03557931,United States
NCT01850953,Canada
NCT01491035,Germany
NCT01491035,United States
NCT02704117,United States
NCT04200976,United States
NCT05534568,United States
NCT02467374,United States
NCT02986490,France
NCT02389660,Poland
NCT06558344,Japan
NCT06558344,United States
NCT01275144,United Kingdom
NCT02363634,United States
NCT02891564,United States
NCT05059834,Hong Kong
NCT07409298,China
NCT02837432,United States
NCT02942004,United States
NCT07228884,Turkey (Türkiye)
NCT02139540,United States
NCT03565874,Switzerland
NCT03701724,France
NCT05211635,Norway
NCT03986125,United States
NCT01625117,Republic of the Congo
NCT05726617,Canada
NCT07037017,Turkey (Türkiye)
NCT04260750,Sweden
NCT06018974,Finland
NCT03349918,United States
NCT06494397,United States
NCT06996340,Turkey (Türkiye)
NCT03859297,United States
NCT01988610,United States
NCT01235520,Mexico
NCT01235520,United States
NCT01235520,Finland
NCT01235520,Romania
NCT01235520,Colombia
NCT01235520,Russia
NCT01235520,South Korea
NCT01235520,Argentina
NCT01235520,Hungary
NCT01235520,India
NCT01235520,Australia
NCT01235520,United Kingdom
NCT01235520,Sweden
NCT01235520,France
NCT06487520,Turkey (Türkiye)
NCT06601140,France
NCT06693089,Italy
NCT01658150,United States
NCT07082218,United States
NCT01862913,Chile
NCT04267289,United States
NCT02640690,United States
NCT05383313,Czechia
NCT01175135,Germany
NCT01175135,Ukraine
NCT01175135,United States
NCT03907917,United States
NCT02640950,United States
NCT06858189,United States
NCT01588717,United States
NCT03574974,United States
NCT01065597,United States
NCT06274008,United States
NCT05131425,United States
NCT02976025,United States
NCT01170117,Canada
NCT01170117,United States
NCT02918318,Japan
NCT01725308,Japan
NCT04621708,Canada
NCT01028508,United States
NCT05137925,United States
NCT06528925,Turkey (Türkiye)
NCT02942017,United States
NCT02742597,Canada
NCT06450184,India
NCT05196152,United States
NCT03481452,China
NCT03771664,United States
NCT05986409,China
NCT01370499,Japan
NCT06317636,United States
NCT02110771,France
NCT04172909,United States
NCT07469098,Israel
NCT02720263,United States
NCT07106593,United States
NCT03249116,United States
NCT05063604,Spain
NCT07074704,China
NCT03452384,Taiwan
NCT05320107,Austria
NCT01383811,United States
NCT04787809,United States
NCT04511663,China
NCT06988787,United States
NCT02280304,United States
NCT06745934,United States
NCT03511599,Canada
NCT05715593,Tunisia
NCT04932421,Portugal
NCT02787135,Germany
NCT04268589,Turkey (Türkiye)
NCT07711444,Taiwan
NCT06725771,China
NCT01538199,United States
NCT02802293,United States
NCT04129476,Iran
NCT04208217,United States
NCT04248517,United States
NCT01485887,Japan
NCT06050421,Spain
NCT01882452,Australia
NCT05618652,United States
NCT04019119,Spain
NCT06804928,Turkey (Türkiye)
NCT04978792,United Kingdom
NCT01033136,United States
NCT06313736,United States
NCT06486701,Turkey (Türkiye)
NCT02132481,United States
NCT02582528,Canada
NCT04476667,Canada
NCT03960892,Turkey (Türkiye)
NCT06094907,Brazil
NCT01815099,United States
NCT01551199,United States
NCT02677987,United States
NCT04327557,United States
NCT04181957,United Kingdom
NCT06971328,Turkey (Türkiye)
NCT05106309,United States
NCT03521999,United States
NCT07617701,France
NCT07329764,Taiwan
NCT03254719,United States
NCT01642628,United States
NCT01180400,Estonia
NCT01180400,Finland
NCT01180400,Germany
NCT01180400,Czechia
NCT01180400,Poland
NCT01180400,Hungary
NCT01180400,Latvia
NCT01180400,Lithuania
NCT01180400,Sweden
NCT01180400,France
NCT03654599,United States
NCT05591898,Turkey (Türkiye)
NCT01385163,Democratic Republic of the Congo
NCT04618263,United States
NCT03465787,South Korea
NCT06995612,United States
NCT02355067,United States
NCT02155699,United States
NCT03730532,United Kingdom
NCT04038957,United Kingdom
NCT02711800,United States
NCT06917300,Poland
NCT07171944,Turkey (Türkiye)
NCT03960944,India
NCT04310475,United Kingdom
NCT01943019,Malaysia
NCT04978428,United States
NCT03506867,Canada
NCT03388736,Turkey (Türkiye)
NCT05379244,Sweden
NCT03953664,Spain
NCT02818075,Canada
NCT05931107,Turkey (Türkiye)
NCT05744336,United States
NCT04247711,Chile
NCT01679457,United States
NCT03011619,United States
NCT01446328,Norway
NCT01446328,Austria
NCT05755165,United States
NCT03796936,United States
NCT02723344,United States
NCT03632434,United Kingdom
NCT07591363,Bangladesh
NCT03683706,Pakistan
NCT07174947,China
NCT06740747,Germany
NCT07223398,United States
NCT05219955,United States
NCT06081426,United States
NCT05647499,Norway
NCT05058963,Canada
NCT06617663,Netherlands
NCT05324449,United States
NCT01568216,Canada
NCT01568216,United States
NCT01568216,Russia
NCT01568216,Singapore
NCT01568216,Australia
NCT01568216,Spain
NCT01568216,New Zealand
NCT02556606,United States
NCT02268084,United States
NCT05518149,Slovakia
NCT05518149,South Korea
NCT05518149,Argentina
NCT05518149,Hungary
NCT05518149,Brazil
NCT05518149,Canada
NCT05518149,South Africa
NCT05518149,Australia
NCT05518149,Spain
NCT05518149,Portugal
NCT05518149,Bulgaria
NCT05518149,Italy
NCT05518149,China
NCT05518149,United States
NCT05518149,Poland
NCT05518149,Taiwan
NCT05518149,Belgium
NCT05518149,United Kingdom
NCT05518149,Sweden
NCT05518149,France
NCT05518149,Czechia
NCT05577338,China
NCT03684434,Canada
NCT04951609,United Kingdom
NCT04951609,United States
NCT04951609,Italy
NCT04951609,Spain
NCT07073521,United States
NCT04453514,United States
NCT01739049,Malaysia
NCT06926049,Turkey (Türkiye)
NCT06185244,Sweden
NCT05931432,United States
NCT01467804,China
NCT04063384,United States
NCT05845164,United States
NCT02105064,Brazil
NCT01710306,United States
NCT01624584,United States
NCT06143293,Australia
NCT06143293,United States
NCT07263321,Denmark
NCT02507206,United States
NCT06056284,Turkey (Türkiye)
NCT01377233,United States
NCT06135064,United States
NCT02949232,Denmark
NCT02949232,Netherlands
NCT02949232,Belgium
NCT02960763,Canada
NCT02960763,United States
NCT04451187,Germany
NCT04451187,Belgium
NCT02051387,Germany
NCT01522287,United States
NCT01545414,Sweden
NCT03510533,France
NCT06175052,Canada
NCT05655052,Turkey (Türkiye)
NCT02813447,United States
NCT04818047,Canada
NCT06934330,United States
NCT05185921,Peru
NCT02502604,Canada
NCT04348604,United States
NCT06980233,United States
NCT03220438,United States
NCT02108678,United States
NCT02967835,United States
NCT05061706,United States
NCT05061706,Finland
NCT05061706,Germany
NCT05061706,Poland
NCT05061706,Argentina
NCT05061706,Bulgaria
NCT05061706,Sweden
NCT07233278,China
NCT07294443,Turkey (Türkiye)
NCT07767032,United States
NCT01278498,South Korea
NCT05373121,United Kingdom
NCT04760652,United States
NCT07256093,Malaysia
NCT07204314,Japan
NCT07084233,Ukraine
NCT05299749,United States
NCT03574155,Brazil
NCT03265015,United States
NCT04889976,Brazil
NCT01801787,Germany
NCT03328052,United States
NCT02720016,United States
NCT06920238,United States
NCT06888726,China
NCT05340478,United States
NCT01717508,United States
NCT05408858,United States
NCT07210255,United States
NCT06941155,Turkey (Türkiye)
NCT02059226,Canada
NCT03854578,Germany
NCT01684085,Israel
NCT05950035,United States
NCT01803204,Brazil
NCT04162184,United States
NCT03917433,United States
NCT07024758,United States
NCT04980326,Spain
NCT03515226,United States
NCT06132178,United States
NCT06990035,Italy
NCT05932095,China
NCT06678295,United States
NCT02255175,United States
NCT05423275,Canada
NCT06140030,United States
NCT01277354,United States
NCT01473394,United States
NCT05015166,Sweden
NCT07273253,Turkey (Türkiye)
NCT03667872,China
NCT06960057,United States
NCT04591912,United States
NCT02232854,Chile
NCT02482805,United States
NCT04265131,Belgium
NCT01683539,United States
NCT04982757,United States
NCT01399112,United States
NCT04177966,Israel
NCT05693922,United States
NCT03722095,Belgium
NCT05317481,United States
NCT04574219,Canada
NCT04574219,United States
NCT02279966,Germany
NCT02279966,Estonia
NCT02279966,Lithuania
NCT02279966,Finland
NCT05516095,Norway
NCT02095457,Israel
NCT03324828,Spain
NCT05925400,France
NCT04863300,Hong Kong
NCT02544607,United States
NCT05166707,United States
NCT03118011,Sweden
NCT05545111,United States
NCT05908565,United States
NCT05337800,Turkey (Türkiye)
NCT02719392,United States
NCT05964036,China
NCT06053307,United States
NCT02162030,United Kingdom
NCT06842992,China
NCT05964192,France
NCT01470092,Australia
NCT03297411,Australia
NCT03018340,United States
NCT01552889,United States
NCT04745429,Poland
NCT06708715,United States
NCT05160935,Turkey (Türkiye)
NCT04839835,Turkey (Türkiye)
NCT05537376,United States
NCT01185340,United States
NCT01185340,Germany
NCT01185340,Austria
NCT01185340,Australia
NCT01185340,United Kingdom
NCT01185340,Belgium
NCT01185340,Sweden
NCT07340840,Turkey (Türkiye)
NCT02811133,United States
NCT05023252,United States
NCT03709225,United States
NCT05171218,Canada
NCT01491490,United Kingdom
NCT04088097,United States
NCT01545310,United States
NCT06126224,Canada
NCT06126224,Mexico
NCT06126224,United States
NCT06126224,Switzerland
NCT06126224,Poland
NCT06126224,South Korea
NCT06126224,Hungary
NCT06126224,Chile
NCT06126224,Greece
NCT06126224,United Kingdom
NCT06126224,Turkey (Türkiye)
NCT06126224,Peru
NCT06126224,Belgium
NCT06126224,China
NCT07024979,Hong Kong
NCT01883479,United States
NCT05444179,Malaysia
NCT06729918,Turkey (Türkiye)
NCT05220410,United States
NCT05753410,United States
NCT05157620,United States
NCT03953417,United States
NCT06546917,Canada
NCT01049789,United States
NCT02019940,United States
NCT01661517,United States
NCT06961968,United States
NCT02209597,United States
NCT06704568,Turkey (Türkiye)
NCT05376150,United States
NCT05688891,Turkey (Türkiye)
NCT02177474,Germany
NCT07669090,Turkey (Türkiye)
NCT03995420,United Kingdom
NCT03209882,United States
NCT05364450,United States
NCT05138068,United States
NCT04121091,Sweden
NCT01917318,United States
NCT02711020,Spain
NCT06542640,China
NCT01434940,France
NCT04267068,United States
NCT05123690,Sweden
NCT02511210,Turkey (Türkiye)
NCT01665950,United States
NCT03605420,Spain
NCT07466979,Spain
NCT04979546,Canada
NCT03336788,France
NCT05674591,Egypt
NCT05531591,Canada
NCT05531591,United States
NCT04356274,United States
NCT04190290,Spain
NCT04783246,United States
NCT02953691,United States
NCT01456897,Japan
NCT06854224,United States
NCT01948674,United States
NCT06318962,United States
NCT06641297,United States
NCT06442462,Australia
NCT06442462,United States
NCT05084924,United States
NCT07359950,China
NCT05381974,United States
NCT06480474,Switzerland
NCT06618118,United States
NCT04647318,Colombia
NCT04637724,Israel
NCT04310423,United States
NCT01058096,India
NCT01058096,United States
NCT03565562,France
NCT05300217,Germany
NCT04829240,United States
NCT01696617,South Korea
NCT06576440,Germany
NCT01989871,Israel
NCT04712734,United States
NCT02932605,Netherlands
NCT03758105,France
NCT02440594,United States
NCT06943105,Hong Kong
NCT05989451,Taiwan
NCT06178731,Canada
NCT04136301,Israel
NCT06224530,United Kingdom
NCT06484400,Turkey (Türkiye)
NCT06699719,Canada
NCT06389175,Germany
NCT03077919,Germany
NCT03077919,United States
NCT04405219,Turkey (Türkiye)
NCT06496230,United States
NCT02715765,United States
NCT02389465,United States
NCT07214467,United States
NCT03113201,Denmark
NCT05220228,United Kingdom
NCT02217436,United States
NCT03768544,Canada
NCT03151681,Canada
NCT07289581,Italy
NCT05963581,United Kingdom
NCT02219867,Israel
NCT05059392,Sweden
NCT06064201,Belgium
NCT05881681,United States
NCT05860192,Switzerland
NCT03346395,Sweden
NCT07020975,Cyprus
NCT02660775,France
NCT02332954,Canada
NCT07039305,United States
NCT04183205,United States
NCT01427894,Israel
NCT02600494,United States
NCT01765829,Spain
NCT04781231,France
NCT02705898,United States
NCT03206463,United States
NCT06777563,Hong Kong
NCT06283693,Turkey (Türkiye)
NCT07028216,United States
NCT04201106,United States
NCT04510909,Nepal
NCT06279598,Netherlands
NCT06507787,France
NCT01626716,South Korea
NCT06373016,United States
NCT04946916,France
NCT01901016,Canada
NCT05855421,Brazil
NCT07309016,Turkey (Türkiye)
NCT01243606,United States
NCT06630884,United States
NCT01128309,United States
NCT06292663,Denmark
NCT04402216,United States
NCT01975584,United States
NCT06013384,United States
NCT04240899,United States
NCT05303064,Mexico
NCT05303064,United States
NCT05303064,Colombia
NCT05303064,Argentina
NCT05303064,Brazil
NCT01595464,Israel
NCT06213298,United States
NCT07051616,Turkey (Türkiye)
NCT03528109,United States
NCT02978599,United States
NCT07091032,United States
NCT05242263,Israel
NCT01179516,United States
NCT03128099,United States
NCT06107764,United States
NCT03921632,United States
NCT05972798,Taiwan
NCT01624987,Republic of the Congo
NCT06958887,United Kingdom
NCT03722771,Turkey (Türkiye)
NCT05543265,United States
NCT01394471,United States
NCT04091971,United States
NCT01932749,Iran
NCT02793258,France
NCT04945278,France
NCT03358433,Spain
NCT06617949,United States
NCT07153549,Vietnam
NCT03358238,United States
NCT04512378,Canada
NCT02614443,United States
NCT07175025,United States
NCT06522776,Mexico
NCT01174004,Canada
NCT01174004,United States
NCT06222684,Turkey (Türkiye)
NCT01809626,United States
NCT04916678,France
NCT02932943,United States
NCT07699835,Spain
NCT05324735,Iraq
NCT02538835,Denmark
NCT05377125,United States
NCT04107025,India
NCT04347525,Pakistan
NCT04469049,United States
NCT01312649,France
NCT02852538,United States
NCT06263738,United States
NCT02970825,Belgium
NCT03510325,China
NCT02867449,Germany
NCT05016843,Sweden
NCT05105308,United States
NCT04889508,Germany
NCT02951208,Canada
NCT05053451,United States
NCT06718231,China
NCT01644851,United States
NCT03048929,United States
NCT03857581,United States
NCT07137377,Switzerland
NCT04500301,United States
NCT06968312,Israel
NCT04076319,United States
NCT06792981,Spain
NCT01870219,Turkey (Türkiye)
NCT05203731,United States
NCT02935595,United States
NCT07466277,China
NCT07345377,China
NCT02925481,United States
NCT04985019,South Korea
NCT05347719,United States
NCT06085937,United States
NCT02505737,United States
NCT03633357,United Kingdom
NCT06651801,Canada
NCT03492619,Costa Rica
NCT02926365,Sweden
NCT04058600,Spain
NCT05571592,United States
NCT01681771,Sweden
NCT06242665,United States
NCT02325167,Germany
NCT07217444,United States
NCT02835144,Switzerland
NCT06364436,Turkey (Türkiye)
NCT06902636,Taiwan
NCT06979778,Saudi Arabia
NCT03875378,United States
NCT03899285,Canada
NCT02310568,United States
NCT06138782,United States
NCT02297282,Canada
NCT06044324,China
NCT05458479,United States
NCT03668379,United States
NCT05091580,South Africa
NCT06842862,Spain
NCT02229903,Canada
NCT02229903,Israel
NCT02229903,United States
NCT04949061,Turkey (Türkiye)
NCT02417142,United States
NCT04530942,China
NCT02567370,United States
NCT02975973,United States
NCT05117983,Taiwan
NCT04026594,France
NCT04885569,Pakistan
NCT00748956,United States
NCT04685148,Denmark
NCT05772897,United States
NCT04847310,Spain
NCT04182113,United States
NCT04073524,Denmark
NCT02267980,Turkey (Türkiye)
NCT05527379,France
NCT02474862,United States
NCT06094803,Hong Kong
NCT04860661,China
NCT02370173,United States
NCT01687478,China
NCT04521478,Canada
NCT04521478,Slovakia
NCT04521478,Japan
NCT04521478,United States
NCT04521478,Czechia
NCT04521478,Germany
NCT04521478,Poland
NCT04521478,Russia
NCT04521478,Argentina
NCT04521478,Hungary
NCT04521478,Australia
NCT04521478,Spain
NCT04521478,Bulgaria
NCT04521478,France
NCT05503017,United States
NCT02957591,Switzerland
NCT07740291,United States
NCT04653974,Turkey (Türkiye)
NCT03352713,United States
NCT07462013,Taiwan
NCT05942560,China
NCT04632082,Brazil
NCT06911723,United States
NCT06385223,Singapore
NCT01169480,United States
NCT01901796,Canada
NCT03971903,China
NCT04536727,United States
NCT06858527,France
NCT04086342,Canada
NCT02636842,United States
NCT05832983,United States
NCT06580041,United States
NCT01509573,Rwanda
NCT03047915,United States
NCT05073640,Israel
NCT05619510,United States
NCT07098013,Hungary
NCT06353282,United States
NCT03668223,United States
NCT01667159,United States
NCT02641496,United States
NCT07316088,United States
NCT01517503,Netherlands
NCT05119062,China
NCT05951803,Mexico
NCT05784961,France
NCT02656342,Norway
NCT05316883,Denmark
NCT03962348,United States
NCT05990855,Canada
NCT07185126,Ukraine
NCT01337726,United States
NCT05501626,Brazil
NCT06624878,China
NCT01710943,United States
NCT05190640,United States
NCT05760040,Turkey (Türkiye)
NCT02458690,United States
NCT06945497,United States
NCT06526260,United States
NCT01375920,United Kingdom
NCT02987582,Canada
NCT02314624,United States
NCT06442423,United States
NCT01378923,United States
NCT06198023,United States
NCT01794559,United States
NCT02130596,Canada
NCT03610503,Canada
NCT03178903,United States
NCT04703725,Turkey (Türkiye)
NCT01829789,United States
NCT07139574,Tunisia
NCT04011774,France
NCT03390218,United States
NCT03887390,Canada
NCT06870110,United States
NCT02202213,United States
NCT06058013,Canada
NCT06058013,United States
NCT06058013,Brazil
NCT06058013,Chile
NCT02272959,Israel
NCT02027259,United States
NCT05632679,Canada
NCT01590862,United States
NCT06136546,United States
NCT06190327,Hong Kong
NCT04985942,Slovakia
NCT04985942,United States
NCT04985942,Czechia
NCT04985942,Hungary
NCT04985942,India
NCT04985942,Bulgaria
NCT04621786,United States
NCT05492942,United States
NCT07007247,Germany
NCT06336538,United States
NCT05820568,Sweden
NCT05573074,United States
NCT05302518,Denmark
NCT05823090,United States
NCT04370990,Denmark
NCT05049759,Norway
NCT06973759,Hong Kong
NCT03727659,United States
NCT02421679,United States
NCT01234779,Slovakia
NCT01234779,United States
NCT01234779,Romania
NCT01234779,Russia
NCT01234779,Ukraine
NCT01546896,South Korea
NCT05794646,Martinique
NCT05794646,France
NCT04832178,Italy
NCT02218008,Canada
NCT02218008,Germany
NCT02218008,United States
NCT02218008,Puerto Rico
NCT01437189,China
NCT07178691,Denmark
NCT04859790,United States
NCT07184697,China
NCT07367360,Indonesia
NCT05575960,Sweden
NCT02529462,Spain
NCT02012335,Brazil
NCT06831708,Turkey (Türkiye)
NCT01789125,United States
NCT07604389,Taiwan
NCT01730768,United States
NCT07188597,Pakistan
NCT02472613,China
NCT07447310,Malaysia
NCT03711123,Norway
NCT02115880,Germany
NCT02704962,Taiwan
NCT04263558,Norway
NCT04159285,Germany
NCT06037668,United States
NCT01483391,United States
NCT04283591,Turkey (Türkiye)
NCT02797210,Canada
NCT01787513,Australia
NCT02189213,United States
NCT05528224,China
NCT05973123,United States
NCT02469545,Poland
NCT03691402,Germany
NCT05030272,United States
NCT05144477,United States
NCT03548402,United States
NCT04522453,Nepal
NCT04522453,Nigeria
NCT06625437,United States
NCT01883739,Canada
NCT06061653,China
NCT05036772,France
NCT02731053,Canada
NCT06595953,United States
NCT03748121,Germany
NCT06054321,South Korea
NCT04913584,Canada
NCT02347033,United Kingdom
NCT07101172,Turkey (Türkiye)
NCT06419439,United States
NCT02296437,Australia
NCT02497677,Denmark
NCT03620253,Canada
NCT04850937,China
NCT02153502,United States
NCT06983002,Norway
NCT02678845,Denmark
NCT01948895,Canada
NCT05746572,United States
NCT04959695,United States
NCT06901739,Spain
NCT04427137,Canada
NCT01552772,United States
NCT04747249,France
NCT06026826,China
NCT06303778,United States
NCT01642550,United States
NCT04172974,Denmark
NCT04772820,United States
NCT01162382,United States
NCT05254379,United States
NCT01102803,United States
NCT02957773,Indonesia
NCT04004169,United States
NCT05419869,United States
NCT01570972,United States
NCT05245539,United States
NCT05720637,China
NCT01309945,Canada
NCT01309945,South Africa
NCT01309945,United States
NCT01309945,Finland
NCT01309945,Sweden
NCT01309945,France
NCT02466477,Canada
NCT04772677,Canada
NCT04751331,United States
NCT01920451,United States
NCT01799837,United States
NCT05945277,Portugal
NCT01841502,Netherlands
NCT06597695,United States
NCT07088939,Canada
NCT01321177,United States
NCT06162624,United States
NCT01993459,Netherlands
NCT06422559,Egypt
NCT07296679,Turkey (Türkiye)
NCT03060096,United States
NCT05453162,United States
NCT02173561,United States
NCT06959342,Germany
NCT04309370,United States
NCT06641973,Italy
NCT03784573,United States
NCT07014683,Spain
NCT01573741,China
NCT02819141,United States
NCT06852066,Turkey (Türkiye)
NCT04418466,United States
NCT02565056,United Kingdom
NCT04907656,United States
NCT06393322,Canada
NCT06100731,United States
NCT03476902,United States
NCT00976859,Germany
NCT01927042,Canada
NCT06296186,United States
NCT01397786,Mexico
NCT01397786,Puerto Rico
NCT01397786,Slovakia
NCT01397786,Colombia
NCT01397786,Philippines
NCT01397786,South Korea
NCT01397786,Latvia
NCT01397786,Canada
NCT01397786,Romania
NCT01397786,Croatia
NCT01397786,Malaysia
NCT01397786,Serbia
NCT01397786,Japan
NCT01397786,United States
NCT01397786,Poland
NCT01397786,Russia
NCT01397786,Taiwan
NCT01397786,Turkey (Türkiye)
NCT01397786,Ukraine
NCT02039973,Tanzania
NCT01401569,France
NCT05295069,Turkey (Türkiye)
NCT01512641,France
NCT01080105,United States
NCT01360866,Canada
NCT01360866,Slovakia
NCT01360866,United States
NCT01360866,Romania
NCT01360866,Germany
NCT01360866,Poland
NCT01360866,Russia
NCT01360866,Hungary
NCT01360866,Serbia
NCT01360866,Ukraine
NCT01360866,France
NCT06982651,China
NCT05560529,Egypt
NCT03242655,United States
NCT07202715,Pakistan
NCT03420755,United States
NCT05057585,Turkey (Türkiye)
NCT05306015,China
NCT06181825,United States
NCT02269540,Canada
NCT02469389,United States
NCT04711915,United States
NCT04099940,Switzerland
NCT05225740,Germany
NCT05225740,Israel
NCT05225740,Australia
NCT05225740,United States
NCT04779437,Germany
NCT06239740,Thailand
NCT05281640,United Kingdom
NCT06760689,Turkey (Türkiye)
NCT05865652,France
NCT05699226,United States
NCT03893825,Canada
NCT03893825,United States
NCT03893825,Bulgaria
NCT03893825,Israel
NCT03893825,France
NCT01093976,United States
NCT04508868,Sweden
NCT03509597,Spain
NCT01668797,Puerto Rico
NCT01668797,United States
NCT01668797,Romania
NCT01668797,Colombia
NCT01668797,Malaysia
NCT01668797,Serbia
NCT01668797,Turkey (Türkiye)
NCT01668797,Ukraine
NCT02459210,United States
NCT04744259,United Kingdom
NCT01101659,Germany
NCT04972227,United States
NCT05136027,Spain
NCT01239173,France
NCT05032469,Turkey (Türkiye)
NCT07065669,United States
NCT04932369,Egypt
NCT01807741,United States
NCT02148354,Spain
NCT05165654,United States
NCT03434405,Spain
NCT03191994,Canada
NCT02892422,Canada
NCT02892422,Estonia
NCT02892422,Mexico
NCT02892422,Slovakia
NCT02892422,United States
NCT02892422,Romania
NCT02892422,Czechia
NCT02892422,Poland
NCT02892422,Russia
NCT02892422,Serbia
NCT02892422,Spain
NCT02892422,Bulgaria
NCT02892422,Ukraine
NCT06887751,Sweden
NCT03754829,Turkey (Türkiye)
NCT01568229,United States
NCT01568229,Czechia
NCT01568229,Poland
NCT01568229,Malaysia
NCT01568229,United Kingdom
NCT01568229,France
NCT06363981,Poland
NCT05169736,Sweden
NCT02410109,United States
NCT02098148,United States
NCT04412343,Canada
NCT03590015,Denmark
NCT01188135,United States
NCT03680625,Canada
NCT05180617,United Kingdom
NCT05778591,United States
NCT04030897,United States
NCT03985813,United States
NCT05435820,Peru
NCT04349423,United States
NCT04523779,United States
NCT05799586,Hong Kong
NCT03112369,United States
NCT01952041,United States
NCT05260541,United States
NCT03526354,United States
NCT07084454,Brazil
NCT03823456,Vietnam
NCT03632356,Singapore
NCT04609722,Turkey (Türkiye)
NCT01982422,United States
NCT04469322,United States
NCT04291196,Canada
NCT03652870,United Kingdom
NCT04392869,Spain
NCT05795569,France
NCT01281969,United States
NCT05560854,Sweden
NCT01536756,China
NCT01256151,United States
NCT01990131,United States
NCT07621731,Rwanda
NCT07344948,United States
NCT03022526,United States
NCT06070168,Turkey (Türkiye)
NCT06583668,Turkey (Türkiye)
NCT02313818,United States
NCT07228013,United States
NCT03745820,Japan
NCT03745820,United States
NCT03745820,Germany
NCT03745820,Spain
NCT03745820,United Kingdom
NCT04586647,United States
NCT03440255,Canada
NCT01149655,United States
NCT01149655,Romania
NCT01149655,Russia
NCT01149655,Philippines
NCT01149655,Taiwan
NCT01149655,Malaysia
NCT01149655,India
NCT06226155,Zimbabwe
NCT03708315,United States
NCT05294835,United States
NCT01293825,United States
NCT02185976,Turkey (Türkiye)
NCT06937476,China
NCT06095817,United States
NCT07190417,Taiwan
NCT03487991,United States
NCT01205191,Sweden
NCT03573713,Uganda
NCT03831360,United States
NCT02236390,United States
NCT06751290,United States
NCT05227690,Bulgaria
NCT05227690,United States
NCT02185482,India
NCT03898648,France
NCT06977178,United States
NCT02199743,United States
NCT07305415,Hong Kong
NCT01533415,United States
NCT01450150,Canada
NCT02797691,Pakistan
NCT03346291,United States
NCT02535390,Canada
NCT06077370,Turkey (Türkiye)
NCT03182283,Sweden
NCT02252341,Brazil
NCT04883554,France
NCT01527305,Malaysia
NCT01527305,South Korea
NCT01527305,Taiwan
NCT01527305,China
NCT04506905,United States
NCT01373866,France
NCT01981018,United Kingdom
NCT04376697,Canada
NCT03105973,United States
NCT06767566,United States
NCT05515302,Qatar
NCT06419842,France
NCT03452670,United States
NCT01971073,Israel
NCT01830881,United States
NCT06417619,Turkey (Türkiye)
NCT03672565,Canada
NCT01389765,United States
NCT04853407,China
NCT04031105,Hong Kong
NCT03415022,United States
NCT05973851,Germany
NCT05973851,Austria
NCT05973851,Greece
NCT05973851,Spain
NCT05973851,United Kingdom
NCT05973851,Italy
NCT05271357,United States
NCT03509181,United States
NCT07527312,Vietnam
NCT05344365,United States
NCT06673407,United States
NCT01718483,Germany
NCT01718483,United States
NCT01718483,Sweden
NCT01718483,Spain
NCT03460756,United States
NCT07047651,Greece
NCT04690257,Germany
NCT07441928,Hong Kong
NCT05081167,United States
NCT03037983,United States
NCT06597305,United States
NCT04902066,Denmark
NCT03457675,United States
NCT06895330,Turkey (Türkiye)
NCT04673383,United Kingdom
NCT01149772,United States
NCT05591677,Australia
NCT01331330,United Kingdom
NCT01331330,Israel
NCT01331330,France
NCT06091527,United States
NCT02385786,United States
NCT04537195,Denmark
NCT04595539,Belgium
NCT07108257,Canada
NCT01126801,United States
NCT02507219,United States
NCT04845230,United States
NCT02574273,United States
NCT07013669,Turkey (Türkiye)
NCT06434883,United States
NCT06925841,Turkey (Türkiye)
NCT02554929,Canada
NCT05617495,United States
NCT05770375,United States
NCT01393301,United States
NCT07424781,United Kingdom
NCT05660070,United States
NCT02702154,Canada
NCT03711266,United States
NCT04394156,United Kingdom
NCT02538445,France
NCT06559501,Pakistan
NCT07337512,Indonesia
NCT05495919,Turkey (Türkiye)
NCT03973229,United States
NCT05863637,Sweden
NCT05683028,Belgium
NCT02421965,United States
NCT01152307,United States
NCT02839837,United States
NCT06239545,Canada
NCT05503745,Italy
NCT02213900,United States
NCT04534907,China
NCT04801589,United States
NCT03078790,United States
NCT03652597,Netherlands
NCT05883397,Israel
NCT05680220,Denmark
NCT06729580,Canada
NCT06295185,South Korea
NCT06289543,Turkey (Türkiye)
NCT03934385,United States
NCT04752618,United States
NCT03624218,United States
NCT04846790,United States
NCT07264452,Turkey (Türkiye)
NCT05956249,Brazil
NCT03196726,Malaysia
NCT04124276,China
NCT04236674,United States
NCT03560518,United States
NCT01702220,United States
NCT03881449,United States
NCT03327038,Canada
NCT05285215,Singapore
NCT01988935,United States
NCT03794076,United States
NCT01787240,United States
NCT01822418,Germany
NCT03265210,United States
NCT05018260,Israel
NCT02176824,United States
NCT01583023,Canada
NCT07713225,Turkey (Türkiye)
NCT01826240,United States
NCT02576613,Germany
NCT06404320,Canada
NCT07350226,China
NCT04228289,United States
NCT02357797,United States
NCT07025720,United States
NCT03062215,Colombia
NCT03892876,Egypt
NCT04029740,Israel
NCT04290650,Norway
NCT01674543,Brazil
NCT03004443,United States
NCT04497350,United States
NCT06399991,Malawi
NCT03315897,Denmark
NCT02982538,United States
NCT01473615,United States
NCT06345040,Denmark
NCT01572389,United States
NCT03110991,Spain
NCT05150574,Canada
NCT01778790,Germany
NCT06968390,United States
NCT04460976,Sweden
NCT04038840,United States
NCT04730518,Germany
NCT01453790,United States
NCT07163013,China
NCT02387320,United States
NCT03200028,United States
NCT05724511,Taiwan
NCT06054412,United States
NCT05176392,United States
NCT02186392,Denmark
NCT01343732,Israel
NCT04211493,Germany
NCT04035057,United States
NCT01851967,United States
NCT01851967,China
NCT05456607,United States
NCT04037111,China
NCT06941844,United States
NCT01743664,Italy
NCT05577598,Austria
NCT02458521,United States
NCT01681628,Uganda
NCT02569307,Pakistan
NCT01985711,China
NCT04857944,Spain
NCT04657432,United States
NCT07127432,Turkey (Türkiye)
NCT01944293,United States
NCT05340504,United States
NCT02180984,Brazil
NCT06978257,Singapore
NCT01273701,Taiwan
NCT06450665,Hong Kong
NCT05302167,United Kingdom
NCT06833567,Spain
NCT06925867,United States
NCT02235064,United States
NCT06351514,Singapore
NCT05477706,United States
NCT02722967,United States
NCT04333667,Lithuania
NCT06995807,Malaysia
NCT03667807,Netherlands
NCT01606592,Sweden
NCT06737744,Turkey (Türkiye)
NCT05839509,Germany
NCT05839509,United Kingdom
NCT05839509,Netherlands
NCT04953806,United States
NCT07234006,Spain
NCT03393039,United States
NCT03852628,United States
NCT06887192,Canada
NCT06887192,Slovakia
NCT06887192,United States
NCT06887192,Romania
NCT06887192,Czechia
NCT06887192,Poland
NCT06887192,South Korea
NCT06887192,Argentina
NCT06887192,Hungary
NCT06887192,Chile
NCT06887192,Serbia
NCT06887192,Portugal
NCT06887192,Bulgaria
NCT06887192,Italy
NCT06887192,France
NCT05828264,Turkey (Türkiye)
NCT04335487,Canada
NCT01851863,China
NCT03543865,United States
NCT07033832,Hong Kong
NCT07033832,China
NCT06049706,Brazil
NCT06941298,United States
NCT07120893,Indonesia
NCT06548893,Brazil
NCT01880593,United States
NCT05390593,Taiwan
NCT05306093,France
NCT05398107,Canada
NCT06698107,Ethiopia
NCT01701284,United States
NCT02398279,Turkey (Türkiye)
NCT05000788,Hong Kong
NCT03751488,United States
NCT01446146,United States
NCT06800027,Spain
NCT01477203,Austria
NCT07316803,France
NCT05753527,Turkey (Türkiye)
NCT05349513,France
NCT06171620,Belgium
NCT07033520,Colombia
NCT03126682,United States
NCT05995496,United States
NCT07016646,Turkey (Türkiye)
NCT02659488,United States
NCT02755103,United States
NCT04339296,Canada
NCT02543203,United States
NCT03811327,Hong Kong
NCT04414696,United States
NCT05516862,United States
NCT01761396,United States
NCT03936946,United States
NCT02392468,United States
NCT06496750,United States
NCT07064733,Turkey (Türkiye)
NCT02709733,Canada
NCT01816152,United States
NCT02561949,Sierra Leone
NCT07086040,Taiwan
NCT03201640,Canada
NCT05698589,France
NCT04935489,Canada
NCT03261050,United States
NCT06228391,United States
NCT03393026,Taiwan
NCT02655926,United Kingdom
NCT06338215,Spain
NCT03677635,United Kingdom
NCT01427608,Canada
NCT01427608,United States
NCT01596608,Canada
NCT05193955,Turkey (Türkiye)
NCT06548126,United States
NCT02943278,United States
NCT06439043,Pakistan
NCT01109693,Japan
NCT04626804,United States
NCT05315648,China
NCT07074652,United Kingdom
NCT07293806,Finland
NCT03954184,United States
NCT03231358,South Africa
NCT04663243,Pakistan
NCT04010643,Denmark
NCT06747793,France
NCT04956016,France
NCT01963806,Sweden
NCT05142384,United States
NCT01178385,United States
NCT04910516,Turkey (Türkiye)
NCT01157416,United States
NCT03925038,United States
NCT03663452,United States
NCT05729347,United States
NCT01330485,Germany
NCT05920252,United States
NCT01725048,United States
NCT03393078,China
NCT01156415,Puerto Rico
NCT01156415,United States
NCT04839926,China
NCT01086748,Russia
NCT01086748,Croatia
NCT01086748,United States
NCT03768726,United States
NCT05593315,Spain
NCT01582815,Moldova
NCT01582815,Romania
NCT01582815,Russia
NCT01582815,Hungary
NCT01582815,Bulgaria
NCT01582815,Ukraine
NCT02553915,United States
NCT04571593,United States
NCT01355952,United States
NCT07219992,United States
NCT04812899,Canada
NCT05166798,Belgium
NCT02192593,United States
NCT04135014,China
NCT02627716,France
NCT01892306,United States
NCT01298804,United States
NCT05365347,Canada
NCT02803749,United States
NCT02552758,China
NCT05637658,Turkey (Türkiye)
NCT01623726,Brazil
NCT05476198,Turkey (Türkiye)
NCT06812221,Argentina
NCT06394284,Israel
NCT05845658,India
NCT02499055,Denmark
NCT01072344,United States
NCT03522987,United States
NCT02537093,United States
NCT06510504,United States
NCT04939649,Ireland
NCT06835855,United States
NCT04836533,United States
NCT01396447,Canada
NCT01396447,United States
NCT01396447,Colombia
NCT01396447,Russia
NCT01396447,Bulgaria
NCT01396447,Ukraine
NCT06766526,Sweden
NCT04273685,Ireland
NCT03864484,Japan
NCT04524104,United States
NCT03961633,United States
NCT01977326,South Africa
NCT01519193,Burundi
NCT04962321,United States
NCT01637584,United States
NCT04491149,Israel
NCT05548244,United States
NCT02523664,Germany
NCT06486064,Taiwan
NCT06352463,Netherlands
NCT01482806,United States
NCT05087433,Turkey (Türkiye)
NCT02715349,Vietnam
NCT04485455,United States
NCT04587726,United Kingdom
NCT01912287,United States
NCT06725147,United States
NCT03544333,United States
NCT04125433,United States
NCT02185547,Sweden
NCT05414058,Canada
NCT05440955,France
NCT01762943,United States
NCT03229915,Canada
NCT03400813,France
NCT05436613,United Kingdom
NCT06929442,United States
NCT03037905,United States
NCT05965310,United States
NCT01535846,Canada
NCT07183969,Taiwan
NCT04290754,United States
NCT01626456,United States
NCT01626456,Romania
NCT01626456,Russia
NCT01626456,Philippines
NCT01626456,South Korea
NCT01626456,Malaysia
NCT01626456,Bulgaria
NCT01626456,Ukraine
NCT07246356,United Kingdom
NCT05455827,United Kingdom
NCT07842627,Turkey (Türkiye)
NCT05491486,Germany
NCT00777205,United States
NCT02615405,Taiwan
NCT06437366,Egypt
NCT04052451,Canada
NCT04386291,United States
NCT02744391,United States
NCT04760418,United States
NCT01591720,Sweden
NCT04905524,United States
NCT06432959,United States
NCT03153046,United Kingdom
NCT06692361,China
NCT04117789,Sweden
NCT05648591,United States
NCT04925596,Portugal
NCT04015596,United States
NCT02269527,United States
NCT02752542,Canada
NCT01402570,United States
NCT03078270,United States
NCT04490473,Turkey (Türkiye)
NCT04230668,United States
NCT05439603,United States
NCT05483842,Turkey (Türkiye)
NCT06998186,Turkey (Türkiye)
NCT07062783,Turkey (Türkiye)
NCT05634941,China
NCT02761161,Denmark
NCT07526454,Egypt
NCT05857956,United States
NCT01900522,United States
NCT06759402,Germany
NCT02968602,United States
NCT02391402,United States
NCT01126918,United States
NCT03338413,Norway
NCT07667920,Turkey (Türkiye)
NCT03751020,United States
NCT03079024,United States
NCT02657941,France
NCT07851168,Turkey (Türkiye)
NCT05533190,United Kingdom
NCT03372460,United States
NCT01201382,United States
NCT02378896,United States
NCT01559688,United States
NCT02630888,Brazil
NCT03992027,United States
NCT04673370,China
NCT03952494,United States
NCT03953118,United States
NCT02114918,United States
NCT00837382,United States
NCT02807480,United States
NCT03316196,United States
NCT06424496,Egypt
NCT02452203,United States
NCT04448327,United States
NCT07220486,United States
NCT02966873,United States
NCT07096154,Turkey (Türkiye)
NCT04177719,India
NCT07437365,Lebanon
NCT03517111,United States
NCT05390034,France
NCT06244121,Bangladesh
NCT03895658,United States
NCT07370857,Turkey (Türkiye)
NCT05646212,Ukraine
NCT06124430,France
NCT05703711,Ghana
NCT05718271,Germany
NCT05771909,France
NCT02241863,Iran
NCT03695614,Canada
NCT06036316,France
NCT02015806,United States
NCT06026904,China
NCT07044752,United States
NCT05564663,United States
NCT01655706,Canada
NCT06138652,United States
NCT07244484,China
NCT03948633,Canada
NCT01453452,United States
NCT05444881,United States
NCT02386319,Denmark
NCT07356765,China
NCT01878292,United States
NCT03837392,United States
NCT02413164,Spain
NCT03498599,United States
NCT02408198,United Kingdom
NCT01881763,United States
NCT04605393,United Kingdom
NCT04468893,Mexico
NCT06289621,South Africa
NCT07056816,Turkey (Türkiye)
NCT05770947,United States
NCT04037085,United States
NCT06099301,Hong Kong
NCT03349528,United States
NCT05996900,United States
NCT07720336,United States
NCT02009371,China
NCT05783063,China
NCT02724787,United States
NCT05925816,United States
NCT07185438,China
NCT03208400,Germany
NCT06042400,United States
NCT05596799,United States
NCT05927987,Netherlands
NCT05212116,United Kingdom
NCT06883916,Turkey (Türkiye)
NCT04901481,United States
NCT03761030,United States
NCT04931134,Canada
NCT07593521,Belgium
NCT05523414,United States
NCT05025904,Russia
NCT04639752,Czechia
NCT02209142,France
NCT02978742,Canada
NCT06296927,Turkey (Türkiye)
NCT05668273,Turkey (Türkiye)
NCT03374605,United States
NCT02077205,Germany
NCT06512194,United States
NCT07493551,China
NCT01157429,United States
NCT05811429,Pakistan
NCT04509531,Spain
NCT05526131,Egypt
NCT01443234,United Kingdom
NCT05918887,United States
NCT07153406,Spain
NCT04755933,United Kingdom
NCT04769999,United Kingdom
NCT02320032,United States
NCT03310593,Brazil
NCT03387033,United States
NCT06322849,United States
NCT05902312,Canada
NCT05109507,United States
NCT05695209,United States
NCT02103621,United States
NCT06656416,United States
NCT02285504,United States
NCT02801084,United States
NCT04559633,France
NCT03845101,Denmark
NCT03010865,China
NCT04795700,China
NCT05168007,South Korea
NCT04198311,United States
NCT07615387,Turkey (Türkiye)
NCT02124187,Italy
NCT02713516,United States
NCT04288830,United States
NCT01318434,United States
NCT04708834,Canada
NCT04708834,Netherlands
NCT04708834,United States
NCT04708834,Spain
NCT04708834,United Kingdom
NCT04708834,Italy
NCT06984198,Jordan
NCT01641263,United States
NCT05643716,United States
NCT04998773,Spain
NCT04230369,Sweden
NCT04479683,France
NCT01558154,China
NCT04747405,France
NCT05089201,United States
NCT05892965,Hong Kong
NCT05519267,United Kingdom
NCT05968534,United States
NCT02576899,United States
NCT01504763,United States
NCT01358487,United States
NCT04250571,Switzerland
NCT04134871,Ireland
NCT04134871,United Kingdom
NCT01760993,United States
NCT05032963,United States
NCT03055338,United States
NCT04925440,Ireland
NCT04021017,Canada
NCT05057689,United States
NCT05705830,China
NCT05140707,Turkey (Türkiye)
NCT02720198,United States
NCT01333098,United States
NCT05563363,Switzerland
NCT01315587,Iran
NCT06429514,China
NCT03301012,United States
NCT04503681,United States
NCT02903030,United States
NCT00801567,United States
NCT04037592,Taiwan
NCT04876521,India
NCT05788042,Australia
NCT02764983,United States
NCT03708341,Lebanon
NCT03275766,Switzerland
NCT03484754,France
NCT02279251,Norway
NCT02938351,United States
NCT04442529,Qatar
NCT04782570,Germany
NCT03342872,United States
NCT06341972,United States
NCT07325695,Turkey (Türkiye)
NCT02091856,Romania
NCT04928053,France
NCT02535572,United States
NCT02561572,United Kingdom
NCT06001372,United States
NCT04118972,United States
NCT03998501,Canada
NCT05482646,Hong Kong
NCT01323205,Romania
NCT01323205,Germany
NCT01323205,Austria
NCT01323205,Spain
NCT01323205,Bulgaria
NCT01323205,Belgium
NCT06388551,China
NCT01072929,United States
NCT05552053,United States
NCT03505437,Germany
NCT04466345,Canada
NCT05962879,United States
NCT07478796,Poland
NCT03693105,United States
NCT05708066,United States
NCT03420456,United States
NCT05430022,United States
NCT05254405,United States
NCT06585631,United States
NCT04935931,United States
NCT02969369,United States
NCT03434041,United States
NCT03434041,China
NCT03079895,United States
NCT07255339,Turkey (Türkiye)
NCT05756205,Spain
NCT01039766,Israel
NCT04203056,United States
NCT03003156,China
NCT04077437,Israel
NCT04077437,United States
NCT07513831,Jordan
NCT03855553,United States
NCT01104779,Colombia
NCT01104779,India
NCT01104779,United States
NCT01104779,South Africa
NCT02281773,Canada
NCT02281773,Japan
NCT02281773,United States
NCT02281773,Germany
NCT02281773,Taiwan
NCT03350594,France
NCT02202694,Pakistan
NCT04430556,Mexico
NCT02766751,United States
NCT01626872,South Korea
NCT01626872,Japan
NCT01626872,Taiwan
NCT04322968,United States
NCT02538497,Norway
NCT07290127,Japan
NCT07177261,United States
NCT07816861,United States
NCT06508450,United States
NCT06598410,Turkey (Türkiye)
NCT02621983,United States
NCT06199050,Netherlands
NCT04064320,Turkey (Türkiye)
NCT03555396,Kazakhstan
NCT01947803,China
NCT02705261,Canada
NCT07114874,Puerto Rico
NCT07114874,United States
NCT07114874,Romania
NCT07114874,Serbia
NCT07114874,Bulgaria
NCT05932810,United States
NCT01246310,Italy
NCT06381180,United States
NCT02158546,Bulgaria
NCT02158546,United States
NCT06669442,United States
NCT06817473,United States
NCT03932760,United States
NCT03119597,United Kingdom
NCT05397613,United States
NCT05735860,Germany
NCT01583296,United States
NCT02624596,United States
NCT03645096,United States
NCT02240446,United States
NCT03551288,United States
NCT06677723,France
NCT06245096,United States
NCT01712646,United States
NCT01928446,United States
NCT06779903,Turkey (Türkiye)
NCT04610697,Canada
NCT03902613,United States
NCT04086160,Hong Kong
NCT01031979,United States
NCT04036396,United States
NCT02407288,France
NCT04604574,Canada
NCT05477420,Hong Kong
NCT05236959,United Kingdom
NCT02709161,United States
NCT03233542,Germany
NCT03788759,Brazil
NCT03310827,Canada
NCT02771886,United States
NCT02247570,United States
NCT02615483,Denmark
NCT02922166,United States
NCT03303456,United States
NCT06215456,Netherlands
NCT01962753,France
NCT06308653,United States
NCT05553353,United States
NCT02943577,United States
NCT06252701,United States
NCT03304301,Taiwan
NCT01022203,United States
NCT03309475,Spain
NCT06765057,Saudi Arabia
NCT02566356,United States
NCT01493622,China
NCT06876129,United States
NCT04907045,United States
NCT02597439,Norway
NCT02597439,Netherlands
NCT02597439,Switzerland
NCT02597439,Germany
NCT02597439,Austria
NCT02597439,Spain
NCT02597439,United Kingdom
NCT02597439,Israel
NCT02597439,Italy
NCT04840173,United States
NCT06979154,United States
NCT02156531,United States
NCT05712772,United States
NCT04846777,United States
NCT03437928,United States
NCT05757128,Canada
NCT07335666,Turkey (Türkiye)
NCT05837351,United States
NCT07456631,Portugal
NCT04626102,Turkey (Türkiye)
NCT05098353,Russia
NCT04998045,Kenya
NCT02647437,United States
NCT04777357,Russia
NCT04777357,Puerto Rico
NCT04777357,United States
NCT01354353,United States
NCT06439329,United States
NCT05831072,Taiwan
NCT02378272,Sweden
NCT06678672,United States
NCT06467695,United States
NCT03553745,United States
NCT03336112,Sweden
NCT05703412,United States
NCT06586619,United States
NCT05741502,United States
NCT01136772,United States
NCT04386330,Canada
NCT03593772,United States
NCT02480257,United States
NCT04790201,Vietnam
NCT02054312,United States
NCT06673030,Egypt
NCT06781593,France
NCT05867849,Canada
NCT01683058,Latvia
NCT01683058,Croatia
NCT01683058,United States
NCT03554655,Denmark
NCT01903655,France
NCT04125355,Turkey (Türkiye)
NCT01693978,United States
NCT03963843,Canada
NCT04034576,Germany
NCT01906476,United States
NCT05182476,United States
NCT05182476,Czechia
NCT05182476,Serbia
NCT05182476,Spain
NCT05182476,Bulgaria
NCT05117632,United States
NCT01563016,China
NCT04776304,United States
NCT06661304,Turkey (Türkiye)
NCT03736538,United States
NCT02429778,United States
NCT06179108,United States
NCT02969876,United States
NCT01707576,France
NCT02602340,United States
NCT06647589,United States
NCT02298764,Denmark
NCT06023732,Sweden
NCT06853587,Canada
NCT01125358,South Korea
NCT01125358,Japan
NCT01125358,Taiwan
NCT03712748,United States
NCT06858215,Zimbabwe
NCT03538535,United States
NCT01591408,United States
NCT03830476,Sweden
NCT01704352,Norway
NCT01940549,Israel
NCT06486948,United States
NCT05044455,Canada
NCT07324408,China
NCT03860389,Ireland
NCT03224468,United States
NCT06817993,United States
NCT01877447,Brazil
NCT01109147,France
NCT05294848,Israel
NCT05258578,Canada
NCT02487485,United States
NCT05290285,Italy
NCT05529576,China
NCT04912089,United States
NCT01144104,United States
NCT06154655,Nigeria
NCT05963308,Canada
NCT02945735,Israel
NCT06860958,Egypt
NCT04366258,United States
NCT05858255,Norway
NCT04030143,United States
NCT04383691,China
NCT01216891,United States
NCT02369393,Spain
NCT05356949,Finland
NCT05909878,Canada
NCT01141608,United States
NCT05610917,China
NCT06085950,France
NCT03659591,Canada
NCT06038721,United States
NCT03507647,Netherlands
NCT02152878,Brazil
NCT01911585,United States
NCT06262178,United States
NCT05336734,Israel
NCT02219009,United States
NCT05546216,Turkey (Türkiye)
NCT04729504,United States
NCT03191058,Canada
NCT03191058,United States
NCT03848858,Spain
NCT06192498,Turkey (Türkiye)
NCT02727998,United States
NCT02659787,United States
NCT02087293,United States
NCT05497414,United States
NCT05188248,United States
NCT06095778,China
NCT03409809,United States
NCT04998721,United States
NCT01492738,United States
NCT04687085,United States
NCT05820308,United States
NCT01606852,United States
NCT02622633,Brazil
NCT07530952,Norway
NCT05099926,United States
NCT07066371,Turkey (Türkiye)
NCT05026411,Turkey (Türkiye)
NCT05197309,United States
NCT05988333,Italy
NCT06276647,United States
NCT06734858,South Korea
NCT02214667,United States
NCT03304600,France
NCT05510804,Germany
NCT02361684,Spain
NCT02905604,Sweden
NCT05517304,United States
NCT06250933,Turkey (Türkiye)
NCT03962426,Germany
NCT05507385,United Kingdom
NCT05693935,United States
NCT05693935,Romania
NCT05693935,Turkey (Türkiye)
NCT05693935,Bulgaria
NCT05693935,China
NCT03687658,United States
NCT05866185,United States
NCT03533608,United States
NCT06395376,United States
NCT04700917,Canada
NCT03107221,United Kingdom
NCT07136584,Australia
NCT03034343,Spain
NCT04126564,United States
NCT07275034,China
NCT05720793,Canada
NCT05471921,Zambia
NCT05471921,United States
NCT04210804,Ireland
NCT02089984,United States
NCT06582433,Turkey (Türkiye)
NCT02765555,United States
NCT03433625,Canada
NCT07047534,China
NCT07250893,Canada
NCT05125406,France
NCT04012684,Taiwan
NCT07737652,United States
NCT07083843,Oman
NCT03959735,United Kingdom
NCT05911334,United States
NCT06854549,Taiwan
NCT01913535,United States
NCT01117532,Philippines
NCT05212714,United States
NCT01835847,Japan
NCT05992649,Denmark
NCT05278455,Hong Kong
NCT02208726,South Africa
NCT01942785,United States
NCT05463835,Ireland
NCT07369544,Turkey (Türkiye)
NCT05484999,United States
NCT04365621,France
NCT07344233,United States
NCT06417047,Turkey (Türkiye)
NCT05514964,Romania
NCT02764164,United States
NCT04623099,United States
NCT02738944,United States
NCT04124744,United Kingdom
NCT04631887,Turkey (Türkiye)
NCT02322047,United States
NCT04582058,Brazil
NCT04417309,United States
NCT06358898,Hong Kong
NCT04152421,France
NCT02649114,Norway
NCT02505984,United States
NCT04185233,Switzerland
NCT03769233,Canada
NCT05764785,United States
NCT06190964,Israel
NCT07000799,Norway
NCT06051721,United States
NCT05957484,Canada
NCT06371352,Poland
NCT05028738,Canada
NCT02045225,Canada
NCT05451589,United States
NCT03967418,France
NCT05514574,Turkey (Türkiye)
NCT05838274,United States
NCT07449013,Turkey (Türkiye)
NCT06487182,Turkey (Türkiye)
NCT05047159,China
NCT05159726,United States
NCT03229525,United States
NCT01299389,South Korea
NCT01299389,Japan
NCT01299389,Taiwan
NCT04597450,United States
NCT04708691,Taiwan
NCT03872310,Taiwan
NCT03543410,Slovakia
NCT03543410,Japan
NCT03543410,United States
NCT03543410,Russia
NCT03543410,Poland
NCT03543410,Serbia
NCT03543410,Bulgaria
NCT03543410,Ukraine
NCT07101120,China
NCT02187224,United States
NCT05033223,France
NCT04489082,United States
NCT05999578,France
NCT02018185,Canada
NCT02477280,Sweden
NCT04057378,Sweden
NCT05842278,China
NCT05253417,Australia
NCT01520350,Canada
NCT06663891,France
NCT03676491,Denmark
NCT06740890,United States
NCT07653035,Oman
NCT01962350,Brazil
NCT03769350,United States
NCT05145582,Canada
NCT02922725,United States
NCT01838889,United Kingdom
NCT06047691,United States
NCT06045897,France
NCT01601210,United States
NCT03689179,United States
NCT07058389,France
NCT04763889,United Kingdom
NCT03669250,United States
NCT01701791,Italy
NCT01512290,Netherlands
NCT01680224,United States
NCT01876524,Spain
NCT01542008,United States
NCT01764568,Canada
NCT03609450,United States
NCT06874491,Turkey (Türkiye)
NCT02492074,Germany
NCT01611818,Spain
NCT05930990,United Kingdom
NCT01412060,Slovakia
NCT01412060,United States
NCT01412060,Romania
NCT01412060,India
NCT01412060,Ukraine
NCT05718479,United States
NCT04529226,Spain
NCT02953626,Canada
NCT07194278,France
NCT05996913,United Kingdom
NCT05296720,France
NCT06689878,United States
NCT03265808,United States
NCT05699525,United States
NCT04321525,Spain
NCT05976776,Turkey (Türkiye)
NCT06806176,United Kingdom
NCT07247968,China
NCT04586868,Norway
NCT02150174,France
NCT04163497,Brazil
NCT04544124,Canada
NCT07085923,Norway
NCT03485391,United States
NCT05710991,Canada
NCT03955718,Brazil
NCT04076124,Taiwan
NCT03421080,Canada
NCT03576976,United States
NCT04971668,Egypt
NCT01784250,Colombia
NCT06700590,Netherlands
NCT05064813,United States
NCT02191423,Israel
NCT06183359,France
NCT03595579,United States
NCT04977674,United Kingdom
NCT07109960,Iraq
NCT01959620,United States
NCT04562324,China
NCT03887624,China
NCT04195308,United States
NCT05931913,United States
NCT03913013,United States
NCT02553824,United States
NCT05240924,United States
NCT02791724,Germany
NCT03844659,United States
NCT01854346,Sweden
NCT07043803,United States
NCT05561933,United States
NCT07026838,Canada
NCT02765048,United States
NCT01740726,United States
NCT07757243,China
NCT02023008,United States
NCT01423240,United States
NCT02227589,United States
NCT07757750,Turkey (Türkiye)
NCT05255874,Turkey (Türkiye)
NCT04874974,Germany
NCT05372185,United States
NCT03017508,United States
NCT04070391,United States
NCT01662310,China
NCT03242213,United States
NCT05400382,United States
NCT04008576,Spain
NCT05422417,Taiwan
NCT06302868,United States
NCT02174510,China
NCT04007796,United States
NCT06922110,Poland
NCT06922110,United States
NCT06922110,Finland
NCT02790710,United States
NCT05480124,United States
NCT05789446,United States
NCT01856673,Colombia
NCT03973268,United States
NCT04002050,Canada
NCT02294591,Denmark
NCT06601920,Taiwan
NCT02330679,Canada
NCT02800161,Spain
NCT07600970,United States
NCT07423273,Israel
NCT07303608,Sweden
NCT07348068,Turkey (Türkiye)
NCT06968650,United States
NCT03545282,United States
NCT03199742,United States
NCT07236424,Bosnia and Herzegovina
NCT02246062,Brazil
NCT02869646,United States
NCT03540927,Pakistan
NCT03666390,Taiwan
NCT05800860,Ireland
NCT05800860,Netherlands
NCT05800860,Germany
NCT05800860,Czechia
NCT05800860,Poland
NCT05800860,Spain
NCT04097782,Turkey (Türkiye)
NCT03317379,United States
NCT03877146,United States
NCT03871088,Taiwan
NCT04626050,United States
NCT03345459,United States
NCT02219880,Australia
NCT03790696,United States
NCT04374786,United States
NCT07221786,United States
NCT01566370,United States
NCT03840369,Canada
NCT06529341,China
NCT06359769,Romania
NCT03336541,China
NCT03256760,United States
NCT05913960,China
NCT06133582,United Kingdom
NCT07041073,Spain
NCT06590025,Spain
NCT01911676,United States
NCT03163940,Hong Kong
NCT01717040,United States
NCT02510391,United States
NCT02059980,United States
NCT04847362,Turkey (Türkiye)
NCT05040061,United States
NCT03480061,Canada
NCT02357290,United States
NCT04231097,United States
NCT03043820,Netherlands
NCT04172662,Norway
NCT06556927,Turkey (Türkiye)
NCT04494594,United Kingdom
NCT01149889,Brazil
NCT05447689,United States
NCT03615079,United States
NCT04517279,United States
NCT03243396,Kenya
NCT04510298,United States
NCT06317987,United States
NCT07610421,Turkey (Türkiye)
NCT01207414,United States
NCT02209233,United States
NCT03259347,United States
NCT05534126,United States
NCT02995226,France
NCT02754557,United States
NCT01790919,United States
NCT02298036,United Kingdom
NCT05076214,Sweden
NCT06247514,United States
NCT05631184,Hong Kong
NCT03322228,United States
NCT02444065,Canada
NCT02933567,United States
NCT06735807,China
NCT03756792,United States
NCT05849792,Spain
NCT02415764,United States
NCT04790864,Germany
NCT06882798,United States
NCT05822687,United States
NCT02157493,United States
NCT07186816,United States
NCT02663349,United States
NCT05640492,Portugal
NCT03517592,Spain
NCT06794034,China
NCT06685484,Pakistan
NCT06409247,United States
NCT06179264,United States
NCT01354132,United States
NCT04632498,United States
NCT05666687,United Kingdom
NCT01962714,United States
NCT02286206,Canada
NCT05828849,United States
NCT07782034,Taiwan
NCT03273699,Canada
NCT02223299,United States
NCT06718387,France
NCT04793438,Switzerland
NCT06043271,United States
NCT06298864,Sweden
NCT06608498,United States
NCT05895721,Malaysia
NCT06838104,Pakistan
NCT00601952,United States
NCT01339858,United States
NCT06347848,Turkey (Türkiye)
NCT05739344,Turkey (Türkiye)
NCT03226834,Reunion
NCT04536116,France
NCT06494904,United States
NCT01428804,France
NCT01108133,Germany
NCT01944644,United States
NCT06732999,Israel
NCT06552832,Switzerland
NCT06083987,United States
NCT04057716,United States
NCT03489304,United States
NCT01229904,United States
NCT02449447,Sweden
NCT05507138,United States
NCT01441258,United States
NCT06466655,United States
NCT04378621,Sweden
NCT03838484,United States
NCT03869749,United States
NCT01507948,United States
NCT01653548,United States
NCT06110585,Brazil
NCT03403153,United States
NCT02850445,China
NCT02475265,United States
NCT02974400,Germany
NCT02974400,Switzerland
NCT06235411,France
NCT04751071,Egypt
NCT05140564,United Kingdom
NCT06091163,United Kingdom
NCT01649895,Sweden
NCT05562739,Ireland
NCT05191277,Germany
NCT02134730,Sweden
NCT04228744,China
NCT01133821,United States
NCT05551195,United States
NCT05606601,Canada
NCT07739381,Turkey (Türkiye)
NCT07644065,Bulgaria
NCT06716034,Canada
NCT01510834,United States
NCT07842263,Turkey (Türkiye)
NCT02290639,United States
NCT07246239,Spain
NCT02378012,United States
NCT03922581,United States
NCT04467164,United States
NCT06131463,Russia
NCT02440867,France
NCT03711344,Canada
NCT01614899,Malaysia
NCT01614899,South Korea
NCT01614899,Japan
NCT01614899,Taiwan
NCT03246932,Hong Kong
NCT03246932,China
NCT05570721,United States
NCT06365021,Brazil
NCT05850221,United States
NCT06093906,United States
NCT02691845,United States
NCT05100875,Canada
NCT07477301,Indonesia
NCT02314065,Sweden
NCT03807167,France
NCT02700009,United States
NCT01684163,United States
NCT02466087,United States
NCT04513587,Finland
NCT03877393,Poland
NCT02049021,Brazil
NCT05543421,Poland
NCT06011577,United States
NCT02739607,Romania
NCT01464892,Netherlands
NCT01964092,Norway
NCT06512909,Turkey (Türkiye)
NCT03072264,Brazil
NCT03270098,United States
NCT02715544,Hong Kong
NCT02447744,United States
NCT07221864,United States
NCT06090409,United States
NCT06604299,United States
NCT07049445,Taiwan
NCT01715519,United States
NCT01537419,United States
NCT01875419,United Kingdom
NCT02133365,United States
NCT05107765,United States
NCT03984344,United Kingdom
NCT02778256,Chile
NCT04354922,Hong Kong
NCT03749629,United States
NCT05282329,China
NCT01773629,United States
NCT03548675,Netherlands
NCT02733575,United Kingdom
NCT02085512,Israel
NCT06628830,Chile
NCT02789800,Canada
NCT02302209,United States
NCT02696681,United States
NCT03581981,United States
NCT06787300,Turkey (Türkiye)
NCT02491307,United States
NCT06510153,Colombia
NCT02505477,United States
NCT03459677,Denmark
NCT01631500,Sweden
NCT03576911,Ireland
NCT06951711,Slovakia
NCT06951711,Italy
NCT06951711,United States
NCT06951711,Romania
NCT06951711,Croatia
NCT06951711,India
NCT06951711,Sweden
NCT06951711,Spain
NCT06951711,Ukraine
NCT06951711,Israel
NCT06951711,China
NCT02045771,Canada
NCT06969053,China
NCT01299272,Mexico
NCT01299272,Puerto Rico
NCT01299272,Slovakia
NCT01299272,United States
NCT01299272,Romania
NCT01299272,Croatia
NCT01299272,Germany
NCT01299272,Russia
NCT01299272,South Korea
NCT01299272,Argentina
NCT01299272,Greece
NCT01299272,Turkey (Türkiye)
NCT01299272,Spain
NCT01299272,Belgium
NCT01299272,Italy
NCT01299272,France
NCT05417412,United States
NCT01752712,United States
NCT03562312,Germany
NCT03742960,Switzerland
NCT05086120,Canada
NCT01921582,Canada
NCT03172182,South Korea
NCT04030923,Egypt
NCT02901080,United Kingdom
NCT05167396,France
NCT04683588,Turkey (Türkiye)
NCT04766203,Canada
NCT06719427,Canada
NCT04954872,Nepal
NCT02362477,United States
NCT07115628,Belgium
NCT07095465,United States
NCT07095465,Czechia
NCT07095465,Serbia
NCT07095465,Bulgaria
NCT07095465,Italy
NCT07095465,France
NCT02664467,Switzerland
NCT02356107,United States
NCT04011592,United States
NCT06502964,United States
NCT02366364,United States
NCT07166237,Canada
NCT06829953,United States
NCT02288845,United States
NCT01665872,United States
NCT01498107,United Kingdom
NCT03833453,Netherlands
NCT03518801,United States
NCT06892028,United States
NCT02265211,Canada
NCT01733771,Israel
NCT02481245,United States
NCT02463136,United Kingdom
NCT05441111,United States
NCT02336971,United States
NCT04317495,United States
NCT03286595,United States
NCT01786239,United States
NCT01630512,Netherlands
NCT03053765,United States
NCT06915207,Canada
NCT02945111,Cameroon
NCT04072185,Spain
NCT02778035,Canada
NCT05183568,Canada
NCT06407518,China
NCT02384590,United States
NCT05550155,France
NCT02669043,United States
NCT02476708,United States
NCT07783776,Turkey (Türkiye)
NCT05729789,Canada
NCT06467474,Brazil
NCT01556074,United States
NCT03149991,United States
NCT05090397,United States
NCT05632510,France
NCT02146547,Denmark
NCT02146547,Norway
NCT02146547,Netherlands
NCT02146547,Romania
NCT02146547,Czechia
NCT02146547,Germany
NCT02146547,Poland
NCT02146547,Hungary
NCT02146547,Austria
NCT02146547,Greece
NCT02146547,United Kingdom
NCT02146547,Spain
NCT02146547,Bulgaria
NCT02146547,Belgium
NCT02146547,Israel
NCT02146547,Italy
NCT06176638,United States
NCT02418585,United States
NCT02418585,Germany
NCT02418585,Czechia
NCT02418585,Poland
NCT02418585,Spain
NCT02176291,United States
NCT02593058,Switzerland
NCT01587326,Taiwan
NCT06216626,United Kingdom
NCT05973643,France
NCT01884025,United States
NCT05016050,United States
NCT01502891,United States
NCT03380897,Finland
NCT03516513,United States
NCT02497755,United States
NCT04093843,United States
NCT06053515,United States
NCT04122482,Canada
NCT05107752,United States
NCT05534243,United States
NCT02901015,France
NCT05131035,United States
NCT02311725,United States
NCT06927076,Switzerland
NCT02078817,United States
NCT05488418,France
NCT02219243,United States
NCT03649815,Canada
NCT02577250,United States
NCT02099890,Canada
NCT05971797,Russia
NCT05310097,United States
NCT02452060,United States
NCT05194098,United States
NCT02748187,United Kingdom
NCT03971487,United States
NCT04230421,Denmark
NCT02012452,United States
NCT04109209,United States
NCT04692909,Israel
NCT00677898,United States
NCT02326363,United States
NCT03171363,Israel
NCT04254393,Pakistan
NCT01046214,United States
NCT06172452,United States
NCT02104752,United States
NCT06316934,United States
NCT05244564,United States
NCT05271006,Canada
NCT04838210,United States
NCT07353320,China
NCT01810380,United States
NCT07305779,United States
NCT02196896,Germany
NCT06733883,Norway
NCT06732817,China
NCT03197168,Chile
NCT04198974,Canada
NCT04287374,United States
NCT07249723,Turkey (Türkiye)
NCT05025579,Turkey (Türkiye)
NCT04211961,Ireland
NCT05322161,United States
NCT04666415,France
NCT02233517,United States
NCT02442817,United States
NCT01760889,United States
NCT05276050,United States
NCT03434210,China
NCT01515423,Mexico
NCT01515423,Slovakia
NCT01515423,South Korea
NCT01515423,Argentina
NCT01515423,Hungary
NCT01515423,Brazil
NCT01515423,Canada
NCT01515423,Romania
NCT01515423,Australia
NCT01515423,Spain
NCT01515423,Portugal
NCT01515423,Bulgaria
NCT01515423,China
NCT01515423,Japan
NCT01515423,United States
NCT01515423,Germany
NCT01515423,Poland
NCT01515423,Russia
NCT01515423,Taiwan
NCT01515423,Belgium
NCT01515423,Ukraine
NCT01515423,Sweden
NCT01515423,France
NCT01515423,Czechia
NCT01515423,Austria
NCT01515423,Greece
NCT04321759,United States
NCT02087579,United States
NCT02087579,Germany
NCT02087579,Argentina
NCT02087579,Brazil
NCT02087579,Spain
NCT02087579,Bulgaria
NCT02087579,Belgium
NCT06716996,Switzerland
NCT05615662,United States
NCT02818088,South Africa
NCT03522220,Germany
NCT06305182,Switzerland
NCT05078424,Hong Kong
NCT06786962,France
NCT06212362,Sweden
NCT05979103,United States
NCT05830773,United States
NCT04732169,United States
NCT04325386,United States
NCT05087186,United Kingdom
NCT04714970,China
NCT01813669,United States
NCT05153369,Canada
NCT03033069,United States
NCT03535805,Denmark
NCT05799794,United States
NCT04124380,United States
NCT05082246,United States
NCT06273527,United States
NCT06155786,Iran
NCT05180669,United States
NCT06811259,Turkey (Türkiye)
NCT02229188,United States
NCT01714661,Canada
NCT01714661,Mexico
NCT01714661,United States
NCT01714661,Germany
NCT01714661,Poland
NCT01714661,Russia
NCT01714661,Argentina
NCT01714661,Singapore
NCT01714661,Australia
NCT01714661,Serbia
NCT01714661,Brazil
NCT01714661,Spain
NCT01714661,Ukraine
NCT06956066,Turkey (Türkiye)
NCT04192266,United States
NCT07793864,Turkey (Türkiye)
NCT04117464,Spain
NCT05715034,United States
NCT01752998,United States
NCT06997263,Egypt
NCT04197921,United States
NCT03995316,United States
NCT06610552,Switzerland
NCT04426448,Botswana
NCT05147948,Sweden
NCT02470026,Germany
NCT07181226,Czechia
NCT05053178,Turkey (Türkiye)
NCT05467085,United States
NCT06490315,Hong Kong
NCT06785025,United States
NCT01819025,Sweden
NCT03688009,Hong Kong
NCT04921332,United States
NCT04035798,Taiwan
NCT05772221,United States
NCT04227704,United States
NCT03250026,Sweden
NCT06433635,Canada
NCT06433635,United States
NCT01963234,United States
NCT01563198,United States
NCT06136338,Taiwan
NCT01167348,Taiwan
NCT02611544,United States
NCT06975098,Taiwan
NCT04990687,United States
NCT04594616,United States
NCT04043533,Turkey (Türkiye)
NCT03968133,Canada
NCT04089085,United States
NCT05588687,Turkey (Türkiye)
NCT04693416,United States
NCT03339258,United States
NCT06326255,Hong Kong
NCT05830955,Turkey (Türkiye)
NCT05833555,United States
NCT07221578,United States
NCT02611206,United States
NCT02614547,United States
NCT02466958,United States
NCT03907748,Norway
NCT03907748,Germany
NCT03907748,Poland
NCT03907748,Australia
NCT03907748,United Kingdom
NCT02469155,United States
NCT06882785,Japan
NCT07672925,United States
NCT04021433,Israel
NCT02976558,Germany
NCT02824055,United States
NCT07239778,Norway
NCT04580043,United States
NCT04503343,China
NCT05088915,United States
NCT06305325,Pakistan
NCT02988076,United States
NCT03530943,United States
NCT03314155,France
NCT02106078,United States
NCT05140135,United States
NCT02234076,Netherlands
NCT03960658,United States
NCT01928758,United States
NCT01157078,India
NCT01157078,United States
NCT02405715,Canada
NCT05449002,United States
NCT05068245,United States
NCT06442072,Netherlands
NCT05369195,Poland
NCT06983301,United Kingdom
NCT01652807,United States
NCT04009928,Canada
NCT07777107,Turkey (Türkiye)
NCT03793712,Estonia
NCT03793712,Germany
NCT03793712,Czechia
NCT03793712,Poland
NCT03793712,Hungary
NCT03793712,Latvia
NCT03793712,Bulgaria
NCT03793712,Ukraine
NCT05681767,Finland
NCT06792136,Japan
NCT01360645,Canada
NCT01360645,Slovakia
NCT01360645,United States
NCT01360645,Poland
NCT01360645,France
NCT03760601,Sweden
NCT02824081,France
NCT02115737,Canada
NCT01629537,United States
NCT04162977,Canada
NCT01900301,United States
NCT07216612,United States
NCT04693130,Taiwan
NCT02498730,Brazil
NCT01887665,United States
NCT04601545,Poland
NCT05189977,United States
NCT02437357,Germany
NCT01667328,United States
NCT02464345,Brazil
NCT01837875,United States
NCT03249857,France
NCT04788212,United States
NCT06236919,Spain
NCT06849830,United States
NCT06057337,United States
NCT05302375,United States
NCT03564067,Canada
NCT03873922,Finland
NCT04825756,United States
NCT03678051,United States
NCT05766202,Finland
NCT03404466,China
NCT04973956,Spain
NCT04973956,France
NCT01579422,United States
NCT02206776,United States
NCT02724917,United States
NCT05406440,United States
NCT06483789,Australia
NCT05294991,United States
NCT02286440,United States
NCT04286724,Switzerland
NCT03925259,United Kingdom
NCT05073289,Turkey (Türkiye)
NCT03356691,Brazil
NCT02397850,Switzerland
NCT06074991,Turkey (Türkiye)
NCT04287218,Denmark
NCT01955590,Norway
NCT02892110,United States
NCT02481713,United States
NCT05960513,Canada
NCT03688360,Netherlands
NCT03129282,United Kingdom
NCT07671040,Indonesia
NCT03348540,United States
NCT05948540,United States
NCT06015425,South Korea
NCT05836090,United States
NCT02417025,United States
NCT03380117,United States
NCT01457391,United States
NCT03729791,South Korea
NCT02583490,United States
NCT01143090,United States
NCT05221489,Turkey (Türkiye)
NCT04724668,United States
NCT07227818,Puerto Rico
NCT07227818,Serbia
NCT07227818,United States
NCT04898725,Taiwan
NCT01098240,United States
NCT01624168,United States
NCT03175068,United States
NCT02293291,United States
NCT01724476,Ethiopia
NCT05424991,Turkey (Türkiye)
NCT06372210,United States
NCT03086980,Canada
NCT01568203,United States
NCT05970510,China
NCT02102113,United States
NCT01944423,United States
NCT02266680,Canada
NCT06440941,Hong Kong
NCT04381559,Canada
NCT05729373,Estonia
NCT05729373,Slovakia
NCT05729373,Japan
NCT05729373,United States
NCT05729373,Finland
NCT05729373,Spain
NCT05729373,Bulgaria
NCT05729373,Sweden
NCT05257902,South Korea
NCT05906849,Portugal
NCT07473648,China
NCT04916548,United States
NCT02795455,United States
NCT02176226,United States
NCT02505178,Canada
NCT02537678,United States
NCT01457235,Denmark
NCT01404208,United States
NCT01028625,United States
NCT01304862,United States
NCT01155661,Mexico
NCT01155661,Netherlands
NCT01155661,United States
NCT01155661,Chile
NCT01155661,Brazil
NCT01155661,Spain
NCT01155661,Lithuania
NCT03428542,Sweden
NCT06755983,Turkey (Türkiye)
NCT03198754,United States
NCT03216356,United States
NCT06670729,Iraq
NCT01677429,Israel
NCT07003529,France
NCT04442503,United Kingdom
NCT04442503,United States
NCT04442503,Spain
NCT03106883,Canada
NCT05797441,United States
NCT04503954,Taiwan
NCT01207505,United States
NCT05745194,Portugal
NCT07104851,China
NCT05665491,United States
NCT03217110,United States
NCT04633096,Germany
NCT06103188,Jordan
NCT06537869,Sweden
NCT05726669,United Kingdom
NCT02848469,Ireland
NCT04255784,Canada
NCT06649552,France
NCT01111552,Slovakia
NCT01111552,United States
NCT01111552,Romania
NCT01111552,Philippines
NCT01111552,India
NCT01111552,Australia
NCT01111552,Bulgaria
NCT01984515,United States
NCT06591325,Brazil
NCT05179525,United States
NCT03413527,Canada
NCT02843022,United States
NCT03489122,United States
NCT05346588,United States
NCT06425094,United States
NCT07116694,United States
NCT03702166,United States
NCT04432129,Denmark
NCT01602029,Pakistan
NCT02664129,France
NCT01849029,United States
NCT01856127,United States
NCT03715127,Switzerland
NCT03603561,Belgium
NCT02206386,United States
NCT05648786,United States
NCT05701670,United Kingdom
NCT07641270,Turkey (Türkiye)
NCT01908673,Canada
NCT06711783,Sweden
NCT02299583,Denmark
NCT04588129,United States
NCT06005961,Hong Kong
NCT03716869,United States
NCT04163341,United States
NCT06123702,United States
NCT05386745,Canada
NCT04318977,Germany
NCT04318977,Czechia
NCT06044675,Canada
NCT02577575,United States
NCT02159001,Finland
NCT06379074,Italy
NCT03972410,Italy
NCT02399020,Finland
NCT05488782,United States
NCT04557124,United States
NCT01916824,United States
NCT07660159,Turkey (Türkiye)
NCT07191483,United States
NCT03993041,United States
NCT05172505,Germany
NCT05563805,United States
NCT03375294,United States
NCT03707522,United States
NCT03798431,United States
NCT05788302,United States
NCT05976945,Netherlands
NCT03490045,United States
NCT01792856,China
NCT04031937,France
NCT05834439,Turkey (Türkiye)
NCT07325370,China
NCT03393637,United States
NCT03753945,Canada
NCT06365645,United States
NCT02451670,United States
NCT03594773,United States
NCT04876066,United States
NCT02234622,United States
NCT02232529,United Kingdom
NCT04826302,Spain
NCT07155941,Germany
NCT04498754,United States
NCT02475954,United States
NCT07653022,Belgium
NCT07017322,United States
NCT03024151,South Korea
NCT05113953,United States
NCT01938937,Finland
NCT07245212,United Kingdom
NCT07221201,Zambia
NCT01544205,United Kingdom
NCT05627154,United Kingdom
NCT03814122,Canada
NCT04501445,United States
NCT02396472,United States
NCT06793995,China
NCT02263872,Pakistan
NCT04945239,United States
NCT04147897,United States
NCT02932059,France
NCT03287362,Germany
NCT03446846,Moldova
NCT03446846,United States
NCT03446846,Finland
NCT03446846,Poland
NCT03446846,Georgia
NCT03446846,Bulgaria
NCT03446846,Ukraine
NCT06665633,United States
NCT04904952,Bangladesh
NCT04893447,United States
NCT04273958,Switzerland
NCT07531758,Turkey (Türkiye)
NCT06506435,United States
NCT03156335,Canada
NCT06270108,United Kingdom
NCT05169710,Canada
NCT05169710,Slovakia
NCT05169710,Japan
NCT05169710,United States
NCT05169710,Romania
NCT05169710,Bulgaria
NCT01752010,United States
NCT03133013,United States
NCT04525469,United States
NCT07028983,Palestinian Territories
NCT07028983,Norway
NCT07028983,Switzerland
NCT07028983,Poland
NCT07028983,Austria
NCT07028983,Spain
NCT07028983,Israel
NCT07028983,Italy
NCT06293313,Turkey (Türkiye)
NCT05405946,Spain
NCT05982288,Turkey (Türkiye)
NCT05262127,Canada
NCT04502186,United States
NCT02200341,United States
NCT05858541,United States
NCT02331433,United States
NCT01189552,United States
NCT04080752,Moldova
NCT04080752,United States
NCT04080752,Russia
NCT04080752,Ukraine
NCT04080752,United Kingdom
NCT05986747,Pakistan
NCT02968238,United States
NCT03284138,France
NCT01055158,United States
NCT02263248,Canada
NCT04599855,United States
NCT01727726,Canada
NCT01727726,United States
NCT01727726,Germany
NCT01727726,Poland
NCT01727726,Russia
NCT01727726,Serbia
NCT01727726,France
NCT03300778,China
NCT05612685,United States
NCT01751035,United States
NCT07525908,China
NCT02968121,United States
NCT02852174,United States
NCT01948024,United States
NCT06221280,Turkey (Türkiye)
NCT04450862,United Kingdom
NCT01557946,United States
NCT04780542,Colombia
NCT04780542,Mexico
NCT07039370,Turkey (Türkiye)
NCT04994496,Germany
NCT05273996,United States
NCT07721870,Sweden
NCT05452746,Singapore
NCT05136703,United States
NCT05250570,United States
NCT01393613,Mexico
NCT01393613,Slovakia
NCT01393613,United States
NCT01393613,Colombia
NCT01393613,Croatia
NCT01393613,Philippines
NCT01393613,Russia
NCT01393613,Taiwan
NCT05748613,United States
NCT07329270,Turkey (Türkiye)
NCT02544516,France
NCT04811404,United States
NCT06582784,United States
NCT04245748,United States
NCT05551585,Hong Kong
NCT05145387,United States
NCT06570993,Niue
NCT02184221,China
NCT01384916,United States
NCT06127004,Sweden
NCT04589143,China
NCT06004115,United States
NCT03174808,United States
NCT02713425,United States
NCT01974076,Australia
NCT06273904,United States
NCT04104347,Spain
NCT04078438,South Korea
NCT01998958,Belgium
NCT01998958,United States
NCT01998958,Japan
NCT07153835,Bangladesh
NCT02600299,Singapore
NCT04034732,Hong Kong
NCT07691021,Palestinian Territories
NCT06502106,Sweden
NCT04307706,Turkey (Türkiye)
NCT04370938,United States
NCT04707378,China
NCT03370341,United States
NCT03279731,United States
NCT05918835,United States
NCT06419608,United States
NCT02336308,United States
NCT06884033,Italy
NCT04502758,United States
NCT06069843,United States
NCT02549508,United States
NCT06957925,Uganda
NCT05229406,United States
NCT02768649,United States
NCT04136626,United States
NCT03305458,United States
NCT07753538,United States
NCT03652948,United States
NCT03610048,Puerto Rico
NCT03610048,Australia
NCT03610048,United States
NCT06582225,Sweden
NCT04481217,France
NCT03745768,United States
NCT06107491,Taiwan
NCT03621774,United States
NCT06819813,United States
NCT01655680,Russia
NCT01655680,United Kingdom
NCT01655680,United States
NCT06020079,Turkey (Türkiye)
NCT06406946,United Kingdom
NCT03412227,United States
NCT03194386,France
NCT06801197,Canada
NCT03850613,Hong Kong
NCT04560023,Spain
NCT06678880,United States
NCT02903862,United States
NCT03090503,Spain
NCT03005574,United States
NCT01873482,United States
NCT06893627,Denmark
NCT04188288,United States
NCT02356861,United States
NCT05650788,France
NCT01807988,Sweden
NCT06061952,United States
NCT04026152,Canada
NCT05849038,United States
NCT05045326,Spain
NCT01501825,Israel
NCT06923891,United States
NCT01578486,United States
NCT06949813,United States
NCT01997580,South Korea
NCT02129790,United States
NCT04604210,United States
NCT06001723,Taiwan
NCT06538259,China
NCT01095562,United States
NCT06145490,Sweden
NCT05318924,Germany
NCT06609824,Netherlands
NCT04041479,United States
NCT02567279,France
NCT02121496,United States
NCT04631952,Hong Kong
NCT03831347,United States
NCT07597447,Turkey (Türkiye)
NCT01885026,Sweden
NCT06360991,China
NCT01098318,United States
NCT04659174,Ukraine
NCT04659174,United States
NCT05834010,Denmark
NCT01055379,Italy
NCT05643196,United States
NCT04457310,United States
NCT01401296,Germany
NCT01975480,Canada
NCT06609291,Spain
NCT03573297,Puerto Rico
NCT03573297,United States
NCT03573297,Poland
NCT03573297,Russia
NCT03573297,South Korea
NCT03573297,Taiwan
NCT03573297,Malaysia
NCT03573297,Serbia
NCT03573297,Bulgaria
NCT03573297,Ukraine
NCT03573297,Thailand
NCT02429674,United States
NCT06551090,United States
NCT01664260,South Korea
NCT02713282,Denmark
NCT02713282,Netherlands
NCT02713282,Saudi Arabia
NCT02713282,Germany
NCT02713282,Croatia
NCT02713282,Russia
NCT02713282,South Korea
NCT02713282,Taiwan
NCT02713282,Malaysia
NCT02713282,Greece
NCT02713282,Turkey (Türkiye)
NCT02713282,Spain
NCT02713282,United Kingdom
NCT02713282,Israel
NCT02713282,France
NCT05082623,Turkey (Türkiye)
NCT02017262,United States
NCT01920490,Brazil
NCT03677791,Finland
NCT03983018,Sweden
NCT03615118,Colombia
NCT05842291,China
NCT05670990,Sweden
NCT03811990,United States
NCT03818490,United States
NCT04880460,Bangladesh
NCT05193318,United States
NCT06874790,United States
NCT04455360,United Kingdom
NCT05030623,Egypt
NCT07155096,United States
NCT05406791,United States
NCT06187090,Italy
NCT03416010,United States
NCT02118610,United States
NCT03033420,Denmark
NCT02167724,France
NCT01178255,Germany
NCT06418178,United States
NCT06518785,United States
NCT03318640,France
NCT02405117,United States
NCT01041976,United States
NCT03340350,United States
NCT02572973,United States
NCT03556124,United States
NCT06076746,Turkey (Türkiye)
NCT06482554,United States
NCT04575805,Turkey (Türkiye)
NCT07110831,Nigeria
NCT01401231,United States
NCT04448808,Germany
NCT02086162,United States
NCT02210962,Poland
NCT04747873,Canada
NCT01621737,United States
NCT03466112,Germany
NCT04428112,United States
NCT03907995,United States
NCT02800577,United Kingdom
NCT03188575,United Kingdom
NCT03169712,Canada
NCT03510195,Malaysia
NCT03667677,China
NCT03601377,Cyprus
NCT04621877,United States
NCT01806922,Taiwan
NCT02504151,United States
NCT04846829,United States
NCT05593029,Canada
NCT05593029,United States
NCT05593029,Czechia
NCT05593029,Germany
NCT05593029,Poland
NCT05593029,Hungary
NCT05593029,Bulgaria
NCT01479829,United States
NCT04741529,United States
NCT01911429,Mexico
NCT01911429,Puerto Rico
NCT01911429,United States
NCT01911429,Romania
NCT01911429,Colombia
NCT01911429,Poland
NCT01911429,Philippines
NCT01911429,Russia
NCT01911429,South Korea
NCT01911429,Hungary
NCT01911429,Ukraine
NCT01911429,Malaysia
NCT01911429,United Kingdom
NCT01911429,Spain
NCT01911429,Bulgaria
NCT01911429,Belgium
NCT01911429,France
NCT05964023,China
NCT05858346,United States
NCT03950661,United States
NCT04118283,United States
NCT04663594,United Kingdom
NCT06963580,China
NCT03345979,United States
NCT05934162,Sweden
NCT03277846,United States
NCT05356988,United States
NCT03599141,United States
NCT01155544,United States
NCT06278909,Canada
NCT01179009,United States
NCT03466346,Kenya
NCT05051969,United States
NCT04478305,Canada
NCT05421494,China
NCT05416203,United States
NCT03269370,United States
NCT02173041,India
NCT02777905,Canada
NCT05467683,United States
NCT03811041,France
NCT02336841,United Kingdom
NCT03359486,Nepal
NCT06187454,Taiwan
NCT04129970,United Kingdom
NCT01971541,United States
NCT05410561,United States
NCT02156973,United Kingdom
NCT07151573,Norway
NCT03249376,United States
NCT03249376,Colombia
NCT03249376,Russia
NCT03249376,Serbia
NCT03249376,Bulgaria
NCT03249376,Ukraine
NCT05732740,United States
NCT04796389,Netherlands
NCT05586789,Russia
NCT05380050,United States
NCT03496350,Sweden
NCT02685748,Serbia
NCT06407648,United States
NCT06594848,United States
NCT05825235,Sweden
NCT06340789,Taiwan
NCT05118750,United States
NCT05188950,Taiwan
NCT04018625,United States
NCT02943876,Canada
NCT06567340,United Kingdom
NCT02741791,United States
NCT06796868,China
NCT02332291,United States
NCT05415891,United States
NCT03150225,Brazil
NCT03300440,Austria
NCT02925325,Mexico
NCT04889755,United States
NCT03305055,United States
NCT02800226,Canada
NCT06347978,United States
NCT02947243,Canada
NCT04234425,United States
NCT04414943,China
NCT01860443,Chile
NCT02083926,United States
NCT03927378,China
NCT05975008,United States
NCT06258655,Finland
NCT01876225,Israel
NCT02289248,United States
NCT07156448,Taiwan
NCT06845878,United States
NCT04853485,China
NCT06861608,United States
NCT02375308,Germany
NCT01551225,Netherlands
NCT05930015,Malaysia
NCT05400785,South Korea
NCT07051135,Spain
NCT03093025,United States
NCT01441843,Netherlands
NCT01621815,Israel
NCT06661408,Turkey (Türkiye)
NCT03064776,Israel
NCT03064776,Hungary
NCT03064776,Spain
NCT01520129,United States
NCT05046353,United States
NCT06364137,United States
NCT02907437,Israel
NCT03681145,United States
NCT06474195,India
NCT02544295,France
NCT05780177,United States
NCT01073657,United States
NCT06580457,United States
NCT01437657,Mexico
NCT01437657,Japan
NCT01437657,United States
NCT01437657,Romania
NCT01437657,Germany
NCT01437657,Poland
NCT01437657,Russia
NCT01437657,Taiwan
NCT01437657,Chile
NCT05501457,Turkey (Türkiye)
NCT02611401,Italy
NCT07030530,Turkey (Türkiye)
NCT03060967,France
NCT01706965,United States
NCT07411807,France
NCT04243798,United States
NCT05705063,United States
NCT07590609,China
NCT03042832,United States
NCT01339598,Australia
NCT07800663,Israel
NCT04829318,South Africa
NCT04829318,Finland
NCT04829318,Czechia
NCT04829318,Germany
NCT04829318,Poland
NCT04829318,South Korea
NCT04829318,Argentina
NCT04829318,Hungary
NCT04829318,Taiwan
NCT04829318,Malaysia
NCT04829318,Greece
NCT04829318,Turkey (Türkiye)
NCT04829318,Bulgaria
NCT04829318,Belgium
NCT06957210,Pakistan
NCT03350360,United States
NCT02536924,Canada
NCT02087956,United States
NCT03314129,United States
NCT06273137,United States
NCT02823639,Germany
NCT07052357,United States
NCT02832401,Canada
NCT06853912,United States
NCT03105700,United States
NCT07280000,Turkey (Türkiye)
NCT04646200,United States
NCT04223011,United States
NCT06051864,India
NCT03068676,United States
NCT03469089,Finland
NCT06856668,United States
NCT01537068,United States
NCT04355091,Turkey (Türkiye)
NCT06420674,Spain
NCT03737474,Japan
NCT02943213,South Africa
NCT07771413,Turkey (Türkiye)
NCT05441124,Turkey (Türkiye)
NCT05705323,Lithuania
NCT01537679,United States
NCT05814640,China
NCT07119268,United States
NCT05447091,Israel
NCT02321891,Finland
NCT06476418,Turkey (Türkiye)
NCT07006220,Spain
NCT04637620,Taiwan
NCT04784182,United States
NCT02359123,Israel
NCT01626859,Japan
NCT05264376,United States
NCT06834217,United States
NCT06755710,Denmark
NCT04523610,Canada
NCT04210713,United States
NCT02169960,Canada
NCT01514682,United States
NCT02411123,United States
NCT03865459,Turkey (Türkiye)
NCT01460290,United States
NCT04309097,China
NCT05018013,China
NCT01714713,Canada
NCT01714713,Mexico
NCT01714713,United States
NCT01714713,Romania
NCT01714713,Colombia
NCT01714713,Germany
NCT01714713,Poland
NCT01714713,Russia
NCT01714713,Argentina
NCT01714713,Ukraine
NCT01714713,Singapore
NCT01714713,Australia
NCT01714713,United Kingdom
NCT01714713,Spain
NCT01714713,Belgium
NCT01714713,Italy
NCT02192723,China
NCT06795659,United States
NCT07326618,Turkey (Türkiye)
NCT05625360,United States
NCT04543123,South Korea
NCT02863380,France
NCT04768920,United States
NCT01934023,Canada
NCT06181110,Hong Kong
NCT05764213,United States
NCT04292223,United States
NCT03379480,India
NCT01947179,United States
NCT03994159,France
NCT04183946,Switzerland
NCT00571246,United States
NCT01563003,United States
NCT05544110,China
NCT03596879,United States
NCT04310579,United States
NCT03757988,United States
NCT01516827,Germany
NCT04659954,France
NCT03425851,United States
NCT01463202,United States
NCT04548609,United States
NCT07133893,United States
NCT07193914,France
NCT01663649,Germany
NCT06526078,United States
NCT02526355,Pakistan
NCT04285515,United States
NCT04285515,Russia
NCT04285515,Serbia
NCT04285515,Bulgaria
NCT04285515,Ukraine
NCT05869708,United States
NCT03665415,United States
NCT04636840,United States
NCT04521868,China
NCT06355414,United States
NCT06479447,United States
NCT03161249,Spain
NCT02335658,Japan
NCT04814355,United States
NCT04849026,South Korea
NCT03560726,United States
NCT03848715,United States
NCT05725408,United States
NCT02794389,United Kingdom
NCT06295250,Bangladesh
NCT02532491,Spain
NCT02328690,United States
NCT05053360,United States
NCT06049433,United States
NCT05011552,United States
NCT05732155,Israel
NCT04572035,Canada
NCT02069925,United States
NCT03932474,Italy
NCT03652974,China
NCT06215313,Netherlands
NCT05963750,France
NCT06022497,Turkey (Türkiye)
NCT01794897,India
NCT01892813,United States
NCT02780635,United States
NCT06253676,Nepal
NCT03601117,United States
NCT06326840,Taiwan
NCT05883774,China
NCT03503318,Bulgaria
NCT03503318,United States
NCT06795555,Italy
NCT05768126,Netherlands
NCT07128017,Poland
NCT06917950,Egypt
NCT05569018,Spain
NCT05546697,United States
NCT06641115,United States
NCT04787068,United States
NCT06266390,United States
NCT06936397,Turkey (Türkiye)
NCT02123160,United States
NCT01488929,United States
NCT01488929,Romania
NCT01488929,Russia
NCT01488929,Hungary
NCT01488929,Serbia
NCT01488929,Ukraine
NCT06247839,United States
NCT01400477,United States
NCT05652803,Turkey (Türkiye)
NCT05941442,United States
NCT06570369,United States
NCT05965245,Uganda
NCT05965245,United States
NCT07847242,South Korea
NCT01123486,United States
NCT04888169,United States
NCT01329341,United States
NCT02080351,United Kingdom
NCT03890029,United States
NCT02366429,Sweden
NCT06110702,Italy
NCT05263037,United States
NCT01312272,United States
NCT02041572,United States
NCT02155829,United States
NCT05127837,United States
NCT04570072,China
NCT01145872,United States
NCT02248675,United States
NCT06696157,United States
NCT03094429,United States
NCT01263275,Australia
NCT06751875,Belgium
NCT02675257,Germany
NCT03011801,United States
NCT02294305,United States
NCT03368794,Sweden
NCT07253831,Iraq
NCT03829839,Germany
NCT05672446,Turkey (Türkiye)
NCT03855683,United States
NCT04602741,Canada
NCT02959502,Canada
NCT01575561,Slovakia
NCT01575561,Japan
NCT01575561,United States
NCT01575561,Czechia
NCT01575561,Poland
NCT01575561,Russia
NCT01575561,Argentina
NCT01575561,Hungary
NCT01575561,Chile
NCT01575561,Serbia
NCT01575561,Bulgaria
NCT01575561,France
NCT01206842,Norway
NCT06263166,Turkey (Türkiye)
NCT02936466,France
NCT05122429,United States
NCT02279953,Estonia
NCT02279953,Slovakia
NCT02279953,Finland
NCT02279953,Germany
NCT02279953,Serbia
NCT02732561,United States
NCT05973461,United States
NCT06814002,Turkey (Türkiye)
NCT04166019,Hong Kong
NCT03043430,United States
NCT02057627,United States
NCT02472483,France
NCT02836054,France
NCT04421456,Poland
NCT04421456,Serbia
NCT04421456,United States
NCT04421456,Spain
NCT03301922,Norway
NCT01308151,Pakistan
NCT02420431,United Kingdom
NCT05716802,China
NCT03672175,United States
NCT05500001,Canada
NCT01263119,United States
NCT01490567,China
NCT07168005,Israel
NCT04958902,Canada
NCT02337439,United States
NCT07082777,Denmark
NCT02558075,United States
NCT03892473,North Macedonia
NCT07160673,Hong Kong
NCT06263894,Turkey (Türkiye)
NCT02675556,United States
NCT04075877,United States
NCT01783457,Spain
NCT06806267,Germany
NCT03100656,Canada
NCT03100656,United States
NCT03109795,United States
NCT01940939,China
NCT02766101,United States
NCT06247930,China
NCT05744141,Turkey (Türkiye)
NCT07622654,Turkey (Türkiye)
NCT07516431,Spain
NCT05992545,South Korea
NCT01209377,Germany
NCT05219175,United States
NCT04409457,United States
NCT05622201,Sweden
NCT04501328,United States
NCT02148965,Brazil
NCT07051200,United States
NCT06944366,United Kingdom
NCT04567472,United Kingdom
NCT02069301,Vietnam
NCT04603781,United States
NCT05515354,Canada
NCT05471154,Belgium
NCT02741622,Norway
NCT02574429,Canada
NCT01075295,Canada
NCT04228575,Canada
NCT03053557,United States
NCT06854601,Russia
NCT03731481,United States
NCT01461681,United States
NCT06500624,Pakistan
NCT05719246,United States
NCT04189146,United States
NCT04830527,Chile
NCT04200170,United States
NCT06046573,Sweden
NCT02484794,Canada
NCT01629966,United States
NCT07523256,Indonesia
NCT04039022,United States
NCT00993629,United States
NCT06833801,Taiwan
NCT03096886,United States
NCT01557153,United Kingdom
NCT05145270,China
NCT07219056,United States
NCT05803551,United States
NCT02443051,United States
NCT01157351,Puerto Rico
NCT01157351,United States
NCT03537053,United Kingdom
NCT04898270,Taiwan
NCT01784666,United States
NCT04829266,Poland
NCT04504253,United States
NCT01635075,United States
NCT07014241,Australia
NCT02273154,China
NCT02355002,United States
NCT02845102,United States
NCT03874845,United States
NCT06358495,Canada
NCT01766401,United States
NCT04423783,Germany
NCT05901922,Turkey (Türkiye)
NCT04365829,France
NCT01436331,Italy
NCT01931995,United States
NCT02205177,United States
NCT03685942,France
NCT01431573,United States
NCT06159673,Mexico
NCT06159673,United States
NCT06159673,Czechia
NCT06159673,South Korea
NCT06159673,Taiwan
NCT06159673,Chile
NCT06159673,Serbia
NCT06159673,Brazil
NCT06159673,Spain
NCT06159673,Bulgaria
NCT06159673,Italy
NCT06159673,France
NCT04342494,United States
NCT05573672,Canada
NCT01543139,South Korea
NCT04305977,United States
NCT06289842,Egypt
NCT07194473,Netherlands
NCT07194473,Belgium
NCT07194473,Sweden
NCT07194473,Switzerland
NCT01890083,United States
NCT04025905,France
NCT05232422,Austria
NCT06525922,United States
NCT06489522,United States
NCT01551329,United States
NCT04404231,United States
NCT04592042,Germany
NCT06950970,Ecuador
NCT01822366,Kenya
NCT01822366,Tanzania
NCT01822366,United States
NCT02252822,Canada
NCT07118072,Singapore
NCT05901272,United States
NCT07233772,Turkey (Türkiye)
NCT04229875,Denmark
NCT06279312,Taiwan
NCT06707012,Pakistan
NCT04641065,Turkey (Türkiye)
NCT06854367,Canada
NCT04633707,China
NCT04046536,United States
NCT05615675,United States
NCT02572830,Switzerland
NCT05756465,Indonesia
NCT02772211,Israel
NCT04889911,United States
NCT04432064,United States
NCT06633263,Belgium
NCT02360228,United States
NCT06274567,United States
NCT04694807,Denmark
NCT04053244,Canada
NCT01608399,Norway
NCT02094898,United States
NCT06290063,United States
NCT04719663,Germany
NCT04899687,United States
NCT04480021,India
NCT05965401,Canada
NCT04279028,United States
NCT04640636,United States
NCT01610011,United States
NCT04173598,France
NCT02195193,China
NCT04711993,Turkey (Türkiye)
NCT02666495,United Kingdom
NCT02728557,Israel
NCT05624528,United States
NCT02913898,United Kingdom
NCT04593563,United States
NCT07478393,United States
NCT06966921,Taiwan
NCT03308864,United States
NCT04111887,United States
NCT06400121,United States
NCT04966312,Taiwan
NCT05242367,United States
NCT03208036,United States
NCT06234371,United States
NCT01411709,United Kingdom
NCT05630781,United States
NCT03680781,United States
NCT06862830,Italy
NCT04679636,Taiwan
NCT03874611,France
NCT01139099,Taiwan
NCT03300232,United States
NCT01392287,United States
NCT05354895,United States
NCT05296057,Canada
NCT01654601,South Korea
NCT05225701,Mexico
NCT03093064,United Kingdom
NCT01939210,United States
NCT03884712,United States
NCT03351465,United States
NCT04806165,United States
NCT07319936,Canada
NCT02751632,Australia
NCT02874898,United States
NCT05116514,France
NCT03471806,Belgium
NCT07097636,Turkey (Türkiye)
NCT02989493,United States
NCT07080606,United States
NCT04091633,Pakistan
NCT03491852,Canada
NCT04696471,United States
NCT03183609,United States
NCT06713109,Turkey (Türkiye)
NCT05647863,Israel
NCT07488663,Italy
NCT07134816,France
NCT02623504,United States
NCT07277647,Turkey (Türkiye)
NCT07364136,Egypt
NCT05620511,Taiwan
NCT03979404,United Kingdom
NCT01514630,United States
NCT03655730,France
NCT05695365,United States
NCT05535400,Hong Kong
NCT05345834,United States
NCT06048263,United States
NCT05627687,United States
NCT02931487,Norway
NCT03578393,Spain
NCT06552104,Turkey (Türkiye)
NCT06327919,Iran
NCT03371836,United States
NCT02218736,United States
NCT02149836,United States
NCT01897064,United States
NCT05500664,Egypt
NCT01924598,United Kingdom
NCT07135414,Belgium
NCT03056781,United States
NCT03404219,United States
NCT06901128,Norway
NCT04158167,India
NCT07439744,Taiwan
NCT01817244,South Korea
NCT03376763,South Korea
NCT03632863,Canada
NCT01328093,Puerto Rico
NCT01328093,United States
NCT01328093,Romania
NCT01328093,Germany
NCT01328093,Poland
NCT01328093,Austria
NCT01328093,Spain
NCT01328093,Belgium
NCT01328093,Sweden
NCT01328093,France
NCT02350504,Israel
NCT05896436,Canada
NCT05017311,Canada
NCT02568709,United States
NCT01558063,United States
NCT05861414,China
NCT06039514,Spain
NCT04561011,Canada
NCT01003834,United States
NCT04592809,United States
NCT03045016,France
NCT04228133,Israel
NCT04284813,United States
NCT06571513,United States
NCT05393479,Nepal
NCT04690946,Norway
NCT05438446,Greece
NCT06442527,United States
NCT07671261,China
NCT02441569,United States
NCT07070869,France
NCT03777553,United States
NCT03612661,United States
NCT04426773,China
NCT07590869,Turkey (Türkiye)
NCT03660280,Sweden
NCT07030946,Taiwan
NCT01973283,United States
NCT05415982,Norway
NCT04258579,United States
NCT04911803,Singapore
NCT05414422,Germany
NCT05414422,Poland
NCT05414422,United States
NCT02648022,United States
NCT07673380,United States
NCT07017569,United States
NCT05713305,China
NCT06978166,United States
NCT01696929,United States
NCT02874131,United States
NCT01600131,United States
NCT01793610,United States
NCT05453513,United States
NCT03564041,Canada
NCT01715805,Puerto Rico
NCT01715805,United States
NCT01490086,Moldova
NCT01490086,United States
NCT01490086,Philippines
NCT01490086,Malaysia
NCT01490086,India
NCT03345394,Brazil
NCT01728194,United States
NCT04286594,United States
NCT05664594,United States
NCT01284959,South Korea
NCT04316559,United States
NCT02357680,Denmark
NCT05405803,United States
NCT06740188,China
NCT04261361,Hong Kong
NCT05032105,United States
NCT00884897,United States
NCT06001697,United States
NCT05683431,United States
NCT04830839,United States
NCT04436757,France
NCT04984512,China
NCT05183867,United States
NCT01364792,Netherlands
NCT03304457,India
NCT04646681,United States
NCT03228628,France
NCT07187492,China
NCT01868802,Mexico
NCT05952245,Hong Kong
NCT02418195,United States
NCT01788657,Sweden
NCT02731612,Canada
NCT02731612,United Kingdom
NCT02731612,Japan
NCT02731612,United States
NCT01929681,United States
NCT02374567,Germany
NCT02756507,Romania
NCT04301492,Italy
NCT04851795,Spain
NCT04651075,Turkey (Türkiye)
NCT01407575,United States
NCT05228457,United States
NCT05128981,Sweden
NCT04807530,United States
NCT03946111,United States
NCT03956771,Portugal
NCT02939131,United States
NCT02183272,United States
NCT06094972,Sweden
NCT07113665,Canada
NCT02746965,China
NCT05268367,United States
NCT02583867,United States
NCT02011139,South Korea
NCT01716975,Mexico
NCT01716975,United States
NCT01716975,Romania
NCT01716975,Colombia
NCT01716975,Poland
NCT01716975,Russia
NCT01716975,Argentina
NCT01716975,Australia
NCT01716975,United Kingdom
NCT01716975,Brazil
NCT01716975,Ukraine
NCT01716975,Italy
NCT06150612,United States
NCT07000812,Turkey (Türkiye)
NCT05207319,Taiwan
NCT04345471,Japan
NCT05401565,United States
NCT05998967,United States
NCT04871100,United States
NCT04260607,United States
NCT04890665,Mexico
NCT02457936,United States
NCT05187364,United States
NCT05461599,United States
NCT03524599,Colombia
NCT05232032,United States
NCT03917979,United States
NCT05611996,United States
NCT02372396,United States
NCT01409096,United States
NCT03799562,United States
NCT05521880,United States
NCT03156556,Canada
NCT04873622,Canada
NCT05223829,United States
NCT07081061,United States
NCT05172427,United States
NCT04888273,Canada
NCT01862653,United States
NCT01209845,United States
NCT06600373,China
NCT04136873,United States
NCT05599373,China
NCT05532683,United States
NCT03074669,Romania
NCT06658041,Hong Kong
NCT05240794,United States
NCT06842394,Denmark
NCT05503966,Norway
NCT05590637,United States
NCT02478827,Canada
NCT06341569,Romania
NCT01553669,China
NCT02860741,United States
NCT01408654,United States
NCT03846154,Burundi
NCT06524505,China
NCT04551794,Germany
NCT02145429,India
NCT02970929,United States
NCT02970929,Romania
NCT02970929,Russia
NCT02970929,Hungary
NCT02970929,Ukraine
NCT05652153,United States
NCT05587127,United States
NCT01462045,United States
NCT06580145,United States
NCT02228005,Canada
NCT06326905,United States
NCT04209166,China
NCT04886856,United States
NCT06522022,United States
NCT05660486,United States
NCT07262151,Turkey (Türkiye)
NCT04317170,United States
NCT02655354,United States
NCT06007105,Sierra Leone
NCT06007105,Nigeria
NCT06007105,Malawi
NCT06007105,Zimbabwe
NCT06605105,United States
NCT06605105,Poland
NCT06605105,Greece
NCT06605105,Australia
NCT06605105,United Kingdom
NCT05985356,United States
NCT04191122,United Kingdom
NCT06401031,Indonesia
NCT01388231,Germany
NCT06881342,Pakistan
NCT03155503,United States
NCT04367922,United States
NCT03828656,United States
NCT03357796,United States
NCT02432703,Canada
NCT02432703,Australia
NCT02432703,United States
NCT01842542,United States
NCT02244970,China
NCT03980873,Spain
NCT02099305,United States
NCT02707705,France
NCT03464383,United States
NCT05110456,Canada
NCT06548022,United States
NCT03896529,United States
NCT07162402,Pakistan
NCT01454453,United Kingdom
NCT06804577,Turkey (Türkiye)
NCT06139861,United States
NCT07464561,Italy
NCT06357286,Ghana
NCT06639841,Romania
NCT06729541,China
NCT05720741,United States
NCT02377505,Spain
NCT01909466,United States
NCT06348251,United States
NCT02750631,United States
NCT04773639,United States
NCT05814575,United States
NCT06772701,France
NCT02538081,United States
NCT03607630,United Kingdom
NCT02562430,United States
NCT03508700,United States
NCT03273205,Czechia
NCT01890356,Australia
NCT06378229,Belgium
NCT04052529,United States
NCT05309031,United States
NCT02500602,United States
NCT05651295,United States
NCT05713695,United States
NCT03138681,China
NCT01601067,United States
NCT01768000,Canada
NCT05695144,China
NCT07164105,United States
NCT01965366,United States
NCT05445466,United States
NCT01416805,United States
NCT05276505,Turkey (Türkiye)
NCT07216222,United States
NCT03176953,United States
NCT02155972,Canada
NCT02501239,United States
NCT01349439,Canada
NCT01420575,United States
NCT01652001,Spain
NCT04135612,Israel
NCT06568419,Norway
NCT02660528,United States
NCT05907967,United Kingdom
NCT02661061,Ireland
NCT05379673,United States
NCT02033369,United States
NCT03907254,United States
NCT07002554,United States
NCT02970305,Canada
NCT02970305,United States
NCT02970305,Czechia
NCT02970305,Poland
NCT02970305,Russia
NCT02970305,Hungary
NCT02970305,Serbia
NCT02970305,Spain
NCT02970305,Bulgaria
NCT02970305,Ukraine
NCT06991166,United States
NCT07344766,United States
NCT05776056,United States
NCT00946322,United States
NCT05605002,China
NCT01837953,Canada
NCT05686239,Czechia
NCT05686239,Bulgaria
NCT05686239,Poland
NCT05686239,United States
NCT01542957,Spain
NCT04250012,Finland
NCT05453981,Hong Kong
NCT02462642,India
NCT03345342,Mexico
NCT03345342,South Korea
NCT03345342,Argentina
NCT03345342,Hungary
NCT03345342,Brazil
NCT03345342,South Africa
NCT03345342,Malaysia
NCT03345342,India
NCT03345342,Australia
NCT03345342,Spain
NCT03345342,Bulgaria
NCT03345342,Italy
NCT03345342,United States
NCT03345342,Poland
NCT03345342,Russia
NCT03345342,Taiwan
NCT03345342,Turkey (Türkiye)
NCT03345342,Ukraine
NCT03345342,France
NCT03345342,Czechia
NCT03345342,Hong Kong
NCT07251270,Turkey (Türkiye)
NCT01708070,United States
NCT03142841,Puerto Rico
NCT03142841,United States
NCT04565041,United States
NCT05705154,United Kingdom
NCT04221269,United States
NCT06748222,Puerto Rico
NCT06748222,United States
NCT03512522,Canada
NCT07162129,Canada
NCT03607331,China
NCT02185131,United States
NCT01626131,United States
NCT05382702,United States
NCT03408002,Italy
NCT07097545,United States
NCT02556645,United States
NCT06303739,United States
NCT05585775,United States
NCT03365375,United States
NCT05233657,China
NCT05996419,United States
NCT04617769,United States
NCT02312583,Spain
NCT05817383,United States
NCT03647605,Poland
NCT05697094,Canada
NCT05922956,France
NCT02816502,United States
NCT06897553,Germany
NCT04830553,Germany
NCT02246972,United States
NCT06172075,United States
NCT02981381,United States
NCT06423430,United States
NCT03814967,United States
NCT04128683,United States
NCT04189354,Belgium
NCT02212366,Canada
NCT06393556,Australia
NCT06584422,United States
NCT05995951,Israel
NCT07686029,Italy
NCT03869177,Norway
NCT06964477,Taiwan
NCT03374475,Netherlands
NCT03374475,United States
NCT03374475,Germany
NCT03374475,United Kingdom
NCT03374475,Belgium
NCT05227612,United States
NCT03751865,Hong Kong
NCT02893007,Taiwan
NCT01213836,Denmark
NCT01213836,Germany
NCT01213836,Austria
NCT01213836,Spain
NCT01213836,Italy
NCT01228253,France
NCT04325737,Japan
NCT05159037,Israel
NCT06187272,United States
NCT03277339,France
NCT03736577,Norway
NCT06671977,United States
NCT06497101,Norway
NCT03125330,United States
NCT02702167,Canada
NCT03240692,United States
NCT01868711,United States
NCT01870271,Germany
NCT01891734,United States
NCT05253664,Turkey (Türkiye)
NCT01140464,United States
NCT04383509,Belgium
NCT07042451,United States
NCT05663151,United States
NCT03984929,United States
NCT03224845,Canada
NCT04059939,United States
NCT06489639,Finland
NCT03217357,France
NCT07056192,Pakistan
NCT01120067,United States
NCT05692271,Canada
NCT05754164,China
NCT05703685,United States
NCT04120285,United States
NCT02950415,Canada
NCT04205890,United States
NCT06727760,Turkey (Türkiye)
NCT06665620,United States
NCT04142320,United States
NCT05995782,South Korea
NCT03807882,India
NCT04811482,United States
NCT07170124,Turkey (Türkiye)
NCT03934723,United States
NCT03156959,Italy
NCT03896659,United States
NCT06928480,Spain
NCT07778680,Singapore
NCT06342193,Turkey (Türkiye)
NCT06263933,France
NCT07482358,United States
NCT04771455,United States
NCT01894815,Brazil
NCT04414215,United States
NCT04442035,China
NCT06378450,Australia
NCT05431413,China
NCT06235060,Turkey (Türkiye)
NCT04821960,United States
NCT03653923,Germany
NCT02105259,Sweden
NCT01569659,United States
NCT01227980,United States
NCT04073862,Norway
NCT06282133,Canada
NCT06155838,Pakistan
NCT02411526,United States
NCT03437668,United States
NCT03835468,United Kingdom
NCT07294690,Turkey (Türkiye)
NCT04498897,South Korea
NCT06186960,United States
NCT07127913,United States
NCT05260060,United Kingdom
NCT00183482,United States
NCT05676879,Turkey (Türkiye)
NCT06017713,France
NCT03482882,United States
NCT06093282,United States
NCT04701723,Reunion
NCT06465680,United States
NCT07088380,Italy
NCT01954680,United States
NCT05882227,Spain
NCT04399070,China
NCT06267313,United States
NCT03915613,Canada
NCT06111820,China
NCT02048423,United States
NCT06352346,Netherlands
NCT07818603,Spain
NCT05047627,United States
NCT06003361,United States
NCT03221283,China
NCT06189222,Turkey (Türkiye)
NCT01882829,United States
NCT02191631,Sweden
NCT02605668,Germany
NCT01734291,Japan
NCT05818397,United States
NCT05741710,Ireland
NCT05741710,United Kingdom
NCT05741710,United States
NCT03088462,United States
NCT02116361,United States
NCT05616286,Israel
NCT03656770,Uganda
NCT05656469,Netherlands
NCT05656469,United States
NCT05656469,Romania
NCT05656469,Germany
NCT05656469,Serbia
NCT05656469,Spain
NCT05656469,United Kingdom
NCT05019183,France
NCT01810783,Estonia
NCT01810783,Slovakia
NCT01810783,United States
NCT01810783,Romania
NCT01810783,Russia
NCT01810783,Poland
NCT01810783,Serbia
NCT01810783,Ukraine
NCT02720497,United States
NCT02395510,United States
NCT04065360,Hong Kong
NCT04982523,South Korea
NCT03282123,United States
NCT04482296,Bangladesh
NCT05389046,China
NCT05859386,United States
NCT04568369,Canada
NCT06315283,Croatia
NCT06315283,United Kingdom
NCT06315283,United States
NCT06315283,Spain
NCT03471754,United States
NCT04830605,Denmark
NCT06804005,Turkey (Türkiye)
NCT02124694,United States
NCT07297056,Turkey (Türkiye)
NCT04105790,Canada
NCT06486610,Turkey (Türkiye)
NCT07064213,Israel
NCT03766360,United States
NCT03841682,United States
NCT06166082,China
NCT02593682,United States
NCT02400723,United States
NCT01943162,United States
NCT05895188,Turkey (Türkiye)
NCT05235503,Netherlands
NCT04085861,Norway
NCT04092686,United States
NCT04092686,Croatia
NCT04092686,Russia
NCT04092686,Latvia
NCT04092686,Serbia
NCT04092686,Bulgaria
NCT04092686,Ukraine
NCT04902313,Sweden
NCT02122562,United States
NCT04068662,United States
NCT06253546,China
NCT06749288,United States
NCT06415188,Turkey (Türkiye)
NCT05554627,United States
NCT06792227,Netherlands
NCT05588570,United States
NCT05203341,Slovakia
NCT05203341,United States
NCT05203341,Czechia
NCT05203341,Poland
NCT05203341,Bulgaria
NCT05203341,Sweden
NCT04086654,Switzerland
NCT07413705,Canada
NCT07413705,United States
NCT07062159,Turkey (Türkiye)
NCT07061288,United States
NCT02164227,Brazil
NCT05454761,Hong Kong
NCT03144986,Canada
NCT03277586,Canada
NCT05085886,United States
NCT01311570,Israel
NCT04811170,Hong Kong
NCT02145273,United States
NCT06965569,United States
NCT07340983,Taiwan
NCT02371954,United States
NCT05790005,Turkey (Türkiye)
NCT05065294,United States
NCT05351866,United States
NCT05393622,United States
NCT06131268,Italy
NCT03669640,Ukraine
NCT03669640,Japan
NCT03669640,United States
NCT03669640,Spain
NCT02427568,United States
NCT04531774,Switzerland
NCT07319117,United Kingdom
NCT07727291,Turkey (Türkiye)
NCT04355650,United States
NCT03371940,United States
NCT05535491,Turkey (Türkiye)
NCT05397691,United States
NCT02292849,United States
NCT04430335,United States
NCT07624708,Pakistan
NCT07447089,Italy
NCT06482918,Chile
NCT04109118,United States
NCT04597190,United States
NCT06679010,Denmark
NCT06968013,China
NCT04106713,Singapore
NCT05012124,United States
NCT05564559,Turkey (Türkiye)
NCT04319562,China
NCT05697627,United States
NCT04850586,Turkey (Türkiye)
NCT06883773,Romania
NCT04739969,United States
NCT03803332,United States
NCT01748032,Canada
NCT07099209,Tunisia
NCT07021014,United States
NCT07292233,China
NCT06615804,Turkey (Türkiye)
NCT06524206,Hong Kong
NCT04027452,Canada
NCT03813355,France
NCT02308826,United States
NCT06319378,Sweden
NCT04546178,Canada
NCT05045378,Taiwan
NCT05632185,Egypt
NCT06634615,Turkey (Türkiye)
NCT04865835,United States
NCT02535676,Brazil
NCT02034474,United States
NCT02062190,Brazil
NCT07183813,China
NCT02667782,Hong Kong
NCT07545382,Egypt
NCT04259723,Germany
NCT02114879,United States
NCT04196296,United States
NCT03952962,United States
NCT06898606,Brazil
NCT06156852,Turkey (Türkiye)
NCT05326685,Turkey (Türkiye)
NCT03781115,United States
NCT06366035,Malaysia
NCT02134808,United States
NCT05240976,Taiwan
NCT05873517,United States
NCT02810717,Austria
NCT03598868,South Korea
NCT02783118,Romania
NCT01363310,Canada
NCT06667713,United States
NCT05438160,United States
NCT01984710,United States
NCT01516424,China
NCT02755623,France
NCT06399523,China
NCT06432114,Sweden
NCT06748716,Switzerland
NCT03071484,Brazil
NCT02549547,Canada
NCT07330648,China
NCT04607226,United States
NCT06234176,France
NCT04366817,France
NCT05488691,Spain
NCT03635697,United States
NCT02957123,Russia
NCT04809116,United States
NCT04789915,Denmark
NCT02943408,United States
NCT07012876,Lithuania
NCT06525818,United States
NCT03988218,France
NCT05027113,United States
NCT05813093,Canada
NCT02407704,United States
NCT07715604,Portugal
NCT02613104,United States
NCT04137458,France
NCT06603025,Cyprus
NCT06963476,United States
NCT06876740,United States
NCT04108689,Sweden
NCT01623713,China
NCT06049420,United States
NCT06901687,United States
NCT01891721,United States
NCT03665038,United States
NCT04604158,United States
NCT01197508,Slovakia
NCT01197508,South Africa
NCT01197508,Romania
NCT01197508,Colombia
NCT01197508,Croatia
NCT01197508,Germany
NCT01197508,Poland
NCT01197508,Russia
NCT01197508,Argentina
NCT01197508,Hungary
NCT01197508,Chile
NCT01197508,Serbia
NCT01197508,Brazil
NCT01197508,Spain
NCT01197508,Bulgaria
NCT01197508,Ukraine
NCT01197508,France
NCT06377176,Indonesia
NCT00356317,United States
NCT03203889,United States
NCT05693389,Egypt
NCT04773197,United States
NCT03333460,Italy
NCT01603563,United States
NCT04891614,Israel
NCT04891614,United States
NCT06616116,South Korea
NCT06708026,China
NCT03846115,United States
NCT06242535,United States
NCT06477276,China
NCT04558489,United States
NCT01906268,Brazil
NCT07116850,China
NCT07025590,China
NCT06563310,United States
NCT04246905,China
NCT04745494,United Kingdom
NCT05048251,United States
NCT03430622,Pakistan
NCT06829251,Turkey (Türkiye)
NCT06208605,United States
NCT04015505,United Kingdom
NCT06986122,United States
NCT03438656,United States
NCT05812131,United States
NCT04987151,Spain
NCT03642522,Canada
NCT01449890,Germany
NCT05791760,Netherlands
NCT06361160,France
NCT06512220,Canada
NCT06907420,Germany
NCT05114824,Chile
NCT04567524,United States
NCT07033546,Turkey (Türkiye)
NCT01427088,South Korea
NCT02500888,Brazil
NCT05282173,South Africa
NCT05881941,Turkey (Türkiye)
NCT02283541,Canada
NCT05754151,United States
NCT07490353,Austria
NCT02131883,Denmark
NCT01274741,United States
NCT02361554,United States
NCT06530654,Turkey (Türkiye)
NCT05261594,Sweden
NCT06831994,Germany
NCT05019651,United States
NCT04586829,Mexico
NCT03033602,United States
NCT06593002,Turkey (Türkiye)
NCT06013137,United States
NCT04616157,Sweden
NCT01592201,South Korea
NCT03004430,Germany
NCT06129500,United Kingdom
NCT04722666,Canada
NCT04722666,Mexico
NCT04722666,Japan
NCT04722666,United States
NCT04722666,Netherlands
NCT04722666,Germany
NCT04722666,Poland
NCT04722666,Russia
NCT04722666,Taiwan
NCT04722666,Argentina
NCT04722666,Malaysia
NCT04722666,Turkey (Türkiye)
NCT04722666,Brazil
NCT04722666,Spain
NCT01422902,United States
NCT03912753,Romania
NCT07492472,China
NCT06261177,Canada
NCT01243957,United States
NCT01267019,United States
NCT06296030,United States
NCT05869630,Turkey (Türkiye)
NCT04415528,Canada
NCT02239367,United States
NCT06957067,United States
NCT05564767,Australia
NCT03872492,France
NCT04891367,Denmark
NCT05221671,Turkey (Türkiye)
NCT01162044,Israel
NCT02153944,United States
NCT06324864,Switzerland
NCT01368510,United States
NCT03470480,United States
NCT01204346,United Kingdom
NCT06639061,Israel
NCT06306586,Norway
NCT01113541,Canada
NCT01744041,United States
NCT05611541,Turkey (Türkiye)
NCT04609956,France
NCT07106645,Italy
NCT06955845,Pakistan
NCT05205772,United States
NCT03711786,Malawi
NCT04953273,France
NCT04110041,Canada
NCT01982656,United States
NCT04322422,China
NCT06358651,United States
NCT03018145,South Korea
NCT04947475,Moldova
NCT04947475,Kyrgyzstan
NCT04947475,Ukraine
NCT05046912,Canada
NCT03185819,United States
NCT03185819,Poland
NCT03185819,Hungary
NCT03185819,Brazil
NCT03185819,Spain
NCT03185819,Bulgaria
NCT03185819,Belgium
NCT03185819,Italy
NCT03185819,France
NCT07051746,Taiwan
NCT02709746,Mexico
NCT02709746,Colombia
NCT02709746,South Korea
NCT02709746,Hungary
NCT02709746,Latvia
NCT02709746,Canada
NCT02709746,South Africa
NCT02709746,Serbia
NCT02709746,Spain
NCT02709746,Bulgaria
NCT02709746,Italy
NCT02709746,Estonia
NCT02709746,United States
NCT02709746,Germany
NCT02709746,Poland
NCT02709746,Russia
NCT02709746,United Kingdom
NCT02709746,Ukraine
NCT02709746,France
NCT03231761,Nepal
NCT01015586,United States
NCT01429454,Canada
NCT01429454,United States
NCT06595654,France
NCT07242105,United States
NCT06557005,United States
NCT05925322,United States
NCT01940237,United States
NCT04701866,Canada
NCT05966766,United States
NCT06236451,India
NCT04316572,Germany
NCT01797575,United States
NCT01355081,Japan
NCT04935619,Canada
NCT02186730,United Kingdom
NCT03990792,Spain
NCT01671436,United States
NCT01763736,United States
NCT04245436,United States
NCT07036354,United States
NCT04708522,Canada
NCT01769729,United States
NCT04785677,United States
NCT03110575,United States
NCT06412757,Australia
NCT01627301,United States
NCT04421612,Norway
NCT02220712,Japan
NCT05014919,Mexico
NCT05014919,United States
NCT05014919,Colombia
NCT05014919,Poland
NCT05014919,Russia
NCT05014919,Latvia
NCT05014919,Ukraine
NCT03426930,France
NCT04921228,United States
NCT05658328,United States
NCT06685965,Switzerland
NCT05738967,United States
NCT07623967,Ukraine
NCT02526407,United Kingdom
NCT01466751,United States
NCT05051995,Germany
NCT05357612,United States
NCT04404712,United States
NCT06274775,United States
NCT05402657,Australia
NCT05402657,United States
NCT04158219,United States
NCT06999330,United States
NCT06888128,United States
NCT06390618,Turkey (Türkiye)
NCT07110727,Cameroon
NCT03793569,United States
NCT04822883,United States
NCT06119854,United States
NCT02582905,United States
NCT06700902,United States
NCT02650102,China
NCT06596837,Czechia
NCT06048172,Germany
NCT06214039,Lithuania
NCT05934877,United States
NCT06072677,United States
NCT05279989,United States
NCT06622850,Turkey (Türkiye)
NCT04191876,United States
NCT05279976,Turkey (Türkiye)
NCT04152525,Turkey (Türkiye)
NCT01166425,United States
NCT04564976,United States
NCT02224989,United States
NCT04417738,United States
NCT03977376,Spain
NCT04551976,United States
NCT02773576,United States
NCT03083340,United States
NCT03969589,United States
NCT05105568,United States
NCT01504191,Sweden
NCT06882590,United Kingdom
NCT05298397,United States
NCT05496413,Taiwan
NCT01306760,United Kingdom
NCT04788524,United States
NCT06993259,Turkey (Türkiye)
NCT02970279,United Kingdom
NCT03464162,United States
NCT03812146,United States
NCT02579642,Canada
NCT01861769,Canada
NCT06748274,Switzerland
NCT06610318,United States
NCT02279290,United States
NCT04870710,United States
NCT04976413,Pakistan
NCT02982213,United States
NCT03043560,United States
NCT06065020,Peru
NCT07203820,Turkey (Türkiye)
NCT02690324,South Korea
NCT05641623,Sweden
NCT06959823,Turkey (Türkiye)
NCT04618562,India
NCT06025396,United States
NCT05374096,United States
NCT02883686,United States
NCT06441786,Sweden
NCT01396486,United States
NCT03790085,China
NCT07404085,Denmark
NCT03295708,China
NCT05562674,United States
NCT04010890,Canada
NCT03784820,United States
NCT03829280,United States
NCT04101942,Sweden
NCT05235828,Canada
NCT02997865,United States
NCT05943665,United States
NCT01969500,United States
NCT01680107,United Kingdom
NCT01832792,United Kingdom
NCT07053111,United States
NCT06546163,United States
NCT02375321,Italy
NCT05224206,Canada
NCT06413433,United States
NCT03966885,Zambia
NCT06934525,United States
NCT03370640,Japan
NCT03990389,United States
NCT06616350,Spain
NCT01593774,Iran
NCT06504290,China
NCT04469790,United States
NCT04763590,United States
NCT03562520,Canada
NCT01631682,United States
NCT01721824,Denmark
NCT06754124,Turkey (Türkiye)
NCT05683223,United States
NCT02033759,United States
NCT05147480,Turkey (Türkiye)
NCT05513079,Turkey (Türkiye)
NCT03986658,Canada
NCT04185155,Sweden
NCT07050355,United States
NCT05625126,United Kingdom
NCT01667926,United States
NCT01941043,United States
NCT06659315,Malawi
NCT01525576,Sweden
NCT05521074,United States
NCT02884674,France
NCT05676918,Spain
NCT06434818,United States
NCT03113890,United States
NCT06016582,France
NCT02669082,Japan
NCT05890482,Somalia
NCT05042323,Norway
NCT06110559,France
NCT07313280,Spain
NCT03859180,United States
NCT06133296,Turkey (Türkiye)
NCT06957288,Turkey (Türkiye)
NCT05456958,Canada
NCT03899948,United States
NCT02466126,United States
NCT02450617,Norway
NCT06370117,Turkey (Türkiye)
NCT05208190,United States
NCT06575660,United States
NCT06278779,Australia
NCT03665662,United States
NCT01920555,United States
NCT06384274,Turkey (Türkiye)
NCT01635218,Mexico
NCT02119910,United States
NCT06881810,Germany
NCT04820920,United Kingdom
NCT02346682,China
NCT01178424,Canada
NCT05335980,United States
NCT04958096,United States
NCT03948217,Denmark
NCT07211750,Belgium
NCT01652391,Germany
NCT03673982,United Kingdom
NCT07591324,Egypt
NCT06213324,United States
NCT02425124,South Africa
NCT05269459,United States
NCT06904079,China
NCT06303596,Turkey (Türkiye)
NCT02816788,Canada
NCT03299127,Germany
NCT01476527,Canada
NCT01820286,United States
NCT06073886,United States
NCT06969170,Canada
NCT05746273,United States
NCT04010305,United States
NCT07483294,United States
NCT01428661,United States
NCT06426342,South Korea
NCT06635486,Peru
NCT07523594,Turkey (Türkiye)
NCT02342366,Switzerland
NCT02013531,United States
NCT03465137,United States
NCT02397837,United States
NCT04280445,United Kingdom
NCT07283172,Turkey (Türkiye)
NCT04838977,United States
NCT06701123,United States
NCT01598896,United States
NCT04220996,Estonia
NCT04220996,Poland
NCT04220996,South Korea
NCT04220996,Spain
NCT04220996,Italy
NCT04220996,France
NCT02420561,United States
NCT02765542,Bolivia
NCT05904483,Turkey (Türkiye)
NCT03973541,Denmark
NCT02380066,China
NCT01503151,Israel
NCT02872051,Denmark
NCT01912729,United States
NCT04236531,France
NCT03752853,Germany
NCT07018245,China
NCT02880202,United States
NCT01182727,United States
NCT02766361,Brazil
NCT07064551,Hong Kong
NCT07495553,Turkey (Türkiye)
NCT02566759,United Kingdom
NCT01908959,United States
NCT02535780,United States
NCT01958788,Canada
NCT04118127,Japan
NCT05223842,United States
NCT02352870,United Kingdom
NCT07772583,Turkey (Türkiye)
NCT06152705,Canada
NCT04332029,Spain
NCT04570202,France
NCT05850897,Turkey (Türkiye)
NCT03280810,France
NCT04493320,United States
NCT02517424,Canada
NCT06330779,Sweden
NCT04304196,Canada
NCT02040883,China
NCT04891224,United States
NCT02474524,Australia
NCT06812923,China
NCT03730259,United States
NCT04016896,United States
NCT01884246,United States
NCT02983188,Hong Kong
NCT05745103,United States
NCT02264327,United States
NCT03654261,Canada
NCT03307070,United States
NCT01932541,United States
NCT03829241,United States
NCT04235582,United States
NCT02069379,United States
NCT05717946,Poland
NCT03025646,Bangladesh
NCT02503488,Burundi
NCT01121042,Australia
NCT02532686,Taiwan
NCT06598670,Pakistan
NCT06569654,Turkey (Türkiye)
NCT07325929,Israel
NCT06432829,Spain
NCT02308878,Portugal
NCT04652089,United Kingdom
NCT05320991,Germany
NCT03948074,Canada
NCT06600113,Iceland
NCT04187560,United States
NCT05920720,United States
NCT07165782,Canada
NCT02191124,China
NCT03282448,United States
NCT07368855,United States
NCT01510015,Israel
NCT03906240,United States
NCT07632989,Italy
NCT02542891,France
NCT05339074,Canada
NCT04293874,United States
NCT06461260,China
NCT04663724,United States
NCT02118623,Australia
NCT03153579,Switzerland
NCT05985096,Turkey (Türkiye)
NCT05207462,Sweden
NCT05802446,France
NCT02400346,Estonia
NCT02400346,United States
NCT02400346,Finland
NCT02400346,Germany
NCT02400346,Poland
NCT04994470,Germany
NCT06103370,United States
NCT05838573,China
NCT04672551,Switzerland
NCT06795451,United States
NCT01736631,Canada
NCT01852331,China
NCT02435095,Germany
NCT02032680,United States
NCT05304780,Taiwan
NCT07071779,Switzerland
NCT05900479,United States
NCT04532996,United States
NCT05136742,Egypt
NCT02079142,United States
NCT03135886,United States
NCT01013870,United States
NCT01324973,United States
NCT04293341,United States
NCT05976022,China
NCT01210651,United States
NCT07044531,United States
NCT05523453,United States
NCT03488745,United States
NCT03548545,Portugal
NCT07137572,Greece
NCT05799872,United States
NCT02116127,Canada
NCT07164261,Turkey (Türkiye)
NCT01953042,Canada
NCT05282186,United States
NCT01527786,Canada
NCT05791383,United States
NCT02704754,United States
NCT04495166,Brazil
NCT02671266,United States
NCT02504931,United States
NCT06404502,Switzerland
NCT04917302,Taiwan
NCT05528302,Australia
NCT03922672,United States
NCT05843695,United States
NCT06009523,France
NCT04869423,Spain
NCT06109480,China
NCT01284803,France
NCT06134661,Switzerland
NCT04498442,United States
NCT05357586,United States
NCT04715269,Pakistan
NCT02911441,Democratic Republic of the Congo
NCT02656641,United States
NCT05767554,United States
NCT04822194,United States
NCT01012856,Switzerland
NCT03110302,United States
NCT03078322,United States
NCT03206437,United States
NCT07371988,Hong Kong
NCT02625103,Denmark
NCT01913327,United States
NCT01219686,Switzerland
NCT05595486,United States
NCT03899194,China
NCT06942494,China
NCT04175366,Sweden
NCT05554094,United States
NCT03163056,Spain
NCT03795051,United States
NCT03873129,United States
NCT06882902,China
NCT05555745,United States
NCT03850639,Sweden
NCT01663077,Israel
NCT06455527,United States
NCT07109973,United Arab Emirates
NCT03720769,Lebanon
NCT04124341,United States
NCT02137941,France
NCT02623205,United States
NCT05227794,United States
NCT05029466,Canada
NCT06792656,Australia
NCT01774045,Taiwan
NCT06844695,Turkey (Türkiye)
NCT04174703,Canada
NCT01259427,United States
NCT01832805,Belgium
NCT01104766,Russia
NCT01104766,Ukraine
NCT01104766,United States
NCT01104766,Romania
NCT03482466,United States
NCT03281629,United States
NCT02142231,Germany
NCT04144231,Finland
NCT02334202,United States
NCT03406845,Canada
NCT05323695,Thailand
NCT03627377,United States
NCT05247151,Germany
NCT05452629,Taiwan
NCT03154931,Brazil
NCT01693237,Denmark
NCT07634445,Turkey (Türkiye)
NCT04582695,United States
NCT03941301,Taiwan
NCT03457181,Turkey (Türkiye)
NCT05693805,United States
NCT03346551,France
NCT04722731,Sweden
NCT07267702,Turkey (Türkiye)
NCT05823753,United States
NCT04875572,Canada
NCT04560595,United States
NCT01292577,United States
NCT05577377,United States
NCT05958875,Germany
NCT05958875,Austria
NCT05958875,Spain
NCT05958875,United Kingdom
NCT05958875,Italy
NCT05237557,Switzerland
NCT03799419,United States
NCT06388005,China
NCT05746494,United States
NCT01620866,Spain
NCT05017831,United States
NCT01931202,United States
NCT06715553,Lebanon
NCT03228953,United States
NCT01802437,United States
NCT02557945,United States
NCT04103775,United States
NCT04352101,United States
NCT04424212,Sweden
NCT02086201,United States
NCT02521012,Finland
NCT05951257,Canada
NCT04311619,United States
NCT05050201,United Kingdom
NCT05921201,United States
NCT05987228,Jordan
NCT01779700,United States
NCT01451736,United States
NCT05378711,United States
NCT02176044,United Kingdom
NCT05368844,United States
NCT05823532,United States
NCT02780232,Colombia
NCT07244198,Portugal
NCT03762798,United States
NCT07196098,Malaysia
NCT04268914,United States
NCT03518216,United States
NCT02056106,Uganda
NCT02060084,China
NCT02259036,United States
NCT05854836,United States
NCT02364544,United States
NCT02163564,United States
NCT04877093,United States
NCT05662306,United States
NCT04015206,Brazil
NCT05339347,Brazil
NCT05676658,United Kingdom
NCT01879826,United States
NCT06743178,United States
NCT05701111,Puerto Rico
NCT05701111,United States
NCT04948944,United States
NCT01488799,Canada
NCT01605799,United States
NCT06524232,United States
NCT02730832,France
NCT05343598,United States
NCT03353493,Denmark
NCT06255093,United States
NCT05210816,Turkey (Türkiye)
NCT06271304,Denmark
NCT03484338,United States
NCT06087185,Brazil
NCT02810236,United States
NCT02258711,Spain
NCT03162211,Canada
NCT02855411,United States
NCT03743571,United States
NCT02972398,China
NCT01595698,Brazil
NCT02936414,China
NCT06117306,United States
NCT04117906,United Kingdom
NCT01045655,United States
NCT05827809,Sweden
NCT06002087,Pakistan
NCT02435784,Hong Kong
NCT01056458,Taiwan
NCT04569448,Canada
NCT03093415,United States
NCT02734108,France
NCT05335564,Germany
NCT01114698,United States
NCT02125799,Canada
NCT05833087,Denmark
NCT03539614,United States
NCT04779216,United States
NCT01346306,Singapore
NCT01346306,Australia
NCT06608706,Norway
NCT02955784,United States
NCT06094933,United States
NCT06221852,United States
NCT02432352,South Africa
NCT02986152,United States
NCT07167849,Switzerland
NCT01834638,Russia
NCT01834638,United Kingdom
NCT01834638,United States
NCT05798078,Germany
NCT04304378,Cambodia
NCT04124614,United States
NCT05353452,United States
NCT03955549,Egypt
NCT03122158,Turkey (Türkiye)
NCT05032885,Spain
NCT02421315,United States
NCT06699706,China
NCT04346784,China
NCT06067984,United States
NCT04437485,United States
NCT02049385,United States
NCT06896435,United States
NCT04656808,Spain
NCT07822074,United States
NCT02459340,Switzerland
NCT02147522,United States
NCT02362529,Canada
NCT06579950,Mexico
NCT06579950,Fiji
NCT06579950,Niue
NCT06579950,Burkina Faso
NCT06579950,India
NCT02290678,Canada
NCT01695291,United States
NCT06843187,Canada
NCT01585493,Denmark
NCT02990793,United States
NCT05536414,United States
NCT07575516,Indonesia
NCT03129204,United States
NCT03972033,Italy
NCT06311838,United States
NCT03238326,Mexico
NCT03238326,United States
NCT03238326,Romania
NCT03238326,Poland
NCT03238326,Russia
NCT03238326,Serbia
NCT03238326,Spain
NCT03238326,Ukraine
NCT03238326,Italy
NCT03238326,France
NCT02759185,United States
NCT04641143,United States
NCT01793935,United States
NCT06470035,United Kingdom
NCT06470035,United States
NCT01288079,Estonia
NCT01288079,Japan
NCT01288079,United States
NCT01288079,Finland
NCT01288079,India
NCT02974296,United States
NCT01221883,Israel
NCT03183505,China
NCT01518894,United States
NCT04609631,China
NCT02431702,Mexico
NCT02431702,United States
NCT02431702,Brazil
NCT07234396,Pakistan
NCT02794103,Canada
NCT05496803,Taiwan
NCT07848503,United Arab Emirates
NCT07099196,United Arab Emirates
NCT03702803,Mexico
NCT07801196,Turkey (Türkiye)
NCT05289596,United States
NCT06639646,Egypt
NCT04432246,China
NCT01052103,Israel
NCT01052103,United States
NCT01052103,Italy
NCT01052103,Spain
NCT02290496,United States
NCT06810362,Italy
NCT02200003,United States
NCT04559620,United States
NCT04810624,United States
NCT04461327,France
NCT04495842,United States
NCT06456983,Germany
NCT06014294,Hong Kong
NCT01070329,Puerto Rico
NCT01070329,United States
NCT03363529,Denmark
NCT06463431,Canada
NCT04457271,Canada
NCT06158607,United States
NCT06640907,Spain
NCT06810765,United States
NCT05694000,China
NCT02459236,United States
NCT04040036,Turkey (Türkiye)
NCT04822311,United States
NCT06266611,United States
NCT03549819,Canada
NCT01416220,Canada
NCT01235559,Japan
NCT01235559,United States
NCT01235559,Czechia
NCT01235559,Russia
NCT01235559,China
NCT01235559,Bulgaria
NCT01235559,Italy
NCT04728503,United States
NCT01163227,United States
NCT03039842,Taiwan
NCT04291469,China
NCT01375894,Israel
NCT04721379,United States
NCT02022462,United States
NCT03899662,Greece
NCT01825746,United States
NCT04039542,United Kingdom
NCT04672486,India
NCT05708586,United States
NCT06938841,Australia
NCT06938841,United States
NCT01837966,United States
NCT03621722,United States
NCT05899322,United States
NCT05968651,United States
NCT02542618,Netherlands
NCT02210390,Pakistan
NCT03226223,United States
NCT06608979,United States
NCT05005546,Turkey (Türkiye)
NCT04331288,United States
NCT03955003,United States
NCT01637103,Canada
NCT03628027,United Kingdom
NCT03225027,France
NCT03256227,United States
NCT06708442,China
NCT02887586,China
NCT04132973,United Kingdom
NCT05099341,France
NCT02884518,South Korea
NCT06903897,United States
NCT01355523,Denmark
NCT06247527,Kenya
NCT02282761,United States
NCT06066073,Saudi Arabia
NCT01240083,Germany
NCT07545941,Thailand
NCT05418283,Turkey (Türkiye)
NCT01495156,United States
NCT06929208,Singapore
NCT02128568,Sierra Leone
NCT01589913,Germany
NCT06103760,Australia
NCT04048824,United States
NCT05022524,Canada
NCT04538846,Israel
NCT05746546,United States
NCT02914769,Brazil
NCT07065994,Turkey (Türkiye)
NCT05151666,United States
NCT07253324,United Kingdom
NCT02490280,United States
NCT02008396,United States
NCT04257227,Canada
NCT05640427,China
NCT02649127,United States
NCT07242586,Denmark
NCT04094870,Zambia
NCT02437773,United States
NCT02709369,United States
NCT03800641,China
NCT04995913,Hong Kong
NCT01566162,Slovakia
NCT01566162,United States
NCT01566162,South Africa
NCT01566162,Russia
NCT01566162,Serbia
NCT01566162,Italy
NCT01566162,France
NCT02201888,Spain
NCT01078870,Taiwan
NCT05604794,Canada
NCT05604794,United States
NCT02030522,United States
NCT01373931,United States
NCT06816329,United States
NCT04842929,Brazil
NCT06510166,Turkey (Türkiye)
NCT06936202,United States
NCT07360054,Turkey (Türkiye)
NCT01964456,France
NCT03741751,United States
NCT06993831,Denmark
NCT04867122,United States
NCT06559631,Pakistan
NCT05539131,South Korea
NCT02748694,United States
NCT06374810,United States
NCT04317482,United States
NCT03410446,Canada
NCT04524403,United States
NCT05777161,United States
NCT07565142,United States
NCT04183842,Armenia
NCT01454141,United States
NCT06589505,Japan
NCT03449394,Hong Kong
NCT01587066,South Korea
NCT03499756,Hong Kong
NCT05800522,Norway
NCT04356820,Turkey (Türkiye)
NCT07365982,Turkey (Türkiye)
NCT01887782,Canada
NCT06721559,United States
NCT02625779,South Korea
NCT02855762,United States
NCT06364488,United Kingdom
NCT04566042,United Kingdom
NCT02898883,United States
NCT06680141,Turkey (Türkiye)
NCT02413294,United States
NCT03139266,United States
NCT06188910,Spain
NCT05535062,United States
NCT03681288,United States
NCT02422290,United States
NCT02149810,Canada
NCT04543513,United States
NCT05428046,China
NCT07178873,Spain
NCT07098169,United States
NCT02868983,United States
NCT05109741,Sweden
NCT03750305,Netherlands
NCT02168166,Canada
NCT04690582,United States
NCT03924323,United States
NCT06547996,China
NCT04504773,United States
NCT05941754,China
NCT05322954,United States
NCT00625105,United States
NCT02044913,Germany
NCT05977582,Spain
NCT05603923,United States
NCT07552623,Pakistan
NCT03240380,Germany
NCT06539780,Netherlands
NCT06894680,Nigeria
NCT02943096,United States
NCT05964296,France
NCT06514742,United States
NCT06514742,Finland
NCT06514742,Poland
NCT06514742,Hungary
NCT06514742,Brazil
NCT06514742,Spain
NCT06514742,Bulgaria
NCT06514742,Belgium
NCT06514742,Sweden
NCT05890183,United States
NCT02163941,United States
NCT06520241,Turkey (Türkiye)
NCT01443182,Netherlands
NCT04965246,United States
NCT05161546,France
NCT06701903,Slovakia
NCT06701903,United States
NCT06701903,Poland
NCT06701903,Serbia
NCT06701903,Bulgaria
NCT05181527,India
NCT05585827,Norway
NCT04182061,Spain
NCT05147142,United States
NCT06046170,United States
NCT04174170,United States
NCT05786560,United States
NCT02051660,Germany
NCT05258123,China
NCT02265588,Netherlands
NCT07268430,China
NCT01829165,United States
NCT03822065,United States
NCT04524767,United States
NCT01594528,France
NCT01347619,United States
NCT02260765,United States
NCT06085092,United States
NCT02278367,United States
NCT07266792,India
NCT06996067,Canada
NCT03575728,Canada
NCT01919892,Brazil
NCT06971692,Sweden
NCT02633267,United States
NCT05826392,United States
NCT04013165,South Korea
NCT02648165,Norway
NCT01570400,Sweden
NCT05380583,United States
NCT06472154,China
NCT06835556,United States
NCT02904356,United States
NCT06625502,United States
NCT02398045,United Kingdom
NCT04959253,United Kingdom
NCT01125241,China
NCT05585905,United States
NCT05366556,Turkey (Türkiye)
NCT04763681,Canada
NCT04116528,United States
NCT04578756,Puerto Rico
NCT04578756,United States
NCT01323556,Germany
NCT01818622,Norway
NCT05375851,Brazil
NCT05762939,Poland
NCT06582901,Tunisia
NCT02470130,France
NCT00488670,Canada
NCT04627805,United States
NCT04999553,Canada
NCT05124639,Canada
NCT04394039,Singapore
NCT06900712,United States
NCT05315401,Malaysia
NCT05314153,United States
NCT01189812,United States
NCT02149381,Finland
NCT06648928,United States
NCT03488966,Canada
NCT02695472,United States
NCT07122895,Taiwan
NCT01359839,United States
NCT05252039,Germany
NCT07475039,United States
NCT01457339,United States
NCT02538601,United States
NCT04103801,Jordan
NCT03804619,United States
NCT01909973,United States
NCT03698669,United States
NCT07077941,Austria
NCT06544941,United States
NCT01565629,United States
NCT04239612,Sweden
NCT02817412,United States
NCT02426983,Canada
NCT03228394,United States
NCT07843056,Brazil
NCT06967857,Germany
NCT05796401,France
NCT01207219,Hong Kong
NCT01299454,United States
NCT02308956,Ethiopia
NCT03363256,United States
NCT07116005,Cyprus
NCT02462551,Lebanon
NCT05056753,United States
NCT02906553,United Kingdom
NCT05130853,Italy
NCT05408637,United States
NCT04301895,United States
NCT04963257,China
NCT06180629,Turkey (Türkiye)
NCT07611253,Canada
NCT07422519,Spain
NCT03559192,Moldova
NCT03559192,United States
NCT03559192,Russia
NCT03559192,Germany
NCT03559192,United Kingdom
NCT03559192,Ukraine
NCT01974934,Canada
NCT06231732,China
NCT01892384,United States
NCT04133389,Canada
NCT01764789,United States
NCT02326389,United States
NCT06243640,China
NCT06761716,Turkey (Türkiye)
NCT05537584,United States
NCT04846504,United States
NCT06563752,Taiwan
NCT02739347,United States
NCT01185743,Austria
NCT07648368,Portugal
NCT03198364,United States
NCT03196999,United States
NCT05726552,Turkey (Türkiye)
NCT06290778,United States
NCT03898843,France
NCT06994715,Turkey (Türkiye)
NCT01241435,United States
NCT03979040,United States
NCT05138198,United States
NCT04720963,China
NCT06246214,Brazil
NCT02479906,Canada
NCT02479906,Israel
NCT02479906,United States
NCT01331304,United States
NCT03978533,Turkey (Türkiye)
NCT06881758,Norway
NCT04478526,Canada
NCT01813643,China
NCT05579015,China
NCT04331925,United States
NCT04181567,Taiwan
NCT03820700,Belgium
NCT02410967,United States
NCT02161211,United States
NCT03284671,France
NCT04450771,United States
NCT01843608,Spain
NCT07659171,Iceland
NCT05259592,Denmark
NCT04366011,United States
NCT03069911,United States
NCT02810171,United States
NCT06963034,United States
NCT03416764,Israel
NCT03070587,Japan
NCT05661448,Canada
NCT01246908,United States
NCT01963676,United States
NCT04613076,Chile
NCT01273376,United States
NCT04820309,Puerto Rico
NCT04820309,United States
NCT05110599,Switzerland
NCT04108533,United States
NCT04338152,Canada
NCT04338152,United States
NCT04999852,United States
NCT04495543,Canada
NCT05953740,United States
NCT06589544,Italy
NCT04675099,United States
NCT04127032,Canada
NCT02909387,United States
NCT04152993,United States
NCT06656806,United States
NCT07337733,Mexico
NCT04078048,Pakistan
NCT06352255,Spain
NCT06044285,United States
NCT03819608,United States
NCT07302334,Sweden
NCT04002063,United States
NCT05758584,Turkey (Türkiye)
NCT01416948,United States
NCT04944758,Canada
NCT05036499,United States
NCT06496087,Colombia
NCT04158687,United States
NCT05644093,United Kingdom
NCT05423093,United States
NCT06079814,Turkey (Türkiye)
NCT07302984,Palestinian Territories
NCT02167347,Pakistan
NCT01731678,Canada
NCT05758935,Norway
NCT06152640,China
NCT03274440,United States
NCT03407950,France
NCT05596318,United States
NCT04810988,United States
NCT03488927,United States
NCT05994261,United States
NCT05841017,Spain
NCT02850523,Canada
NCT06993662,Greece
NCT05602688,Pakistan
NCT01726088,United States
NCT03285503,China
NCT01127503,United States
NCT06759441,Chile
NCT05923476,Australia
NCT06591676,Pakistan
NCT03924297,United States
NCT05550610,United States
NCT07232823,Pakistan
NCT03738046,United States
NCT06530888,Germany
NCT03537703,United States
NCT06823661,Canada
NCT05939986,Spain
NCT07247370,Australia
NCT05385289,Belgium
NCT02808468,United States
NCT01041274,United States
NCT03894397,Belgium
NCT03934697,United States
NCT03194997,Brazil
NCT04667520,United States
NCT01810159,United States
NCT03016546,India
NCT03585127,Canada
NCT04039568,Canada
NCT02686697,United States
NCT06725160,United States
NCT02278224,Denmark
NCT02307396,Germany
NCT06655961,Turkey (Türkiye)
NCT03336268,United States
NCT01822197,United States
NCT01271413,United States
NCT02382224,United States
NCT01301859,United States
NCT06213142,United States
NCT03769493,United States
NCT03237078,Taiwan
NCT04054778,Canada
NCT03605524,France
NCT01875796,United States
NCT02435225,United States
NCT05770089,France
NCT03379597,China
NCT07183982,Oman
NCT02872324,France
NCT01335217,United States
NCT04311450,United States
NCT03380091,United States
NCT05280691,Switzerland
NCT02634697,United States
NCT02860910,United States
NCT03486860,United States
NCT01118780,Canada
NCT01118780,Mexico
NCT01118780,Puerto Rico
NCT01118780,United States
NCT01118780,Germany
NCT01118780,Poland
NCT01118780,Argentina
NCT01118780,Austria
NCT01118780,United Kingdom
NCT07005388,Pakistan
NCT04029961,United States
NCT01643642,Netherlands
NCT06005766,Finland
NCT07780331,Turkey (Türkiye)
NCT05056831,United States
NCT06740331,France
NCT06004531,Germany
NCT07179172,Taiwan
NCT05682677,United States
NCT01654796,United States
NCT03483896,United States
NCT01421342,United States
NCT02112266,Switzerland
NCT04723251,United States
NCT03003429,France
NCT05186337,Spain
NCT06054386,United States
NCT02567266,United States
NCT03757494,United States
NCT02400502,United States
NCT04787302,Belgium
NCT04787302,United States
NCT04552639,United Kingdom
NCT05628103,United States
NCT06540703,United States
NCT05167942,China
NCT05330442,United States
NCT07315269,Turkey (Türkiye)
NCT07414641,Turkey (Türkiye)
NCT01134731,United States
NCT04748731,Chile
NCT04028596,Netherlands
NCT03756246,United States
NCT02479594,Germany
NCT04125251,Pakistan
NCT07628153,Russia
NCT07807072,China
NCT03644927,United States
NCT06219642,Ecuador
NCT04653337,China
NCT05763537,United States
NCT03244345,France
NCT04106427,Switzerland
NCT07111169,China
NCT03184454,United States
NCT00999505,Brazil
NCT06838351,United States
NCT04021329,Pakistan
NCT05385653,France
NCT01509053,Canada
NCT01509053,Bulgaria
NCT01509053,Belgium
NCT04754061,Canada
NCT02069366,United States
NCT04851366,Spain
NCT02794129,France
NCT06189937,Turkey (Türkiye)
NCT04411979,Taiwan
NCT07239362,Pakistan
NCT07050927,Turkey (Türkiye)
NCT07027761,Belgium
NCT02046369,Mexico
NCT02046369,Puerto Rico
NCT02046369,United States
NCT02046369,Colombia
NCT02046369,Poland
NCT02046369,Philippines
NCT02046369,South Korea
NCT02046369,Hungary
NCT02046369,Bulgaria
NCT02046369,Ukraine
NCT02046369,France
NCT05786066,United States
NCT06749353,Spain
NCT05948553,United States
NCT04747262,Israel
NCT05268588,India
NCT03334942,United States
NCT02386670,Canada
NCT01203683,United States
NCT06244654,Turkey (Türkiye)
NCT05707689,Finland
NCT04703491,India
NCT03449979,United States
NCT02433886,Brazil
NCT04087317,Israel
NCT05383989,Canada
NCT01764074,United States
NCT04265196,Israel
NCT05280561,China
NCT05478941,Italy
NCT03904654,United States
NCT03874650,United Kingdom
NCT06253390,France
NCT01337713,United States
NCT04808713,Canada
NCT01403662,Canada
NCT06496646,United States
NCT02470988,United Kingdom
NCT06154369,Canada
NCT06226025,United States
NCT06333925,United States
NCT04368689,United States
NCT07239388,Pakistan
NCT02726061,United States
NCT06616324,Denmark
NCT04393623,United States
NCT02336880,Sweden
NCT06482762,United States
NCT05830903,Taiwan
NCT05897827,United States
NCT04622527,United States
NCT03971942,China
NCT07121270,United States
NCT03463356,United States
NCT01981356,United States
NCT06747182,China
NCT06719986,United States
NCT03820973,United States
NCT04294654,Estonia
NCT04294654,Poland
NCT04294654,South Korea
NCT04294654,Spain
NCT04294654,Italy
NCT04294654,France
NCT02076854,United States
NCT03256305,China
NCT04334356,United States
NCT03772951,China
NCT06631729,United States
NCT04020588,Mexico
NCT07094503,United States
NCT02999269,United States
NCT06480383,United States
NCT06480383,Czechia
NCT06480383,Poland
NCT06480383,Serbia
NCT06480383,Bulgaria
NCT06038929,United States
NCT07059780,Turkey (Türkiye)
NCT01544088,United States
NCT05690503,United States
NCT04810403,United States
NCT04566861,Pakistan
NCT03430869,Taiwan
NCT05942469,United States
NCT05015569,United States
NCT07257354,Turkey (Türkiye)
NCT02151331,United States
NCT04014959,United States
NCT05255380,United States
NCT06845488,United States
NCT04504903,United States
NCT06709027,China
NCT01487083,Puerto Rico
NCT01487083,United States
NCT01487083,Romania
NCT01487083,Germany
NCT01487083,Poland
NCT01487083,Austria
NCT01487083,Greece
NCT01487083,Brazil
NCT01487083,Spain
NCT01487083,Sweden
NCT01487083,France
NCT05186766,Turkey (Türkiye)
NCT06280222,Israel
NCT02006199,South Korea
NCT03405493,United Kingdom
NCT05086133,China
NCT04836585,Canada
NCT04977232,China
NCT06817304,Sweden
NCT06187233,Turkey (Türkiye)
NCT03097133,Canada
NCT03097133,United States
NCT03097133,Czechia
NCT03097133,Poland
NCT03097133,Argentina
NCT03097133,Austria
NCT03097133,Turkey (Türkiye)
NCT03097133,Brazil
NCT03097133,Spain
NCT03097133,Lithuania
NCT03097133,Belgium
NCT03097133,France
NCT04641052,Turkey (Türkiye)
NCT03141047,Sweden
NCT03472638,Canada
NCT02678858,Germany
NCT05784948,South Korea
NCT07765355,Hungary
NCT02501226,France
NCT03316664,Switzerland
NCT05573009,Turkey (Türkiye)
NCT02484521,Israel
NCT02843906,France
NCT06496438,Greece
NCT06632158,United States
NCT04080778,United States
NCT00633685,United States
NCT03509909,United States
NCT02072187,Canada
NCT04202393,United States
NCT05440214,United States
NCT02980484,United States
NCT02022449,United States
NCT06768749,United States
NCT06252155,Turkey (Türkiye)
NCT01901848,United States
NCT02793648,Spain
NCT05089955,Denmark
NCT05089955,Germany
NCT05089955,Poland
NCT05089955,Spain
NCT05089955,Belgium
NCT05089955,France
NCT04899934,United States
NCT05516121,Russia
NCT04168684,United States
NCT04695249,Belgium
NCT03563755,United Kingdom
NCT01928264,Switzerland
NCT03680664,Canada
NCT05642364,United States
NCT02933606,Australia
NCT02933606,United States
NCT02616549,United States
NCT06477848,United States
NCT03389464,Germany
NCT05598034,United States
NCT04428099,Spain
NCT03348787,France
NCT05489133,Norway
NCT01389752,United States
NCT03910855,Singapore
NCT06004414,United States
NCT04767204,Taiwan
NCT01867749,United States
NCT06560749,Brazil
NCT01347749,United States
NCT01263106,United States
NCT05680584,Egypt
NCT06737055,United States
NCT05117099,United States
NCT05120232,United States
NCT06424184,United States
NCT02874833,Germany
NCT03403738,United States
NCT03802838,China
NCT02626832,United States
NCT03276793,United States
NCT04398784,United States
NCT06593652,United States
NCT05211947,Mexico
NCT05211947,Slovakia
NCT05211947,Finland
NCT05211947,Colombia
NCT05211947,Philippines
NCT05211947,South Korea
NCT05211947,Argentina
NCT05211947,Hungary
NCT05211947,Brazil
NCT05211947,Lithuania
NCT05211947,Canada
NCT05211947,Norway
NCT05211947,Netherlands
NCT05211947,Romania
NCT05211947,Croatia
NCT05211947,Chile
NCT05211947,Malaysia
NCT05211947,Australia
NCT05211947,Serbia
NCT05211947,Spain
NCT05211947,Portugal
NCT05211947,Bulgaria
NCT05211947,China
NCT05211947,Italy
NCT05211947,Denmark
NCT05211947,Japan
NCT05211947,United States
NCT05211947,Germany
NCT05211947,Poland
NCT05211947,Taiwan
NCT05211947,Turkey (Türkiye)
NCT05211947,Belgium
NCT05211947,Ukraine
NCT05211947,Sweden
NCT05211947,France
NCT05211947,United Kingdom
NCT05211947,Czechia
NCT05211947,Austria
NCT05211947,Greece
NCT05211947,New Zealand
NCT01347138,South Korea
NCT02021578,United States
NCT04940663,United States
NCT04780763,Belgium
NCT01980147,Canada
NCT07507149,Lebanon
NCT02957799,South Africa
NCT06118606,Sweden
NCT07031206,United States
NCT06691347,Norway
NCT05554458,Czechia
NCT01723215,Israel
NCT05847114,Turkey (Türkiye)
NCT02604706,Sweden
NCT06555406,United States
NCT05976347,United States
NCT02012738,South Africa
NCT03525158,Sweden
NCT04082858,Ireland
NCT06806943,Italy
NCT04207385,China
NCT06782763,China
NCT03915821,Egypt
NCT05496647,Turkey (Türkiye)
NCT03653858,Germany
NCT03653858,France
NCT03000478,Israel
NCT06064578,United States
NCT02897843,United States
NCT05353543,China
NCT03762421,Pakistan
NCT06001021,Pakistan
NCT06742814,Taiwan
NCT01148316,Brazil
NCT03183947,Germany
NCT01201148,Australia
NCT03272555,United States
NCT04023435,United States
NCT07782463,Turkey (Türkiye)
NCT06961916,United States
NCT05623306,United States
NCT05137158,China
NCT04563078,United States
NCT07512843,Jordan
NCT03447548,United States
NCT05752448,United States
NCT04061148,United States
NCT06976255,Turkey (Türkiye)
NCT03997344,United States
NCT06488287,United Kingdom
NCT06650449,Ecuador
NCT04572685,United States
NCT01759485,Israel
NCT05937243,United States
NCT05059600,United States
NCT04485000,Canada
NCT04850911,United Kingdom
NCT04875663,Hong Kong
NCT06485687,United States
NCT03004521,United Kingdom
NCT06464952,United States
NCT01250847,South Korea
NCT04635449,United Kingdom
NCT05291611,Germany
NCT01347099,Sweden
NCT01263093,United States
NCT04001114,United States
NCT01395147,Japan
NCT04862247,United States
NCT05766436,Egypt
NCT01065311,Germany
NCT05817344,United States
NCT03465371,United States
NCT06372964,Colombia
NCT06372964,India
NCT06372964,Serbia
NCT06372964,United States
NCT02415387,United States
NCT06874452,Taiwan
NCT05615948,United States
NCT02276807,United States
NCT02266134,United States
NCT06319898,United States
NCT04536714,Greece
NCT04082806,Switzerland
NCT02907138,Sweden
NCT03296007,Canada
NCT06374407,Sweden
NCT05009511,United States
NCT02806271,Canada
NCT06843044,Russia
NCT01115699,United States
NCT05980299,United States
NCT05758987,Sweden
NCT07010016,United States
NCT06530706,China
NCT06882538,Turkey (Türkiye)
NCT03896438,United States
NCT03230864,Japan
NCT03230864,United States
NCT03230864,Russia
NCT03230864,Bulgaria
NCT03230864,United Kingdom
NCT07750899,Poland
NCT06704399,Turkey (Türkiye)
NCT04494633,United States
NCT06255548,Turkey (Türkiye)
NCT04069819,Egypt
NCT05755100,United States
NCT07091344,Spain
NCT05506787,China
NCT06420193,United States
NCT06556966,China
NCT04300894,United States
NCT04005794,United States
NCT03836846,United States
NCT06310668,Egypt
NCT06547450,Spain
NCT03444974,Germany
NCT04890990,United States
NCT04249596,United States
NCT06702254,Sweden
NCT04576741,United Kingdom
NCT04879641,Switzerland
NCT06118294,Taiwan
NCT04309435,United Kingdom
NCT01919008,Japan
NCT05660018,United States
NCT06109610,Ethiopia
NCT06047613,France
NCT04522713,Sweden
NCT02864576,Spain
NCT05267340,United States
NCT01390389,United States
NCT02746510,France
NCT01592110,United States
NCT03968159,Slovakia
NCT03968159,United States
NCT03968159,Finland
NCT03968159,South Africa
NCT03968159,Russia
NCT03968159,Poland
NCT03968159,United Kingdom
NCT03968159,Serbia
NCT03968159,Ukraine
NCT04741776,United States
NCT01607840,United States
NCT03938350,United States
NCT05724810,United States
NCT02194413,United States
NCT03266120,United States
NCT03633682,United States
NCT02401282,United States
NCT03068013,Italy
NCT02548559,United States
NCT06905223,Hong Kong
NCT05612425,United States
NCT06076317,France
NCT07092189,Canada
NCT02051413,France
NCT05564013,Singapore
NCT02442713,China
NCT05153382,Canada
NCT01802424,Norway
NCT06494124,India
NCT05567640,United States
NCT05863520,United States
NCT07677020,China
NCT04051320,United States
NCT05813782,Turkey (Türkiye)
NCT06738953,Germany
NCT07399457,United States
NCT04827901,United States
NCT05298007,China
NCT06430853,United States
NCT06826937,Israel
NCT05157945,United States
NCT06431672,Taiwan
NCT03016572,United States
NCT06361095,United States
NCT05516277,United States
NCT03684577,Germany
NCT04476030,United States
NCT06903819,United States
NCT01135745,Switzerland
NCT01135745,Germany
NCT01135745,Sweden
NCT01135745,Spain
NCT01135745,Belgium
NCT01135745,Israel
NCT01135745,Italy
NCT05388045,United States
NCT01616212,United States
NCT03399500,United States
NCT05420792,Turkey (Türkiye)
NCT06012981,Sweden
NCT04731428,Turkey (Türkiye)
NCT05427500,Canada
NCT04887792,India
NCT04887792,United States
NCT01075672,United States
NCT05204407,United States
NCT01601002,Canada
NCT02401139,Australia
NCT07684677,Denmark
NCT05486312,United States
NCT02270619,United States
NCT03485430,Sweden
NCT06972745,Mexico
NCT06063265,China
NCT06891300,Canada
NCT05860257,United States
NCT07113119,Greece
NCT02600507,United States
NCT02600507,Russia
NCT02600507,Serbia
NCT02600507,Bulgaria
NCT02600507,Ukraine
NCT05508919,Pakistan
NCT06958692,China
NCT01447602,United States
NCT04288895,India
NCT03002077,United States
NCT02418819,United States
NCT02818114,United States
NCT05837104,United States
NCT01324648,Canada
NCT04263155,United States
NCT01708226,United States
NCT05577585,Austria
NCT04784143,United States
NCT03896035,United States
NCT04944017,United States
NCT06010654,South Korea
NCT04941066,United States
NCT05833529,Martinique
NCT03485131,United States
NCT05055037,Denmark
NCT03287037,Taiwan
NCT03720145,Hong Kong
NCT06012045,Hong Kong
NCT04220112,United States
NCT01860781,South Korea
NCT04598230,United States
NCT04407767,United States
NCT01153009,United States
NCT01999309,Netherlands
NCT02414932,Ireland
NCT05299398,Canada
NCT01573598,United States
NCT01573598,Finland
NCT01573598,Romania
NCT01573598,Germany
NCT01573598,Russia
NCT01573598,Serbia
NCT01573598,Bulgaria
NCT01573598,Ukraine
NCT06262958,Finland
NCT06038955,Denmark
NCT03747055,Nepal
NCT06595485,Thailand
NCT06065735,United Kingdom
NCT02141399,Canada
NCT02141399,Puerto Rico
NCT02141399,United States
NCT02141399,Germany
NCT02141399,Poland
NCT02141399,Hungary
NCT02141399,Australia
NCT02141399,Bulgaria
NCT02149563,Israel
NCT05455684,United States
NCT05455684,Czechia
NCT05455684,Poland
NCT05455684,Argentina
NCT05455684,Hungary
NCT05455684,Australia
NCT05455684,Sweden
NCT05455684,Brazil
NCT05455684,Spain
NCT05455684,Portugal
NCT05455684,Bulgaria
NCT05455684,Belgium
NCT05455684,Italy
NCT03709433,United States
NCT06379633,Belgium
NCT04754438,Canada
NCT01226238,Germany
NCT01975948,Canada
NCT05010915,Taiwan
NCT06963463,United States
NCT04497909,Canada
NCT05600114,United States
NCT07075952,Italy
NCT04721249,Switzerland
NCT04143243,United States
NCT03965871,Poland
NCT03084744,Japan
NCT06899607,United Kingdom
NCT05777044,United States
NCT01371734,Mexico
NCT01371734,United States
NCT01371734,Chile
NCT05331534,France
NCT01602211,United States
NCT01796132,Switzerland
NCT01796132,France
NCT03324906,Brazil
NCT05540106,United States
NCT01121484,United States
NCT03944447,United States
NCT07351799,United States
NCT05874232,United States
NCT02567032,United States
NCT05329363,France
NCT05938816,United States
NCT03784352,Canada
NCT05552014,China
NCT06143852,United States
NCT04268355,United States
NCT02242578,United States
NCT01914874,Canada
NCT03554174,United States
NCT03169374,United States
NCT03459183,Germany
NCT07582666,Switzerland
NCT03473431,Mexico
NCT02986945,United States
NCT03756701,United States
NCT05698381,United States
NCT05428644,Turkey (Türkiye)
NCT06979544,United States
NCT07138664,Malaysia
NCT06574971,United States
NCT03168971,United States
NCT07648134,Egypt
NCT03630471,India
NCT06363344,France
NCT04561544,United States
NCT06627764,United States
NCT03317132,Canada
NCT06591663,Pakistan
NCT01900314,United States
NCT04020549,India
NCT02869035,Denmark
NCT07069517,United States
NCT06922617,United States
NCT06226233,United Kingdom
NCT04851938,Turkey (Türkiye)
NCT03026426,Peru
NCT07100015,Turkey (Türkiye)
NCT04260763,United Kingdom
NCT06382714,Turkey (Türkiye)
NCT03376633,United States
NCT06539949,United States
NCT01624298,Zambia
NCT03934658,United States
NCT03724448,Tunisia
NCT02057406,United States
NCT02423733,Canada
NCT03117452,United States
NCT05462652,United States
NCT01896349,Brazil
NCT01658748,United States
NCT04897685,Finland
NCT02017535,United States
NCT04272476,China
NCT02791932,United States
NCT04922593,United States
NCT04123314,United States
NCT01671033,Taiwan
NCT07230652,China
NCT04855747,United States
NCT05742893,France
NCT04041284,United States
NCT04041284,Finland
NCT04041284,Germany
NCT04041284,Czechia
NCT04041284,Poland
NCT04041284,Russia
NCT04041284,Greece
NCT04041284,United Kingdom
NCT04041284,Spain
NCT04041284,Ukraine
NCT04041284,Israel
NCT04041284,Italy
NCT04041284,France
NCT06411652,Turkey (Türkiye)
NCT04760938,United States
NCT01212848,United States
NCT04602715,Canada
NCT07234708,Spain
NCT03527225,United States
NCT06111976,France
NCT02266693,Canada
NCT07236138,Saudi Arabia
NCT03982043,United States
NCT06174285,Estonia
NCT02711215,Austria
NCT06356389,China
NCT05967468,United States
NCT06404450,United States
NCT04401215,United States
NCT04314635,United States
NCT06208176,France
NCT05293691,Germany
NCT03463590,China
NCT01066897,United States
NCT01567124,Australia
NCT03495024,United States
NCT06176924,India
NCT01904032,United States
NCT02661347,United States
NCT07042217,United States
NCT02427789,Brazil
NCT02020408,United States
NCT04077476,United States
NCT05974176,United States
NCT04505540,United States
NCT01809340,Spain
NCT01809340,Netherlands
NCT01809340,Belgium
NCT01809340,France
NCT04351789,Denmark
NCT07080489,Switzerland
NCT01704768,United States
NCT06129890,France
NCT04855760,United States
NCT02399982,United States
NCT02019459,United States
NCT04378426,United States
NCT06225115,United States
NCT01735708,United States
NCT00983476,United States
NCT07182890,China
NCT04109716,United States
NCT03785652,China
NCT01507649,Hong Kong
NCT04632238,United States
NCT01939548,United States
NCT01750255,Colombia
NCT07677943,Taiwan
NCT07185815,India
NCT07185815,Israel
NCT05247190,Sweden
NCT05197413,United States
NCT04234776,Brazil
NCT04373317,United States
NCT04846868,Canada
NCT04846868,Mexico
NCT04846868,Norway
NCT04846868,Italy
NCT04846868,United States
NCT04846868,Japan
NCT04846868,Colombia
NCT04846868,Germany
NCT04846868,Philippines
NCT04846868,Poland
NCT04846868,Greece
NCT04846868,Australia
NCT04846868,Sweden
NCT04846868,Brazil
NCT04846868,Turkey (Türkiye)
NCT04846868,New Zealand
NCT04846868,China
NCT06373718,United States
NCT02599597,Sweden
NCT06633913,United States
NCT05463926,Singapore
NCT03108625,Estonia
NCT03108625,South Africa
NCT03108625,Germany
NCT03108625,Poland
NCT03108625,Russia
NCT03108625,Hungary
NCT03108625,Latvia
NCT03108625,Serbia
NCT03108625,Spain
NCT03108625,Bulgaria
NCT03108625,United Kingdom
NCT03108625,Italy
NCT03108625,France
NCT05890625,Turkey (Türkiye)
NCT05338268,United States
NCT05598697,Pakistan
NCT05582343,United States
NCT02878408,France
NCT06011668,Turkey (Türkiye)
NCT01473550,Canada
NCT02138513,Netherlands
NCT04560660,United States
NCT03935035,United Kingdom
NCT06527625,Hong Kong
NCT02377089,United States
NCT04618250,Denmark
NCT04673513,United States
NCT05384223,United States
NCT06776523,Switzerland
NCT03628989,United States
NCT01571089,Sweden
NCT03995368,United States
NCT06115850,Taiwan
NCT02420418,Brazil
NCT01232790,United States
NCT03049813,United States
NCT04327362,United States
NCT02662803,Germany
NCT05312203,South Korea
NCT05448118,United States
NCT06258590,United States
NCT04072510,United Kingdom
NCT02747160,United States
NCT05004896,Canada
NCT03501862,Hong Kong
NCT03501862,China
NCT02547246,France
NCT06030362,United States
NCT06672562,Canada
NCT03870776,France
NCT05342480,Norway
NCT07225179,United States
NCT03861988,United States
NCT06130020,United States
NCT01465074,Canada
NCT02191397,China
NCT05243160,Denmark
NCT04231643,United States
NCT05465915,Czechia
NCT06576076,United States
NCT05525689,United States
NCT01719289,Brazil
NCT06432374,United States
NCT03441490,Sweden
NCT01517360,United States
NCT06060860,United States
NCT07742059,Turkey (Türkiye)
NCT03922425,Bulgaria
NCT07102017,China
NCT03541317,United States
NCT04583891,United States
NCT06150118,Turkey (Türkiye)
NCT04709224,United States
NCT06587659,United States
NCT04983680,United States
NCT06183580,United States
NCT05368779,Turkey (Türkiye)
NCT07065240,Slovakia
NCT07065240,United States
NCT07065240,Germany
NCT07065240,Czechia
NCT07065240,Poland
NCT07065240,Hungary
NCT07065240,Bulgaria
NCT02263768,Brazil
NCT03390491,United States
NCT05110690,United States
NCT07111390,United States
NCT05814913,Pakistan
NCT01147913,United States
NCT00994279,United States
NCT04527302,China
NCT06168253,United States
NCT03128437,United States
NCT02765672,United States
NCT04868357,France
NCT06439407,South Korea
NCT07609953,Indonesia
NCT06658795,China
NCT03984539,Canada
NCT04591301,China
NCT06805565,Japan
NCT05369507,United States
NCT07338292,Italy
NCT05746364,United Kingdom
NCT01371721,Mexico
NCT01371721,United States
NCT01446406,Denmark
NCT01945047,Canada
NCT01648049,United States
NCT05982158,Australia
NCT05601648,United States
NCT03289026,China
NCT02082678,United States
NCT03627078,Mexico
NCT03758599,Austria
NCT02853032,United States
NCT01648998,Netherlands
NCT05307887,United Kingdom
NCT06294106,United States
NCT05137938,Canada
NCT07566026,Turkey (Türkiye)
NCT04361045,United States
NCT01680172,United States
NCT02035202,United States
NCT03469453,Sweden
NCT02949401,United States
NCT05558332,United States
NCT03205332,Canada
NCT04060498,Hong Kong
NCT06285487,United States
NCT05053438,United States
NCT02670538,Puerto Rico
NCT02670538,Slovakia
NCT02670538,United States
NCT02670538,Romania
NCT02670538,Croatia
NCT02670538,Serbia
NCT02670538,Bulgaria
NCT02670538,Ukraine
NCT03713658,Rwanda
NCT02787148,Germany
NCT05400252,United States
NCT05836649,United States
NCT04044664,United States
NCT06081309,United States
NCT06391593,United States
NCT04237714,Ecuador
NCT07393737,Turkey (Türkiye)
NCT05477537,France
NCT05323019,Canada
NCT03768830,Croatia
NCT03886207,Germany
NCT05885971,France
NCT01308814,United States
NCT04060433,Sweden
NCT05748652,United States
NCT07102147,United States
NCT06456931,Sri Lanka
NCT07020572,United States
NCT06555172,United States
NCT04744545,United States
NCT04647019,United Kingdom
NCT06911931,United States
NCT06878937,Canada
NCT04433845,United States
NCT07061236,Turkey (Türkiye)
NCT07393581,China
NCT06480019,Brazil
NCT02237937,Germany
NCT01980381,Sweden
NCT06392867,Hong Kong
NCT04007900,United States
NCT04305353,United States
NCT02344745,United States
NCT02801877,United States
NCT04313777,Poland
NCT05386329,United States
NCT05588102,China
NCT04688567,Sweden
NCT06717165,China
NCT03112265,United States
NCT06487611,Hong Kong
NCT01117545,United States
NCT06472492,India
NCT01221792,United States
NCT04050202,United States
NCT07262372,United States
NCT04393077,Turkey (Türkiye)
NCT01806701,United States
NCT02642536,United States
NCT06527092,Turkey (Türkiye)
NCT05370911,United States
NCT06585839,Finland
NCT05462977,United States
NCT04901312,United States
NCT03584945,United States
NCT04760275,United States
NCT07011901,United States
NCT01594866,South Korea
NCT07774156,Turkey (Türkiye)
NCT01794156,Canada
NCT06054256,Hong Kong
NCT04782102,Switzerland
NCT05476237,Mozambique
NCT01808612,Japan
NCT03297619,United States
NCT04532619,United States
NCT02128919,United States
NCT05746312,United States
NCT02150681,United States
NCT06162741,United States
NCT02624102,Brazil
NCT04893395,United States
NCT07384312,China
NCT04770181,United States
NCT03662581,Canada
NCT01153867,Netherlands
NCT06628986,Turkey (Türkiye)
NCT06734754,Turkey (Türkiye)
NCT01542229,United States
NCT04727229,Canada
NCT07328477,Turkey (Türkiye)
NCT06299657,United States
NCT06444581,Spain
NCT01685528,United States
NCT02340637,Norway
NCT04491045,Vietnam
NCT03376139,United States
NCT05691439,United States
NCT06174701,United States
NCT03817528,United States
NCT03196128,United Kingdom
NCT05068765,Turkey (Türkiye)
NCT02038465,France
NCT03382639,United States
NCT03382639,Germany
NCT03382639,Czechia
NCT03382639,Poland
NCT03382639,Spain
NCT03382639,Bulgaria
NCT03382639,Ukraine
NCT03382639,Italy
NCT05151601,Australia
NCT05542212,China
NCT05170919,United States
NCT01367119,United States
NCT02868619,France
NCT02661828,United States
NCT04347707,Canada
NCT03256929,Israel
NCT01220401,United States
NCT04286165,United States
NCT05603000,Canada
NCT07853092,Sierra Leone
NCT03809572,United States
NCT07770295,Egypt
NCT04437095,United States
NCT02067975,United States
NCT02023281,United States
NCT06807528,Canada
NCT06388265,Spain
NCT01295411,France
NCT04716777,Iceland
NCT03429075,United Kingdom
NCT02658357,United States
NCT03382067,Switzerland
NCT06170801,Germany
NCT05310981,Canada
NCT02194036,Norway
NCT02027636,Puerto Rico
NCT02027636,United States
NCT07299136,Turkey (Türkiye)
NCT01457872,Sweden
NCT03166501,United States
NCT01401101,United States
NCT03858881,United States
NCT01801319,Canada
NCT06729671,Ireland
NCT03897699,United States
NCT02785406,United States
NCT05368558,Japan
NCT05368558,Taiwan
NCT02298985,Israel
NCT02880215,United States
NCT06028815,Spain
NCT04799899,United States
NCT03956693,United Kingdom
NCT03208816,Honduras
NCT03208816,United States
NCT04160806,Turkey (Türkiye)
NCT04507555,Switzerland
NCT05220943,United States
NCT04608032,France
NCT01423916,United States
NCT06044038,Italy
NCT04916626,Denmark
NCT02987985,Canada
NCT01378078,Germany
NCT06207409,United States
NCT04579887,Switzerland
NCT03981406,United States
NCT01678755,United States
NCT03810755,Spain
NCT07310615,Turkey (Türkiye)
NCT04347499,Pakistan
NCT06733558,United States
NCT01460758,Germany
NCT07230743,Chile
NCT04719143,United States
NCT02121015,United States
NCT03288714,United States
NCT02203552,United States
NCT01698047,United States
NCT05800509,Taiwan
NCT06332209,United States
NCT05546463,Turkey (Türkiye)
NCT03077347,United States
NCT05820958,Poland
NCT06065787,United States
NCT03851016,United States
NCT04130906,United Kingdom
NCT04436952,Canada
NCT02939755,United States
NCT04977544,China
NCT07422545,Turkey (Türkiye)
NCT07112001,United States
NCT06989801,United States
NCT06689592,Germany
NCT06722339,United Kingdom
NCT04432077,United States
NCT04487171,France
NCT02604277,United States
NCT01935375,United States
NCT04453475,Germany
NCT03062267,United States
NCT04325100,Belgium
NCT07273175,Poland
NCT04700501,United Kingdom
NCT01143077,United States
NCT02336581,United States
NCT01691092,United States
NCT06182436,Canada
NCT04055181,China
NCT02319330,India
NCT02882711,United States
NCT06637228,Taiwan
NCT05304767,Bulgaria
NCT05304767,Japan
NCT05304767,United States
NCT05304767,Serbia
NCT06053567,United States
NCT01656707,United States
NCT07262801,Canada
NCT02745067,Norway
NCT04255030,Canada
NCT05391971,United States
NCT03547219,South Korea
NCT03428828,United States
NCT07371065,China
NCT04689867,United States
NCT02308592,Canada
NCT02552836,Canada
NCT06223412,Egypt
NCT04302181,United States
NCT04400630,Spain
NCT06666400,United States
NCT03674671,Canada
NCT06549777,Sweden
NCT03779477,Turkey (Türkiye)
NCT06116812,Turkey (Türkiye)
NCT01868867,United States
NCT04779801,United States
NCT05870501,United Kingdom
NCT03203707,United States
NCT06339112,Turkey (Türkiye)
NCT05800119,United States
NCT06146530,United Kingdom
NCT01583400,United States
NCT02042001,Italy
NCT07170657,United States
NCT02315781,Canada
NCT05319665,Switzerland
NCT06629571,Turkey (Türkiye)
NCT02181777,United Kingdom
NCT06346119,France
NCT01903707,Ireland
NCT01606436,United States
NCT06293781,South Korea
NCT05524519,China
NCT04068467,United States
NCT01957371,United States
NCT05029401,United Kingdom
NCT04098601,United States
NCT05440812,Netherlands
NCT07161700,Slovakia
NCT07161700,United States
NCT07161700,Germany
NCT07161700,Czechia
NCT07161700,Poland
NCT07161700,Hungary
NCT07161700,Bulgaria
NCT06988800,Palestinian Territories
NCT01476228,Israel
NCT02234011,United States
NCT04939012,United States
NCT01560728,United States
NCT02765100,United States
NCT06273228,United States
NCT05152992,United States
NCT05940324,United States
NCT02133170,Spain
NCT06160869,Egypt
NCT05490069,Hong Kong
NCT03534583,Canada
NCT01614041,China
NCT05871554,Canada
NCT04711005,United States
NCT07656194,Saudi Arabia
NCT06658431,China
NCT07122531,Canada
NCT07227337,United States
NCT02150577,United States
NCT05349877,Brazil
NCT04350775,Taiwan
NCT06113575,United States
NCT05712057,United States
NCT06966401,Slovakia
NCT06966401,Finland
NCT06966401,Hungary
NCT06966401,Latvia
NCT06966401,Lithuania
NCT06966401,Canada
NCT06966401,Netherlands
NCT06966401,Romania
NCT06966401,Croatia
NCT06966401,Spain
NCT06966401,Bulgaria
NCT06966401,Italy
NCT06966401,Estonia
NCT06966401,United States
NCT06966401,Poland
NCT06966401,Taiwan
NCT06966401,Belgium
NCT06966401,United Kingdom
NCT06966401,Sweden
NCT06966401,Czechia
NCT03999112,United Kingdom
NCT04406181,Belgium
NCT01411774,United States
NCT03661580,United Kingdom
NCT01923896,United States
NCT05148169,China
NCT05018169,United States
NCT02904083,France
NCT01200641,Iran
NCT01958541,United States
NCT06397105,Switzerland
NCT02887794,France
NCT05595356,Brazil
NCT02960451,United States
NCT05877937,Turkey (Türkiye)
NCT04228939,Germany
NCT06961877,United States
NCT04986475,Turkey (Türkiye)
NCT04410575,Canada
NCT03450239,United Kingdom
NCT03140839,Canada
NCT04245319,Egypt
NCT01655030,Brazil
NCT01809067,United States
NCT06551467,Austria
NCT07851467,Singapore
NCT04990492,United States
NCT01844492,United States
NCT06651411,Lithuania
NCT04430309,Taiwan
NCT02438163,France
NCT04007666,United States
NCT00952653,United States
NCT06036472,Spain
NCT02189057,United States
NCT07056101,Egypt
NCT02329119,France
NCT05434130,United States
NCT01109030,Iran
NCT03894592,United States
NCT04128644,Sweden
NCT02842034,China
NCT06784934,United States
NCT04143009,Malawi
NCT01368432,United States
NCT01095263,Germany
NCT02670902,United States
NCT04922502,United States
NCT03002753,Germany
NCT04800237,United States
NCT05790239,United States
NCT05804877,Taiwan
NCT02976077,France
NCT03074812,United States
NCT05422612,United States
NCT03310281,United States
NCT00998400,Italy
NCT04845100,Turkey (Türkiye)
NCT02948036,United States
NCT02862236,Israel
NCT04982211,Canada
NCT04935671,Pakistan
NCT05663034,United States
NCT05501834,United States
NCT02488109,United States
NCT05310695,Norway
NCT04032795,China
NCT07196501,Canada
NCT07196501,Estonia
NCT07196501,United States
NCT07196501,Poland
NCT07196501,South Korea
NCT07196501,Taiwan
NCT07196501,Australia
NCT07196501,Serbia
NCT07196501,Spain
NCT07196501,Bulgaria
NCT07196501,Italy
NCT06490965,Portugal
NCT01615367,United States
NCT03775200,Canada
NCT03775200,Denmark
NCT03775200,Ireland
NCT03775200,Netherlands
NCT03775200,United States
NCT03775200,Czechia
NCT03775200,Germany
NCT03775200,Spain
NCT03775200,Portugal
NCT03775200,United Kingdom
NCT01460407,United States
NCT02958007,United States
NCT07023692,Sweden
NCT03063736,United States
NCT04181736,United States
NCT05543044,Canada
NCT04478032,China
NCT05399498,United States
NCT01583998,United States
NCT02455193,United States
NCT01600456,United States
NCT03055351,Spain
NCT04199845,Taiwan
NCT06821945,South Korea
NCT05697172,United States
NCT05374395,United States
NCT06923995,United States
NCT05147077,China
NCT04550377,United States
NCT02119975,Netherlands
NCT06949657,China
NCT07193901,China
NCT03039192,Estonia
NCT03039192,Slovakia
NCT03039192,United States
NCT03039192,South Africa
NCT03039192,Germany
NCT03039192,South Korea
NCT03039192,Taiwan
NCT03039192,Hungary
NCT03039192,Malaysia
NCT03039192,Spain
NCT03039192,Bulgaria
NCT05732311,Germany
NCT01907464,France
NCT05407064,United States
NCT02459509,Hong Kong
NCT06991309,Malaysia
NCT02192099,United States
NCT01083628,United States
NCT06234228,United States
NCT05702736,Turkey (Türkiye)
NCT03693911,Cyprus
NCT02667834,France
NCT03854409,United States
NCT04437498,United States
NCT01382433,Israel
NCT04996433,Germany
NCT07521033,Qatar
NCT07190352,United States
NCT05728138,Pakistan
NCT05376358,United States
NCT06197048,Norway
NCT01849367,Australia
NCT05904392,Spain
NCT03954392,United States
NCT01282736,United States
NCT01981811,United States
NCT05693571,United States
NCT01854944,United States
NCT03160664,China
NCT04302493,United States
NCT06470516,China
NCT01707706,Hong Kong
NCT04556747,United States
NCT06587919,Denmark
NCT02677207,Moldova
NCT02677207,Romania
NCT07145307,Norway
NCT05196971,China
NCT05685771,Switzerland
NCT02524899,United States
NCT02378714,United States
NCT03797716,United Kingdom
NCT06888284,Hong Kong
NCT06392100,Taiwan
NCT06231407,United States
NCT01614912,Malaysia
NCT01614912,South Korea
NCT01614912,Japan
NCT01614912,Taiwan
NCT05379881,United States
NCT04384965,Canada
NCT02069392,United States
NCT01431092,Denmark
NCT03093467,Chile
NCT06981000,Denmark
NCT03721900,United States
NCT05229107,United States
NCT03800901,United States
NCT04763330,United States
NCT07849192,Turkey (Türkiye)
NCT04560192,Germany
NCT03143634,United Kingdom
NCT07408934,Canada
NCT02317744,United States
NCT06861400,United States
NCT04233671,United States
NCT05756634,United States
NCT06983834,Turkey (Türkiye)
NCT04753164,United States
NCT05544071,China
NCT05865834,Pakistan
NCT01199107,United States
NCT03100981,Denmark
NCT05487911,United States
NCT01995864,Brazil
NCT01995864,Chile
NCT06698471,Senegal
NCT01285284,Chile
NCT06421233,Turkey (Türkiye)
NCT05051449,United States
NCT05700578,United States
NCT06803043,United States
NCT05280015,France
NCT06878976,United States
NCT03909217,China
NCT01441440,Japan
NCT06936540,Turkey (Türkiye)
NCT07251218,India
NCT04926090,United States
NCT06302010,Turkey (Türkiye)
NCT03547713,Israel
NCT02940613,Canada
NCT05557760,Belgium
NCT05168020,United States
NCT02207582,Germany
NCT04245423,United States
NCT06223880,United States
NCT06735079,Italy
NCT06735079,Switzerland
NCT05200962,Iran
NCT01402206,Sweden
NCT05441033,Turkey (Türkiye)
NCT01920685,United Kingdom
NCT03887715,United States
NCT05066308,United States
NCT05355025,Australia
NCT03134950,United States
NCT01404091,Canada
NCT07098390,Turkey (Türkiye)
NCT05036720,Pakistan
NCT05809882,China
NCT05178680,France
NCT04582396,United States
NCT02934932,United States
NCT03172533,Germany
NCT01436643,Germany
NCT07122843,United States
NCT06423417,Netherlands
NCT01566318,United States
NCT04211818,France
NCT04268797,Croatia
NCT03820297,United States
NCT07261410,Turkey (Türkiye)
NCT05352113,China
NCT06273982,United States
NCT02530164,Germany
NCT07225049,United States
NCT04317755,United Kingdom
NCT06891326,China
NCT02282085,United States
NCT02797808,United States
NCT01663025,United Kingdom
NCT03624868,United States
NCT05275413,Hong Kong
NCT04468360,United States
NCT04367636,Belgium
NCT05511909,United States
NCT01470508,United States
NCT06101225,Portugal
NCT04116489,United States
NCT01574118,United States
NCT05621018,Denmark
NCT06136390,Germany
NCT04424810,United States
NCT04670510,United States
NCT05603260,Netherlands
NCT05506644,United States
NCT05423444,United States
NCT01492309,United States
NCT01838798,France
NCT05877716,United States
NCT02933684,United States
NCT06494384,United States
NCT06802952,China
NCT06000449,United States
NCT03217058,United States
NCT06526585,United States
NCT07038876,United States
NCT05010317,Uganda
NCT06446089,Canada
NCT04298450,Canada
NCT05759091,Egypt
NCT03052374,Canada
NCT03079297,United States
NCT05859698,United States
NCT06413849,Hong Kong
NCT02476058,Germany
NCT02476058,Netherlands
NCT02476058,Belgium
NCT02242955,France
NCT03749278,United States
NCT02591485,Israel
NCT07002385,China
NCT02378415,United States
NCT01389908,Israel
NCT04469608,Taiwan
NCT01443208,South Korea
NCT03150771,United States
NCT04688164,United States
NCT05880498,United States
NCT03290963,United States
NCT06071858,United States
NCT01493726,United States
NCT02395978,Taiwan
NCT02395978,United States
NCT02978326,United States
NCT03133143,Hong Kong
NCT03065335,United States
NCT02771535,Germany
NCT03118193,France
NCT05283187,Turkey (Türkiye)
NCT06972563,Turkey (Türkiye)
NCT04325087,Germany
NCT05389787,United States
NCT04857593,United Kingdom
NCT03175887,United States
NCT06869187,United States
NCT04171193,Brazil
NCT03245593,France
NCT04268316,United States
NCT04121884,United States
NCT02096484,United Kingdom
NCT06540833,Slovakia
NCT06540833,United States
NCT06540833,Romania
NCT06540833,Croatia
NCT06540833,Czechia
NCT06540833,Poland
NCT06540833,Serbia
NCT06540833,Spain
NCT06540833,Bulgaria
NCT06540833,Italy
NCT02375152,China
NCT01304147,United States
NCT03481049,United States
NCT03207048,China
NCT06318663,United States
NCT01607632,United States
NCT04572087,Germany
NCT04205487,United States
NCT03605693,United States
NCT02226393,Israel
NCT02126787,Poland
NCT04849793,Turkey (Türkiye)
NCT04113993,Australia
NCT06706687,Italy
NCT01788436,Belgium
NCT07219264,Puerto Rico
NCT01178671,United States
NCT05759936,United Kingdom
NCT01031134,United States
NCT07423832,Jordan
NCT07105098,United States
NCT07105098,Romania
NCT07105098,Hungary
NCT07105098,Serbia
NCT07105098,Bulgaria
NCT01659736,United States
NCT06197711,Switzerland
NCT06133309,France
NCT03880032,Pakistan
NCT05325944,United States
NCT07109544,Turkey (Türkiye)
NCT04594434,France
NCT01814332,United States
NCT06508632,Turkey (Türkiye)
NCT03050632,United States
NCT02294409,Canada
NCT06863909,Germany
NCT01178632,Brazil
NCT05795114,United States
NCT06740487,United States
NCT03408821,Canada
NCT04381104,Pakistan
NCT06450704,Spain
NCT04035304,United States
NCT03862209,Croatia
NCT03092609,United States
NCT02136199,United States
NCT02075047,Ukraine
NCT02075047,United States
NCT06420232,United States
NCT01253421,United States
NCT05668416,Turkey (Türkiye)
NCT06502509,Taiwan
NCT03340909,Norway
NCT06574893,Turkey (Türkiye)
NCT04780152,Mexico
NCT07121712,China
NCT06096207,United States
NCT05495009,Turkey (Türkiye)
NCT01482221,Slovakia
NCT01482221,South Africa
NCT01482221,United States
NCT01482221,Chile
NCT06080100,Russia
NCT01760681,Israel
NCT04370730,France
NCT03509792,Sweden
NCT03061136,United States
NCT03975400,United States
NCT06557200,Pakistan
NCT02351843,United States
NCT01337609,United States
NCT02329548,United States
NCT03169543,United States
NCT04143308,Taiwan
NCT05357040,Australia
NCT05357040,United States
NCT01693874,United States
NCT02964897,United States
NCT02909660,Canada
NCT06846320,Puerto Rico
NCT06846320,United States
NCT04975724,Italy
NCT02382003,United States
NCT03913676,United States
NCT03983291,Switzerland
NCT01555697,United States
NCT03498482,Burundi
NCT05541523,China
NCT06523023,Hong Kong
NCT01090180,United States
NCT04929262,United States
NCT04834427,China
NCT03891186,Portugal
NCT07663916,Spain
NCT06458647,Turkey (Türkiye)
NCT05041647,Canada
NCT04105868,United States
NCT01805479,United States
NCT02766296,United States
NCT07237217,United States
NCT03779789,Italy
NCT04666974,Canada
NCT06500780,United States
NCT04529746,United States
NCT01317303,Australia
NCT00285935,United States
NCT01178008,Hong Kong
NCT06123325,United States
NCT03310489,Finland
NCT01266590,United States
NCT01981759,United States
NCT05399446,Norway
NCT05399446,Netherlands
NCT05399446,United States
NCT05464888,United States
NCT03692988,Switzerland
NCT02986126,United States
NCT04776226,Turkey (Türkiye)
NCT05743543,United States
NCT01051440,United States
NCT06313918,Norway
NCT06110897,United States
NCT05155280,France
NCT03114891,United States
NCT04961697,Brazil
NCT04914923,Canada
NCT07188623,United States
NCT06360562,United States
NCT04841603,Canada
NCT06843824,China
NCT01169142,United States
NCT07300969,United States
NCT07300969,Czechia
NCT07300969,Poland
NCT07300969,Bulgaria
NCT07300969,United Kingdom
NCT05418894,United States
NCT07496268,Turkey (Türkiye)
NCT06789250,Sweden
NCT03917550,Romania
NCT06637891,Turkey (Türkiye)
NCT02567890,Sweden
NCT03391297,Taiwan
NCT05991713,United States
NCT06892613,Turkey (Türkiye)
NCT02119923,Netherlands
NCT06345859,United States
NCT04106466,United States
NCT06237556,Egypt
NCT01624402,United States
NCT06258031,United Kingdom
NCT04761757,Malaysia
NCT03047512,Colombia
NCT04731181,Egypt
NCT03418831,China
NCT04663672,United States
NCT04654377,India
NCT02262377,United States
NCT07227181,United States
NCT05475600,France
NCT05534867,Turkey (Türkiye)
NCT03408327,Taiwan
NCT05035927,United States
NCT01533402,Sweden
NCT01185977,United States
NCT05913401,United States
NCT02998502,United States
NCT06193772,Sweden
NCT03470675,United States
NCT05555381,Belgium
NCT03961581,France
NCT01948167,United States
NCT05873569,United States
NCT05991154,Canada
NCT03358056,Spain
NCT01946295,Sweden
NCT01946295,Finland
NCT06890819,Turkey (Türkiye)
NCT03954522,France
NCT02442739,United States
NCT03993457,United States
NCT05644301,Belgium
NCT06836336,Saudi Arabia
NCT02212041,United Kingdom
NCT06052137,United States
NCT05941195,Turkey (Türkiye)
NCT01804257,United States
NCT03363919,United States
NCT06422728,Turkey (Türkiye)
NCT06230029,Italy
NCT06230029,France
NCT01366677,United States
NCT05628675,United Kingdom
NCT03483701,Canada
NCT07515612,Syria
NCT01823250,United States
NCT06189118,Canada
NCT05622760,Spain
NCT06972420,France
NCT04240496,Tunisia
NCT05688423,United States
NCT01506323,United States
NCT06236880,United Kingdom
NCT06247579,China
NCT02797379,United Kingdom
NCT02062840,United States
NCT05283382,United States
NCT06596447,United States
NCT01985178,Canada
NCT06276478,Italy
NCT06129435,United States
NCT02792608,Canada
NCT01476540,Canada
NCT04168697,United States
NCT07172113,Hong Kong
NCT07672613,Turkey (Türkiye)
NCT05951660,Denmark
NCT06263660,United States
NCT01361555,Puerto Rico
NCT01361555,United States
NCT01361555,Finland
NCT01361555,South Africa
NCT01361555,Argentina
NCT01361555,Austria
NCT01361555,India
NCT01361555,Australia
NCT01361555,Sweden
NCT01361555,Spain
NCT01361555,Italy
NCT01361555,France
NCT06207526,Germany
NCT01443715,United States
NCT01882608,Canada
NCT04712968,Denmark
NCT05387291,Spain
NCT06986460,Canada
NCT05716555,China
NCT03825640,United States
NCT01399450,South Korea
NCT05104697,United States
NCT03279913,France
NCT04265859,United States
NCT06173752,United States
NCT04553835,Hong Kong
NCT00948974,United States
NCT05036590,France
NCT03828760,Canada
NCT03565068,United States
NCT02879591,France
NCT03451513,United States
NCT03211468,Israel
NCT04345718,United States
NCT04682197,United States
NCT02174523,China
NCT03855943,Israel
NCT02510508,Netherlands
NCT05030350,United States
NCT07207018,France
NCT06655623,Denmark
NCT06775379,United States
NCT03621488,France
NCT04852770,Brazil
NCT03688373,Netherlands
NCT03045341,United States
NCT02944994,United States
NCT04790162,United States
NCT07198594,China
NCT05917613,Switzerland
NCT06269146,United States
NCT05041361,United States
NCT03990870,United States
NCT04984070,China
NCT06131866,Turkey (Türkiye)
NCT03583450,United States
NCT02658682,Norway
NCT03030482,France
NCT01131559,United States
NCT05065450,United States
NCT02134418,Israel
NCT01789697,United States
NCT04192097,France
NCT04620759,United States
NCT03427580,Israel
NCT04383496,United States
NCT05558527,United States
NCT07238361,Turkey (Türkiye)
NCT04850573,United States
NCT05911269,United States
NCT01885923,Czechia
NCT07145203,Palestinian Territories
NCT05973786,Germany
NCT05973786,Austria
NCT05973786,Greece
NCT05973786,Spain
NCT05973786,United Kingdom
NCT05973786,Italy
NCT07831135,France
NCT04816708,United States
NCT05686408,United States
NCT03711513,Netherlands
NCT01804582,United States
NCT04682080,Turkey (Türkiye)
NCT01446588,United States
NCT02816996,United States
NCT04278027,Spain
NCT02715986,France
NCT05728086,United Kingdom
NCT03068286,United Kingdom
NCT04071886,China
NCT02608086,Chile
NCT03423680,South Korea
NCT04634396,United States
NCT06127342,United States
NCT05442086,Canada
NCT05441280,United States
NCT04969562,Turkey (Türkiye)
NCT02461732,United States
NCT02994433,United States
NCT03697252,United States
NCT03684447,United States
NCT06301555,China
NCT04418115,Norway
NCT02420015,United States
NCT06408025,United States
NCT03735576,Germany
NCT06489834,Singapore
NCT06453109,United States
NCT05480033,Turkey (Türkiye)
NCT05184738,Spain
NCT03397134,Poland
NCT03397134,Bulgaria
NCT03397134,Ukraine
NCT03397134,United States
NCT01545999,Canada
NCT03978832,United States
NCT06679114,Ukraine
NCT04237155,France
NCT03559426,United Kingdom
NCT07287878,China
NCT04693585,India
NCT05512143,United States
NCT04079309,Turkey (Türkiye)
NCT01555814,Denmark
NCT03629106,Canada
NCT06265233,United States
NCT05756855,United States
NCT05461885,Denmark
NCT06934135,Peru
NCT02389816,Japan
NCT02148406,United States
NCT05401838,United States
NCT02510755,France
NCT03198078,United States
NCT05671185,Taiwan
NCT01200615,Israel
NCT05523115,United States
NCT04595344,Turkey (Türkiye)
NCT04876144,Czechia
NCT04559893,United States
NCT06654414,United States
NCT01450514,Belgium
NCT01886716,United States
NCT03845504,United States
NCT02699138,United States
NCT05345548,Israel
NCT06063278,Spain
NCT05173285,United Kingdom
NCT03591198,Hong Kong
NCT02188121,United States
NCT05816304,Canada
NCT03966833,Uganda
NCT05687838,Turkey (Türkiye)
NCT03514355,Canada
NCT06956378,United States
NCT04942444,Spain
NCT07325734,China
NCT06606249,Italy
NCT02018848,Germany
NCT05383248,United States
NCT04033978,France
NCT01884844,United States
NCT05344144,Turkey (Türkiye)
NCT06540664,Vietnam
NCT02334332,United States
NCT06464432,Egypt
NCT01343563,United States
NCT04222816,India
NCT06718504,Turkey (Türkiye)
NCT07125404,Chile
NCT05599126,China
NCT07554534,Turkey (Türkiye)
NCT06788587,Canada
NCT03714204,United States
NCT05859347,Canada
NCT07618338,Turkey (Türkiye)
NCT05859204,United States
NCT06294184,China
NCT04422652,United States
NCT02466685,United States
NCT04737915,United States
NCT05436015,Finland
NCT05590078,France
NCT06341517,Switzerland
NCT03821506,Denmark
NCT03340948,Sweden
NCT05381155,Switzerland
NCT03689543,United States
NCT02667015,United States
NCT01529515,Mexico
NCT01529515,United States
NCT01529515,Romania
NCT01529515,Colombia
NCT01529515,South Korea
NCT01529515,Malaysia
NCT01529515,Turkey (Türkiye)
NCT01529515,Ukraine
NCT07317908,Spain
NCT02629068,United States
NCT04950868,Canada
NCT04595084,United States
NCT05038033,United States
NCT05562752,Ireland
NCT01795547,United States
NCT02946255,Canada
NCT05398276,United States
NCT03985917,Portugal
NCT05932550,Israel
NCT06200155,United States
NCT06384755,Norway
NCT05700435,United States
NCT06733376,United States
NCT04125589,United States
NCT06665568,Switzerland
NCT03964350,United States
NCT02778074,Sweden
NCT02329418,France
NCT06751784,Switzerland
NCT01686438,United States
NCT05427708,United States
NCT04606485,Turkey (Türkiye)
NCT01907035,Spain
NCT06036108,Japan
NCT01362543,Denmark
NCT06650943,Spain
NCT01774435,United States
NCT05703776,France
NCT01376076,United States
NCT06363968,United States
NCT04932018,United States
NCT07272252,China
NCT06715852,Sweden
NCT04870255,United States
NCT04714255,Germany
NCT03621540,Germany
NCT03733574,United States
NCT07255118,Turkey (Türkiye)
NCT06203418,United States
NCT03607708,Canada
NCT02634476,Australia
NCT04650217,United States
NCT06547489,United States
NCT06474689,Italy
NCT04152850,Hong Kong
NCT02196090,United Kingdom
NCT06565936,China
NCT04366544,United States
NCT05243264,United States
NCT06877663,Italy
NCT05806463,Ethiopia
NCT06332963,United States
NCT04004416,United States
NCT07197138,Germany
NCT04394455,Honduras
NCT06913270,Egypt
NCT05131256,France
NCT03653351,United States
NCT06432322,United Kingdom
NCT05039853,United Kingdom
NCT06837337,Turkey (Türkiye)
NCT05934175,Sweden
NCT04068857,United States
NCT03368469,United States
NCT06969105,United States
NCT06741254,Turkey (Türkiye)
NCT07167654,Jordan
NCT01879722,United States
NCT05160129,United States
NCT03384329,Russia
NCT06000475,United States
NCT03221270,United States
NCT04202770,United States
NCT07287254,Turkey (Türkiye)
NCT04824105,United States
NCT05624931,United States
NCT05624931,South Africa
NCT07748845,Egypt
NCT07079839,United States
NCT05563857,United States
NCT05509257,United States
NCT01211405,United States
NCT07121166,Hong Kong
NCT04400266,United States
NCT03817502,Mexico
NCT03817502,United States
NCT03817502,Romania
NCT03817502,Colombia
NCT03817502,Russia
NCT03817502,Serbia
NCT03817502,Bulgaria
NCT03817502,Ukraine
NCT06865937,United States
NCT06463145,Spain
NCT02656745,United States
NCT01509872,Republic of the Congo
NCT05187975,China
NCT03378570,United States
NCT06030154,United States
NCT03158805,United States
NCT07175402,Sweden
NCT03668457,Spain
NCT06560957,Canada
NCT05385783,United States
NCT06698445,Turkey (Türkiye)
NCT06794983,United States
NCT04366531,United States
NCT03171753,Italy
NCT04934553,United States
NCT02512445,United States
NCT06600139,Sweden
NCT05260086,Germany
NCT03388554,Taiwan
NCT05934305,United States
NCT04711694,Switzerland
NCT05703256,United States
NCT03636022,United States
NCT06789822,France
NCT03500029,China
NCT02938845,Turkey (Türkiye)
NCT04815239,United States
NCT02421146,United States
NCT03578003,United States
NCT05961527,United States
NCT03868761,United States
NCT02895269,Nigeria
NCT02895269,Ghana
NCT02674529,United States
NCT05926531,China
NCT04005053,United States
NCT01670071,Taiwan
NCT07269964,Germany
NCT00532493,United States
NCT07072559,Egypt
NCT06174662,Belgium
NCT07168642,United States
NCT01617083,United States
NCT01640483,Belgium
NCT06502483,United States
NCT05779241,United States
NCT04072354,United States
NCT04072354,Colombia
NCT04072354,Russia
NCT04072354,Serbia
NCT04072354,Bulgaria
NCT04072354,Ukraine
NCT01622166,Germany
NCT01808651,Japan
NCT03239210,United States
NCT05308082,Hong Kong
NCT02149823,United States
NCT01414023,United States
NCT05687162,United States
NCT01919970,United States
NCT01347541,United States
NCT04226794,Brazil
NCT02559466,France
NCT02564588,United States
NCT01725854,United States
NCT05437705,United States
NCT06956105,India
NCT02210702,United States
NCT03490253,United States
NCT05906069,Portugal
NCT06848322,South Korea
NCT01706731,Thailand
NCT05052853,Taiwan
NCT06417437,China
NCT01625845,United States
NCT06088303,United States
NCT06323486,Canada
NCT02513654,China
NCT06217705,United States
NCT04622202,Egypt
NCT01888653,United States
NCT05724680,Bangladesh
NCT05779761,United States
NCT04639141,Australia
NCT01174394,Hong Kong
NCT01735994,United States
NCT03776422,United States
NCT06675851,Austria
NCT03623724,Portugal
NCT06222346,United Kingdom
NCT06325670,Denmark
NCT04126694,United States
NCT04431856,United States
NCT02004288,Croatia
NCT03190161,United States
NCT06149429,United States
NCT07244653,Turkey (Türkiye)
NCT07015944,Pakistan
NCT01421134,United States
NCT01421134,Russia
NCT01421134,Ukraine
NCT01421134,Serbia
NCT01421134,United Kingdom
NCT03329287,China
NCT05180487,United States
NCT03288506,United Kingdom
NCT01128452,United States
NCT03868358,China
NCT04104542,United States
NCT01751386,United States
NCT02667366,Switzerland
NCT06865066,Canada
NCT02841956,United States
NCT04797351,Portugal
NCT04452175,Italy
NCT03554512,Canada
NCT01532219,Sweden
NCT06630065,France
NCT02810964,United States
NCT07647809,Turkey (Türkiye)
NCT05816564,United States
NCT02419131,United States
NCT05389345,Canada
NCT01672372,United States
NCT06077175,Turkey (Türkiye)
NCT06138730,United States
NCT06894836,Australia
NCT07226011,United States
NCT02111811,United States
NCT06036511,United States
NCT07299045,Turkey (Türkiye)
NCT02769312,United States
NCT04687228,United States
NCT03424967,Israel
NCT04243967,Italy
NCT03257592,United States
NCT06136481,Turkey (Türkiye)
NCT01072630,Canada
NCT01072630,United States
NCT01072630,South Africa
NCT01072630,Poland
NCT01072630,Argentina
NCT01072630,Australia
NCT01072630,Spain
NCT01072630,Bulgaria
NCT01072630,Ukraine
NCT01072630,France
NCT04740944,Turkey (Türkiye)
NCT02496637,United States
NCT05384392,France
NCT02857036,France
NCT03842436,United States
NCT01517711,United States
NCT01729572,Israel
NCT05111977,United States
NCT01508377,Germany
NCT05648175,Canada
NCT06480500,Canada
NCT06905665,Turkey (Türkiye)
NCT06542900,China
NCT06243536,Croatia
NCT05694156,Canada
NCT06165445,Iran
NCT05321381,United States
NCT02579928,United States
NCT02528331,United States
NCT01217645,United Kingdom
NCT07217795,United States
NCT01589328,South Korea
NCT03427528,United States
NCT06964867,China
NCT06618339,Mexico
NCT06000839,France
NCT01194765,Canada
NCT05136365,China
NCT05808244,Hong Kong
NCT02104232,India
NCT04324944,United States
NCT02054364,United States
NCT06597864,Norway
NCT03483909,Switzerland
NCT06086184,Germany
NCT06275633,Denmark
NCT02191384,China
NCT03906149,Germany
NCT06664138,South Korea
NCT05246332,Taiwan
NCT07568093,Germany
NCT07033052,United States
NCT05474534,United States
NCT05149534,United States
NCT06847399,United States
NCT04672798,United States
NCT05511363,Slovakia
NCT05511363,United States
NCT05511363,Croatia
NCT05511363,Czechia
NCT05511363,Germany
NCT05511363,South Korea
NCT05511363,India
NCT05511363,Serbia
NCT05511363,Spain
NCT05511363,Bulgaria
NCT05511363,United Kingdom
NCT05511363,Italy
NCT05511363,France
NCT04460014,Sweden
NCT05863598,Sweden
NCT06590363,Portugal
NCT02273063,United States
NCT01499563,United States
NCT04517006,Canada
NCT04190004,India
NCT04127604,United States
NCT05326347,Japan
NCT04532749,Slovakia
NCT04532749,Denmark
NCT04532749,United States
NCT04532749,Finland
NCT04532749,Poland
NCT04532749,South Korea
NCT04532749,Argentina
NCT04532749,Chile
NCT04532749,Malaysia
NCT04532749,Ukraine
NCT01251471,Austria
NCT06210711,United States
NCT03268434,Germany
NCT06163599,United States
NCT02092987,United States
NCT02648321,China
NCT04578314,Germany
NCT04861116,Portugal
NCT06877104,United States
NCT02072252,United States
NCT06087471,United Kingdom
NCT03371771,United States
NCT06895863,Denmark
NCT02451306,Germany
NCT05540704,United States
NCT06028984,United States
NCT05949736,China
NCT06357832,India
NCT06357832,United States
NCT06357832,Israel
NCT05788198,Belgium
NCT05333887,Canada
NCT03409393,Denmark
NCT01524133,United States
NCT04165577,United States
NCT07140575,Canada
NCT04987957,Turkey (Türkiye)
NCT02610712,Mexico
NCT05330312,United States
NCT06621381,Sweden
NCT01945372,Israel
NCT07058181,Netherlands
NCT06524830,Canada
NCT06524830,Australia
NCT06524830,United Kingdom
NCT06524830,United States
NCT03415230,Cyprus
NCT07204444,United States
NCT05101044,United States
NCT02742532,United States
NCT05783232,United States
NCT04635904,Israel
NCT06816576,Turkey (Türkiye)
NCT07468240,Turkey (Türkiye)
NCT02141776,United States
NCT05086250,United States
NCT05094440,Canada
NCT02473250,United States
NCT07767643,Turkey (Türkiye)
NCT06627725,Turkey (Türkiye)
NCT03997240,United States
NCT05812950,Netherlands
NCT05078450,United States
NCT05499676,United States
NCT02190968,United States
NCT01496248,South Korea
NCT05316415,Turkey (Türkiye)
NCT03053323,United States
NCT01437046,United States
NCT02980627,United States
NCT05106361,United States
NCT04202042,Canada
NCT04928742,Canada
NCT06685861,China
NCT03583073,United States
NCT03950869,Germany
NCT06790641,United States
NCT01415154,United States
NCT06116994,Saudi Arabia
NCT05446766,Sweden
NCT02013622,United States
NCT03039231,United States
NCT06889831,United States
NCT05551702,United States
NCT03245437,United States
NCT06953037,Cyprus
NCT05613972,Canada
NCT06527196,United States
NCT04216888,United States
NCT02972203,United States
NCT06277661,United States
NCT03540641,Mexico
NCT04786054,Pakistan
NCT05694754,Mexico
NCT04162522,Canada
NCT03541031,United States
NCT02427737,United States
NCT04695145,Sweden
NCT05227339,United States
NCT01256177,China
NCT06723977,Turkey (Türkiye)
NCT05905601,United States
NCT04659161,United States
NCT02940769,United States
NCT05956951,United States
NCT06961851,United States
NCT02954731,Denmark
NCT04613453,United States
NCT05651737,Switzerland
NCT05558995,Canada
NCT02490995,France
NCT06274112,United States
NCT07007481,United Kingdom
NCT06218381,United States
NCT03841019,China
NCT07116980,Brazil
NCT03247179,United States
NCT02781688,United States
NCT01126827,United States
NCT05274061,United States
NCT05767073,Netherlands
NCT02096783,United States
NCT04136054,Sweden
NCT01555554,United States
NCT06472466,Italy
NCT02561156,United Kingdom
NCT03746756,United States
NCT06064422,United States
NCT03045237,Portugal
NCT05619445,United States
NCT05631145,China
NCT02077972,United States
NCT01524497,China
NCT03673397,Switzerland
NCT05527210,United States
NCT05905120,China
NCT01129882,Mexico
NCT01129882,Puerto Rico
NCT01129882,Slovakia
NCT01129882,Finland
NCT01129882,Philippines
NCT01129882,South Korea
NCT01129882,Argentina
NCT01129882,Hungary
NCT01129882,South Africa
NCT01129882,Romania
NCT01129882,Croatia
NCT01129882,Chile
NCT01129882,Malaysia
NCT01129882,India
NCT01129882,Australia
NCT01129882,Serbia
NCT01129882,Spain
NCT01129882,Bulgaria
NCT01129882,Estonia
NCT01129882,United States
NCT01129882,Poland
NCT01129882,Russia
NCT01129882,Taiwan
NCT01129882,Thailand
NCT04123223,United States
NCT02535923,United States
NCT02376959,Brazil
NCT01640080,Germany
NCT01640080,Poland
NCT01640080,Belgium
NCT04011280,United States
NCT01990079,United States
NCT05073679,United States
NCT03424642,Finland
NCT04099342,United States
NCT03601169,United States
NCT04183894,United States
NCT03194594,South Korea
NCT03558256,China
NCT03148522,China
NCT03926546,United States
NCT01035788,United States
NCT05214703,Turkey (Türkiye)
NCT04061642,Canada
NCT05174273,Canada
NCT06693583,United Kingdom
NCT02088983,Canada
NCT02847741,France
NCT02654405,United States
NCT06883929,Turkey (Türkiye)
NCT02086929,Slovakia
NCT02086929,Romania
NCT02086929,Czechia
NCT02086929,Austria
NCT02086929,Spain
NCT02086929,Italy
NCT04929795,Hong Kong
NCT02067559,Canada
NCT04639596,United States
NCT04476446,Mexico
NCT03807388,Spain
NCT02086786,United States
NCT04241094,United States
NCT01700829,United States
NCT04116697,United States
NCT03356210,Norway
NCT01999920,United States
NCT07439224,Turkey (Türkiye)
NCT06099223,United States
NCT04332146,Hong Kong
NCT03392883,Colombia
NCT06257641,Spain
NCT04975854,Czechia
NCT06136494,Sweden
NCT06610305,United States
NCT04988529,Spain
NCT03311529,Germany
NCT07076342,United States
NCT05956470,Turkey (Türkiye)
NCT06423794,United States
NCT01244854,United States
NCT04099056,United States
NCT02897622,Sweden
NCT01516931,China
NCT06192602,Hong Kong
NCT04584502,United States
NCT03604172,United States
NCT04882839,Israel
NCT01223677,Netherlands
NCT04708275,Germany
NCT07692412,China
NCT01314612,United States
NCT03328819,Taiwan
NCT02303691,United States
NCT01479920,Hong Kong
NCT01479920,China
NCT04927923,Turkey (Türkiye)
NCT03227562,France
NCT03053362,Canada
NCT02381327,Sweden
NCT06378554,United States
NCT06642194,Indonesia
NCT06674694,China
NCT05746455,United States
NCT04585685,United States
NCT02657317,United States
NCT07011940,United States
NCT02631291,United States
NCT05907174,South Africa
NCT03795818,United States
NCT02924090,Canada
NCT03891797,United States
NCT04286282,Uganda
NCT06149624,United States
NCT07033923,France
NCT06975280,Greece
NCT01783080,United States
NCT06633679,Brazil
NCT04142996,Canada
NCT05893862,United States
NCT02439762,United States
NCT02078258,China
NCT03188185,Puerto Rico
NCT03188185,Australia
NCT03188185,United States
NCT03930225,Egypt
NCT05432817,United States
NCT07665840,Malaysia
NCT05684991,United States
NCT06126497,United States
NCT06573320,Turkey (Türkiye)
NCT06790823,Iran
NCT01504659,United States
NCT01941862,United States
NCT03962504,United States
NCT06686784,United States
NCT06051084,United States
NCT01329133,France
NCT07316647,India
NCT07001878,Canada
NCT01520376,Spain
NCT02672150,United States
NCT03135990,United States
NCT04038190,United States
NCT04133597,Taiwan
NCT01467713,Mexico
NCT01467713,United States
NCT01467713,Colombia
NCT01467713,Argentina
NCT01467713,Chile
NCT06982820,Israel
NCT06982820,United States
NCT07548359,Egypt
NCT06477796,United States
NCT06583096,United States
NCT03893162,United Kingdom
NCT05432362,Austria
NCT06443216,Switzerland
NCT03941106,Singapore
NCT05741684,China
NCT07119138,Turkey (Türkiye)
NCT06589648,Turkey (Türkiye)
NCT06289426,United Kingdom
NCT05352568,United States
NCT03628391,Netherlands
NCT01153490,United States
NCT02974010,United States
NCT02963220,United States
NCT03095820,South Korea
NCT06256380,Norway
NCT06218979,Finland
NCT06403579,Turkey (Türkiye)
NCT01912196,United States
NCT01376596,Canada
NCT05333003,Canada
NCT03942627,United States
NCT00952393,United States
NCT01409304,Canada
NCT02537184,Brazil
NCT07562633,Pakistan
NCT05190926,United States
NCT06769243,Turkey (Türkiye)
NCT03241225,United States
NCT01805440,United States
NCT07217340,United States
NCT07349368,China
NCT03197974,Australia
NCT04093960,Taiwan
NCT03878160,United States
NCT07813520,Mexico
NCT03328520,United States
NCT06923423,United States
NCT06531980,Norway
NCT04400279,Canada
NCT04011540,United States
NCT06841289,Turkey (Türkiye)
NCT03345368,Mexico
NCT03293797,Canada
NCT06095310,France
NCT02305797,United States
NCT04608396,United States
NCT05803096,United States
NCT04916496,Hong Kong
NCT00963846,United States
NCT05502588,Canada
NCT05352503,Turkey (Türkiye)
NCT07112261,Canada
NCT05950061,Pakistan
NCT06504342,Canada
NCT06682468,United States
NCT06282250,Netherlands
NCT03866174,United States
NCT03417960,United States
NCT05946382,Sweden
NCT05571423,United States
NCT05576259,New Zealand
NCT02663180,Saudi Arabia
NCT02929979,United States
NCT03421574,Canada
NCT03929497,Estonia
NCT03929497,Germany
NCT03929497,Poland
NCT03929497,Hungary
NCT03929497,Latvia
NCT03929497,Bulgaria
NCT03929497,Ukraine
NCT05826860,United States
NCT01793220,United Kingdom
NCT06462820,United States
NCT02863523,United States
NCT05436379,United States
NCT06282146,United States
NCT07212946,Brazil
NCT04591886,United States
NCT07129070,United States
NCT06651554,Colombia
NCT04799405,United States
NCT06066697,United States
NCT06060210,Egypt
NCT07174960,Egypt
NCT03623620,United States
NCT06419582,United States
NCT04141124,France
NCT05649059,United States
NCT07265180,Germany
NCT03260127,United States
NCT01646827,United States
NCT01379027,United States
NCT06431386,Canada
NCT06653673,Turkey (Türkiye)
NCT01525680,United States
NCT01477762,United States
NCT02836288,United States
NCT03995173,United States
NCT03918954,Sweden
NCT02904005,France
NCT06899594,United States
NCT04548622,United States
NCT03935529,United Kingdom
NCT02915874,United States
NCT04393818,Spain
NCT05554718,Germany
NCT03752918,United States
NCT02307097,United Kingdom
NCT02382497,Italy
NCT05292560,Netherlands
NCT02964520,United States
NCT02327559,United States
NCT02710279,France
NCT04878627,United States
NCT07371442,Egypt
NCT05925283,China
NCT04395183,United States
NCT01905605,United States
NCT01433094,Italy
NCT02402010,United States
NCT02287259,Japan
NCT02178696,United States
NCT04109196,United States
NCT01851603,United States
NCT06224127,United States
NCT03348761,Hong Kong
NCT05818761,Turkey (Türkiye)
NCT03832283,United States
NCT06724341,Syria
NCT01463241,United States
NCT07419594,Germany
NCT05503056,United States
NCT05278156,Poland
NCT05278156,Ukraine
NCT05278156,Hungary
NCT01554150,United Kingdom
NCT03463018,Georgia
NCT06720090,United States
NCT01801397,Switzerland
NCT04552782,United States
NCT04575324,United States
NCT05050123,United States
NCT07080723,Denmark
NCT04038788,Taiwan
NCT03309527,China
NCT03164642,United States
NCT00985686,Canada
NCT01212783,United States
NCT02915497,Canada
NCT05887713,United States
NCT07292610,Spain
NCT04625959,United States
NCT04828980,United States
NCT01830088,Norway
NCT04587661,United States
NCT06050070,United States
NCT04543773,United States
NCT01713556,France
NCT04210856,Singapore
NCT02845440,United States
NCT04500340,Nepal
NCT06279117,Turkey (Türkiye)
NCT02494050,United States
NCT06182150,United States
NCT01760213,Israel
NCT05899660,Belgium
NCT02634320,United States
NCT01791023,Brazil
NCT06792123,Turkey (Türkiye)
NCT07217223,United States
NCT01706380,Sweden
NCT06880796,United States
NCT04306146,United States
NCT05315388,Colombia
NCT02226042,United Kingdom
NCT02521883,Sweden
NCT02521883,Finland
NCT05457140,United States
NCT03603340,Switzerland
NCT07201350,Turkey (Türkiye)
NCT06976697,United States
NCT02539797,United States
NCT06353113,United States
NCT05517460,Taiwan
NCT04825860,Philippines
NCT04825860,Japan
NCT04825860,China
NCT04825860,Taiwan
NCT04576182,Israel
NCT05144880,China
NCT05516680,China
NCT01684488,Sierra Leone
NCT06148103,Egypt
NCT06139159,United States
NCT06667180,Mexico
NCT03507127,United States
NCT05660642,United Kingdom
NCT03510741,Pakistan
NCT07636694,Hong Kong
NCT03484494,United States
NCT04839822,Austria
NCT06345651,Germany
NCT01794429,Denmark
NCT02181231,United States
NCT03254017,China
NCT01699490,Taiwan
NCT05520190,United States
NCT05936697,Hong Kong
NCT06574360,Taiwan
NCT01463020,Sweden
NCT01045720,Taiwan
NCT01216982,Iraq
NCT01750359,Israel
NCT02698696,France
NCT04064762,United States
NCT04207346,United States
NCT02805088,France
NCT03006003,Taiwan
NCT06557642,United Kingdom
NCT03237286,United States
NCT02590770,Israel
NCT01806168,Canada
NCT04848350,Turkey (Türkiye)
NCT02413918,United States
NCT05805397,United States
NCT02212613,United States
NCT03652220,Germany
NCT04012580,Canada
NCT06966661,China
NCT05678361,Switzerland
NCT04517942,United States
NCT03575442,Portugal
NCT01934348,United States
NCT03549455,United States
NCT05266443,Malaysia
NCT01110343,United States
NCT04327843,Tanzania
NCT03916315,Mexico
NCT05296915,Italy
NCT06390735,Eswatini
NCT02176408,United States
NCT02407808,United States
NCT03421808,United States
NCT05916417,United States
NCT02804568,United States
NCT05301374,Turkey (Türkiye)
NCT05137197,Belgium
NCT05137197,Switzerland
NCT05137197,France
NCT05117710,United Kingdom
NCT02463110,France
NCT03762460,Canada
NCT04459260,Sweden
NCT06322420,Iceland
NCT01083823,Canada
NCT05268809,United States
NCT02834299,Canada
NCT03822598,Norway
NCT06770998,United States
NCT06867549,United States
NCT01234558,United States
NCT06844058,Turkey (Türkiye)
NCT06544408,United States
NCT06562608,United States
NCT05887115,United States
NCT03199625,China
NCT03675776,Slovakia
NCT03675776,Japan
NCT03675776,Russia
NCT03675776,Poland
NCT03675776,Hungary
NCT06307340,United States
NCT06682689,Germany
NCT04700774,Denmark
NCT02400918,Canada
NCT03889418,United States
NCT01533610,United States
NCT01468610,Canada
NCT06174116,United States
NCT07172152,United States
NCT03209778,France
NCT06045078,United States
NCT04277585,United States
NCT03892915,Uganda
NCT03093376,United States
NCT05348317,United States
NCT03906682,United States
NCT03849924,United Kingdom
NCT06282523,United States
NCT06271759,Romania
NCT05027880,Hong Kong
NCT06097221,Denmark
NCT03321006,United States
NCT03343106,United States
NCT06121284,Canada
NCT07130084,United Kingdom
NCT06892847,Canada
NCT02373358,Canada
NCT02373358,United States
NCT07540715,Turkey (Türkiye)
NCT06502717,United States
NCT02620150,United States
NCT05402150,Germany
NCT05942391,Netherlands
NCT03767491,United States
NCT07096791,China
NCT02272010,United States
NCT03811860,Canada
NCT01915160,United States
NCT06860724,United States
NCT05731414,Canada
NCT02760004,United States
NCT01562184,Australia
NCT01562184,United States
NCT03708549,China
NCT02886858,France
NCT03649685,China
NCT01851915,Sweden
NCT01256008,China
NCT05523817,United States
NCT02541968,Sweden
NCT03796091,United States
NCT05861518,Turkey (Türkiye)
NCT06548490,United States
NCT04191720,United States
NCT01967420,United Kingdom
NCT06109493,Spain
NCT04088448,Egypt
NCT07055178,Canada
NCT01361815,Canada
NCT01361815,Germany
NCT01361815,Israel
NCT01361815,United States
NCT03246789,United States
NCT04111874,United States
NCT07145918,United States
NCT07048990,Ukraine
NCT06540313,China
NCT02273206,United States
NCT05000255,Germany
NCT03126526,United Kingdom
NCT05487885,United States
NCT06037785,United States
NCT03160443,France
NCT02111915,Pakistan
NCT05838625,United States
NCT06954025,Netherlands
NCT01731717,Germany
NCT05157789,Turkey (Türkiye)
NCT06223191,Honduras
NCT03572790,United Kingdom
NCT06021197,Taiwan
NCT05398016,United States
NCT03740204,United States
NCT03243149,United States
NCT05910749,Puerto Rico
NCT01627548,United States
NCT05324085,Norway
NCT03556735,Denmark
NCT04832425,Australia
NCT04832425,United States
NCT02942368,United States
NCT02600091,United Kingdom
NCT06377891,Turkey (Türkiye)
NCT04409821,Denmark
NCT01979133,United States
NCT03390933,United States
NCT04170738,United States
NCT05217758,Netherlands
NCT03775148,Hong Kong
NCT06442826,Spain
NCT06407635,United States
NCT06511908,United States
NCT05621408,Norway
NCT05198908,Turkey (Türkiye)
NCT01371708,United States
NCT01371708,Chile
NCT07835191,Egypt
NCT04062214,United States
NCT04887116,United States
NCT03163706,France
NCT06559306,Mexico
NCT06559306,Slovakia
NCT06559306,United States
NCT06559306,Romania
NCT06559306,Colombia
NCT06559306,Czechia
NCT06559306,Poland
NCT06559306,Argentina
NCT06559306,Serbia
NCT06559306,Brazil
NCT06559306,Spain
NCT06559306,Sweden
NCT06559306,Turkey (Türkiye)
NCT06559306,Portugal
NCT06559306,Bulgaria
NCT06559306,Italy
NCT04329533,United States
NCT06971549,Hong Kong
NCT07059143,China
NCT03928808,United States
NCT05160376,Hong Kong
NCT06992791,United States
NCT01549041,United States
NCT04693351,Canada
NCT04693351,Netherlands
NCT04693351,United States
NCT04693351,China
NCT04693351,Spain
NCT04693351,United Kingdom
NCT04693351,Italy
NCT00989053,Israel
NCT04504175,Canada
NCT04504175,United States
NCT06823557,Portugal
NCT06466057,China
NCT03583801,France
NCT01694628,United States
NCT07099365,United Kingdom
NCT05882565,Indonesia
NCT03980067,United States
NCT06804967,United States
NCT05151900,Canada
NCT06872164,United States
NCT04924166,Israel
NCT04924166,United States
NCT01093053,United States
NCT02542475,United States
NCT06800001,Pakistan
NCT05686512,Sweden
NCT03016481,United States
NCT06243419,Turkey (Türkiye)
NCT01805128,France
NCT01149265,United Kingdom
NCT04992767,United States
NCT01263067,United States
NCT06816511,Taiwan
NCT01226511,Mexico
NCT01226511,United States
NCT01226511,South Africa
NCT06040411,Turkey (Türkiye)
NCT06349369,India
NCT05543083,United States
NCT06138054,United States
NCT02059005,United States
NCT07000994,Germany
NCT05714956,United States
NCT04853056,Turkey (Türkiye)
NCT03756129,United States
NCT03756129,Spain
NCT05749939,United States
NCT06932575,Turkey (Türkiye)
NCT03626181,Canada
NCT07304219,Norway
NCT06928428,Sweden
NCT06672666,United States
NCT01597856,United States
NCT05657431,Turkey (Türkiye)
NCT03147053,China
NCT06825637,United States
NCT05967195,United States
NCT03260257,United States
NCT06996457,Turkey (Türkiye)
NCT01860157,Canada
NCT05362981,France
NCT07848919,Spain
NCT05274230,United States
NCT06019767,United States
NCT05594667,Canada
NCT04586192,United States
NCT07239011,Egypt
NCT04841031,Democratic Republic of the Congo
NCT01060553,United States
NCT06089772,Turkey (Türkiye)
NCT05555875,United States
NCT01342757,United States
NCT06891612,France
NCT05156112,United States
NCT03692130,Germany
NCT06943430,Turkey (Türkiye)
NCT07302165,Denmark
NCT04592965,Switzerland
NCT04592965,Spain
NCT02872467,United States
NCT03749967,United States
NCT01956344,United States
NCT05184556,United States
NCT05373329,United States
NCT04599231,South Korea
NCT03864653,United States
NCT03852745,Canada
NCT01198795,United States
NCT03646539,United States
NCT03182101,United States
NCT06807801,Sweden
NCT05031728,Egypt
NCT04739865,Ireland
NCT04739865,United States
NCT01967667,United States
NCT01357967,South Korea
NCT01211756,United States
NCT01959022,United States
NCT03504722,United States
NCT01742351,Sweden
NCT02644629,Israel
NCT03418129,United States
NCT06035731,France
NCT03458702,United States
NCT03709472,United States
NCT06729957,United States
NCT05776719,United States
NCT04278365,United States
NCT04973800,United Kingdom
NCT04716400,Norway
NCT03145792,United States
NCT05301036,United States
NCT01488539,United States
NCT02436239,Canada
NCT02436239,United States
NCT04419077,France
NCT04726475,United States
NCT02783430,France
NCT04678128,United States
NCT01863628,China
NCT04388800,Hong Kong
NCT02950571,Canada
NCT05486234,United States
NCT06723834,United States
NCT04289298,United States
NCT02009163,Canada
NCT02009163,United States
NCT02009163,Germany
NCT02009163,Spain
NCT02009163,Sweden
NCT02766192,United States
NCT02696109,United States
NCT01360632,Canada
NCT01360632,United States
NCT01360632,Romania
NCT01360632,Germany
NCT01360632,Russia
NCT01360632,Hungary
NCT01360632,Ukraine
NCT05735587,United States
NCT05121116,United Kingdom
NCT04615416,United States
NCT05188833,Turkey (Türkiye)
NCT07809958,United States
NCT03649958,United States
NCT01990755,Italy
NCT04066985,United States
NCT04967378,Portugal
NCT01997008,United States
NCT03062540,United States
NCT04496934,Norway
NCT04376021,United States
NCT07399314,Pakistan
NCT03615014,France
NCT05663749,India
NCT07836348,Israel
NCT04813978,Nepal
NCT03287778,United States
NCT05249543,Sweden
NCT01274715,United States
NCT06526208,United States
NCT06799325,Turkey (Türkiye)
NCT03164876,United Kingdom
NCT01339689,United States
NCT01266174,United States
NCT04861597,United States
NCT07102810,United States
NCT06651320,Israel
NCT01579682,United States
NCT07528482,Turkey (Türkiye)
NCT04957680,South Korea
NCT01903096,Spain
NCT02308462,Germany
NCT02308462,Switzerland
NCT03160586,Egypt
NCT05915013,United States
NCT03129360,United States
NCT04569760,Canada
NCT03538860,United States
NCT03203720,United States
NCT02696824,United States
NCT02696824,South Africa
NCT02371980,United States
NCT05139862,Canada
NCT04040062,United States
NCT06634446,France
NCT05806788,United States
NCT01438242,United States
NCT06463470,Australia
NCT03954483,Canada
NCT03567083,Turkey (Türkiye)
NCT07030374,Turkey (Türkiye)
NCT01935050,United States
NCT01833897,United States
NCT03189810,Canada
NCT02372110,United States
NCT05920460,Egypt
NCT05823324,Turkey (Türkiye)
NCT06188923,United States
NCT02796859,United States
NCT02684279,United States
NCT05391503,United States
NCT04638842,Mexico
NCT02840942,United States
NCT02197286,United States
NCT06066983,United States
NCT01628783,Finland
NCT02872454,United States
NCT04576754,United States
NCT03047005,United States
NCT05656066,Turkey (Türkiye)
NCT01929889,United States
NCT02246413,United States
NCT05159713,United States
NCT01929720,United States
NCT02911324,United States
NCT03114488,United States
NCT04267003,United States
NCT07166289,United States
NCT06564818,United States
NCT05594810,Netherlands
NCT05700760,United States
NCT01551979,United States
NCT05528146,Taiwan
NCT06196346,Israel
NCT03542903,France
NCT02422303,United States
NCT01682161,South Korea
NCT04766242,Norway
NCT01386086,Canada
NCT02918370,United States
NCT04925570,United States
NCT05816083,United States
NCT05889741,United States
NCT01305408,Slovakia
NCT01305408,United States
NCT01305408,Finland
NCT01305408,South Africa
NCT01305408,Croatia
NCT01305408,Germany
NCT01305408,Poland
NCT01305408,Argentina
NCT01305408,Hungary
NCT01305408,Serbia
NCT01305408,Brazil
NCT01305408,Bulgaria
NCT01305408,Ukraine
NCT01305408,Italy
NCT04689568,United States
NCT01576510,United States
NCT05560113,United States
NCT01151982,Spain
NCT02020824,France
NCT05000879,United States
NCT02615197,United States
NCT07003997,United States
NCT06628323,Denmark
NCT06132659,United States
NCT02127879,Czechia
NCT03913988,United States
NCT02859103,Canada
NCT05324527,Turkey (Türkiye)
NCT03955250,United States
NCT05762250,Germany
NCT04583774,United States
NCT05051618,United States
NCT03132597,Brazil
NCT05658510,United States
NCT04761510,Israel
NCT03600610,France
NCT01525524,Brazil
NCT05894980,France
NCT03821779,France
NCT03837379,United States
NCT05632770,United States
NCT01571011,United States
NCT03591211,Hong Kong
NCT04975009,United States
NCT01928043,Canada
NCT06197243,United States
NCT07115615,China
NCT03838835,United States
NCT04825535,Canada
NCT02459925,United States
NCT04052568,United States
NCT02524171,United States
NCT03602716,China
NCT05563649,Canada
NCT05563649,United States
NCT02283385,United States
NCT03528135,United States
NCT06132425,United States
NCT01965925,United States
NCT05708976,United States
NCT05329376,Brazil
NCT04070417,Hong Kong
NCT01981317,United States
NCT06475040,China
NCT04768621,Reunion
NCT05127733,Canada
NCT06303843,Turkey (Türkiye)
NCT06387108,Germany
NCT06163625,Canada
NCT05006976,Norway
NCT03040076,United States
NCT01394250,United States
NCT02057991,United States
NCT01189318,South Korea
NCT06804018,Turkey (Türkiye)
NCT04150718,United States
NCT03887910,United States
NCT06708013,Turkey (Türkiye)
NCT01590524,Cyprus
NCT01543724,South Korea
NCT05237999,Netherlands
NCT05990699,Egypt
NCT04000399,United States
NCT05221632,China
NCT01325532,United States
NCT05837598,United States
NCT01325363,Israel
NCT06486584,United States
NCT07189715,Poland
NCT06677515,Norway
NCT04254068,United States
NCT02371291,United Kingdom
NCT06551974,Italy
NCT03965897,United States
NCT03371810,Germany
NCT03371810,United Kingdom
NCT03371810,Netherlands
NCT03371810,Spain
NCT01550913,United States
NCT05307224,Turkey (Türkiye)
NCT04655924,Canada
NCT04655924,United States
NCT03519698,Germany
NCT01310998,Norway
NCT05712187,United States
NCT06086015,United States
NCT02085135,Canada
NCT02085135,United States
NCT01123317,United States
NCT06629740,Netherlands
NCT06691789,Turkey (Türkiye)
NCT06695650,Turkey (Türkiye)
NCT02793518,France
NCT06118918,Jordan
NCT04007718,United Kingdom
NCT02572674,France
NCT06259318,India
NCT05145413,Japan
NCT05145413,United States
NCT05145413,Romania
NCT05145413,Poland
NCT05145413,India
NCT05145413,Serbia
NCT05145413,Bulgaria
NCT05145413,United Kingdom
NCT01646463,United States
NCT05897021,United States
NCT02733614,United States
NCT01091506,United States
NCT03705143,China
NCT02039843,United States
NCT02884908,United States
NCT07165925,Hong Kong
NCT02178176,United States
NCT05486676,Netherlands
NCT07031817,France
NCT01687140,United States
NCT04957368,Canada
NCT07307768,United States
NCT03944850,United States
NCT06605274,Turkey (Türkiye)
NCT04421690,United States
NCT07078097,Indonesia
NCT06418997,United States
NCT01371110,United States
NCT03941990,France
NCT07095387,Canada
NCT04697693,United States
NCT03789084,United States
NCT02622048,United Kingdom
NCT04232878,United States
NCT05935735,United States
NCT02156908,United States
NCT04252508,France
NCT03661125,United Kingdom
NCT03062150,Germany
NCT03484390,United States
NCT02723097,United States
NCT06978855,Lebanon
NCT05284435,United States
NCT01194076,United States
NCT05964998,United States
NCT05509998,United States
NCT01628263,United Kingdom
NCT04844138,Canada
NCT05484258,United States
NCT04179526,Romania
NCT04334278,United States
NCT01738308,United States
NCT02920840,Germany
NCT03460574,Germany
NCT03152409,United States
NCT05501132,Iran
NCT05119699,Canada
NCT05732298,Germany
NCT05762887,Brazil
NCT05728021,Germany
NCT03843333,United States
NCT07113548,Denmark
NCT01744548,United Kingdom
NCT01748955,United States
NCT02097355,United States
NCT07399626,Romania
NCT05252026,Spain
NCT04289415,Norway
NCT01595568,Canada
NCT06648668,United States
NCT03262350,United States
NCT03092050,United States
NCT02954250,Canada
NCT02847533,France
NCT04929938,Spain
NCT02520726,United States
NCT05264415,United States
NCT02871076,United States
NCT06505668,India
NCT06772987,United States
NCT02817438,United States
NCT07737808,Turkey (Türkiye)
NCT06096740,United States
NCT07071350,United States
NCT04877197,United States
NCT05612659,United States
NCT05583162,Norway
NCT06758362,Turkey (Türkiye)
NCT02807688,Italy
NCT04185727,Denmark
NCT02476370,Germany
NCT02270073,Germany
NCT01413854,Sweden
NCT05380466,Turkey (Türkiye)
NCT02286466,United States
NCT02977403,United States
NCT04235686,United States
NCT05597241,United States
NCT04638231,Canada
NCT01312922,Canada
NCT01312922,United States
NCT04486222,Taiwan
NCT06429722,United States
NCT04694261,Pakistan
NCT04250441,United States
NCT05662254,United States
NCT06385405,China
NCT06894394,Spain
NCT05142683,Canada
NCT06278922,United States
NCT03608137,France
NCT05186272,United States
NCT02876172,United States
NCT05123872,Germany
NCT04740879,United States
NCT06001346,United States
NCT05325788,United States
NCT06248203,India
NCT04107870,France
NCT04850183,Turkey (Türkiye)
NCT03008005,United States
NCT03318666,United States
NCT03325556,Slovakia
NCT03325556,United States
NCT03325556,Czechia
NCT03325556,Germany
NCT03325556,Poland
NCT03325556,Chile
NCT03325556,United Kingdom
NCT03325556,Serbia
NCT03325556,Spain
NCT03325556,Bulgaria
NCT03325556,Ukraine
NCT03325556,Italy
NCT03325556,France
NCT07185451,China
NCT03953729,Brazil
NCT02418702,United States
NCT06506253,United States
NCT02338453,Israel
NCT01524380,China
NCT05679362,Netherlands
NCT01512303,United States
NCT01626703,South Korea
NCT07245641,United States
NCT06410794,Norway
NCT06434766,China
NCT04348851,United States
NCT01464229,United States
NCT06830837,Turkey (Türkiye)
NCT06848777,Turkey (Türkiye)
NCT03439813,United Kingdom
NCT07077759,Hong Kong
NCT06833788,France
NCT02351388,Japan
NCT05313542,Hong Kong
NCT06016673,United States
NCT04425473,China
NCT06887569,India
NCT01966705,Sweden
NCT04648605,France
NCT05981794,United States
NCT07550556,Italy
NCT06882629,Netherlands
NCT03256162,Ireland
NCT01561742,United States
NCT03995186,United Kingdom
NCT04626570,France
NCT02365870,United States
NCT03043573,United States
NCT07022873,Turkey (Türkiye)
NCT05165394,Puerto Rico
NCT05165394,United States
NCT02191553,Spain
NCT04603053,United States
NCT06294353,South Korea
NCT02283437,Hong Kong
NCT01636037,Canada
NCT05334537,Turkey (Türkiye)
NCT01672437,Denmark
NCT02824445,United States
NCT01526395,India
NCT02969382,United States
NCT02969382,Romania
NCT02969382,Russia
NCT02969382,Hungary
NCT02969382,Ukraine
NCT05662423,United States
NCT06809179,United States
NCT06567496,United States
NCT03739203,Canada
NCT03739203,Puerto Rico
NCT03739203,Slovakia
NCT03739203,United States
NCT03739203,Finland
NCT03739203,Czechia
NCT03739203,Poland
NCT03739203,Serbia
NCT06714942,United States
NCT03299166,United States
NCT05187156,United States
NCT05555056,Canada
NCT04822051,Turkey (Türkiye)
NCT03248167,United States
NCT02701361,United States
NCT05097586,Canada
NCT03932773,United States
NCT05522673,United States
NCT05178966,France
NCT01941251,Finland
NCT02972853,United States
NCT01633437,United States
NCT02090595,United States
NCT02922439,United States
NCT01410357,United States
NCT05359081,Japan
NCT06219681,United States
NCT02586688,United States
NCT06898788,United States
NCT05596903,Turkey (Türkiye)
NCT06189027,United States
NCT01548742,United States
NCT04664270,Canada
NCT07776769,Turkey (Türkiye)
NCT01623583,United States
NCT00928941,United States
NCT06627894,United States
NCT04161066,United States
NCT04323566,Sweden
NCT06683456,Portugal
NCT01813656,China
NCT06176456,Russia
NCT06702722,Malawi
NCT01459029,Israel
NCT07064629,Czechia
NCT02867631,United States
NCT05220202,United States
NCT02659475,United States
NCT04238312,Egypt
NCT05866042,Italy
NCT05143983,France
NCT04019054,United States
NCT01775605,United States
NCT04913194,United States
NCT01066156,United States
NCT06431022,United States
NCT01932931,Denmark
NCT03708172,Canada
NCT07763977,China
NCT06697275,France
NCT02796612,Switzerland
NCT02216981,United Kingdom
NCT05576883,Netherlands
NCT04563741,United States
NCT03874494,China
NCT02101372,Spain
NCT01564719,United States
NCT06312241,Germany
NCT05847231,Turkey (Türkiye)
NCT02623231,Israel
NCT05524402,United States
NCT03238872,Norway
NCT02809677,United States
NCT06921512,China
NCT06911112,Slovakia
NCT06911112,United States
NCT06911112,Romania
NCT06911112,Lithuania
NCT06911112,Bulgaria
NCT03874130,United States
NCT03207828,Chile
NCT07081451,Turkey (Türkiye)
NCT03413631,Finland
NCT02341131,Spain
NCT04481737,United States
NCT05980845,Turkey (Türkiye)
NCT02223845,United Kingdom
NCT01244477,United States
NCT05446857,United States
NCT05829681,United States
NCT04956081,United States
NCT05929183,China
NCT06659094,China
NCT03212794,United States
NCT06244329,Hong Kong
NCT06949202,Turkey (Türkiye)
NCT03375853,United States
NCT07492537,Italy
NCT04152772,United States
NCT02191995,United States
NCT01328639,Canada
NCT06706739,China
NCT05047081,United States
NCT06488729,Turkey (Türkiye)
NCT02267629,United States
NCT07066631,Canada
NCT02752945,United Kingdom
NCT05345977,Spain
NCT02267057,Norway
NCT04826601,Taiwan
NCT06781801,Sweden
NCT03414112,United States
NCT04980781,Norway
NCT04985331,United States
NCT02831153,Turkey (Türkiye)
NCT02679053,Switzerland
NCT03319953,United Kingdom
NCT04424745,United Kingdom
NCT03569475,United States
NCT02057081,United States
NCT04666831,Canada
NCT02900053,France
NCT04497857,United States
NCT05360901,United States
NCT04558112,United States
NCT02164981,United States
NCT05481099,Portugal
NCT02484599,United Kingdom
NCT01410721,United States
NCT01190514,Belgium
NCT01919216,United States
NCT02072304,South Korea
NCT03473704,Spain
NCT01983904,Canada
NCT01644747,France
NCT03278938,United States
NCT06546358,Canada
NCT01291511,India
NCT01291511,Ukraine
NCT01291511,United States
NCT02572921,Austria
NCT06963112,China
NCT04035681,United States
NCT03332381,Norway
NCT04998565,Taiwan
NCT07681765,Denmark
NCT02013609,United States
NCT05924399,United States
NCT06229132,United States
NCT05683132,United States
NCT04541563,United States
NCT03446963,United Kingdom
NCT04951193,United States
NCT02407652,Belgium
NCT07333365,Singapore
NCT04063267,United States
NCT04934007,France
NCT04169971,Cambodia
NCT05450432,United States
NCT05203198,United States
NCT02529163,Canada
NCT05816421,United States
NCT06962514,South Korea
NCT07272304,Turkey (Türkiye)
NCT06745349,Canada
NCT05685511,United States
NCT03022071,Norway
NCT01812187,United States
NCT06334887,Spain
NCT04972006,United States
NCT05627206,Zambia
NCT04728204,Lithuania
NCT02290847,United States
NCT03866252,Switzerland
NCT04719949,United States
NCT02232438,United States
NCT03079336,Switzerland
NCT06474936,Italy
NCT03621371,Sweden
NCT02158663,United States
NCT05450614,Brazil
NCT01278316,United States
NCT04715906,United States
NCT05747092,Belgium
NCT05533398,Turkey (Türkiye)
NCT02850393,France
NCT05110014,United States
NCT04027933,Turkey (Türkiye)
NCT03237052,China
NCT03518749,Germany
NCT06559826,United States
NCT05656430,Sweden
NCT05457465,United States
NCT01356667,United States
NCT07076407,Slovakia
NCT07076407,United States
NCT07076407,Finland
NCT07076407,Romania
NCT07076407,Germany
NCT07076407,Poland
NCT07076407,Spain
NCT05976009,China
NCT07704632,Canada
NCT07156747,Turkey (Türkiye)
NCT05815121,France
NCT06938997,Taiwan
NCT02274688,United States
NCT03024203,Canada
NCT04226742,United States
NCT06209541,Sweden
NCT01254305,United States
NCT03241056,Canada
NCT04299256,Turkey (Türkiye)
NCT01051466,United Kingdom
NCT02930005,United States
NCT04559529,United States
NCT05286645,China
NCT01595477,Israel
NCT03623477,United States
NCT07017881,Turkey (Türkiye)
NCT04632719,Brazil
NCT06286202,Singapore
NCT07638202,Mexico
NCT01924039,Canada
NCT02877875,United States
NCT07152665,Turkey (Türkiye)
NCT03949465,Canada
NCT05267665,United States
NCT05863065,Italy
NCT06148454,Hong Kong
NCT05221151,Egypt
NCT05814653,United States
NCT06599372,France
NCT01153139,Germany
NCT05650177,United Kingdom
NCT06866301,Spain
NCT03827057,United States
NCT05540041,Turkey (Türkiye)
NCT04574466,Switzerland
NCT01399502,Australia
NCT06746337,United States
NCT04233853,Switzerland
NCT03356639,United States
NCT04815681,Greece
NCT04815681,United States
NCT02153281,Canada
NCT01449981,United States
NCT06623981,United States
NCT06788119,Spain
NCT07768319,China
NCT06649994,Spain
NCT03801551,France
NCT06756529,Turkey (Türkiye)
NCT06523439,United States
NCT06190483,United Kingdom
NCT07120841,Iran
NCT05194722,United States
NCT02222012,Israel
NCT05312151,United Kingdom
NCT05312151,United States
NCT04679753,Canada
NCT04021537,United States
NCT03402672,United States
NCT01703039,United States
NCT01460212,China
NCT06427928,Turkey (Türkiye)
NCT07072728,Australia
NCT04452500,United States
NCT02570594,France
NCT07118722,United States
NCT04509102,United States
NCT03830372,Poland
NCT03830372,Italy
NCT02218775,United States
NCT01588457,United States
NCT06007612,Israel
NCT01658228,United States
NCT06518642,Hong Kong
NCT05555186,Iceland
NCT03468686,Iran
NCT01081769,Slovakia
NCT01081769,South Korea
NCT01081769,Hungary
NCT01081769,Lithuania
NCT01081769,Israel
NCT01081769,South Africa
NCT01081769,Romania
NCT01081769,Croatia
NCT01081769,Spain
NCT01081769,Bulgaria
NCT01081769,Egypt
NCT01081769,Estonia
NCT01081769,Germany
NCT01081769,Poland
NCT01081769,Russia
NCT01081769,Taiwan
NCT01081769,Turkey (Türkiye)
NCT01081769,Jordan
NCT01081769,Belgium
NCT01081769,Ukraine
NCT01081769,United Kingdom
NCT01081769,France
NCT01081769,Czechia
NCT01081769,Austria
NCT01081769,Greece
NCT02395094,Canada
NCT03719651,Norway
NCT02120937,United States
NCT06267196,Turkey (Türkiye)
NCT02353546,Canada
NCT01875861,United States
NCT02782442,United States
NCT05064254,Canada
NCT05818969,United States
NCT02560805,United States
NCT07530822,Turkey (Türkiye)
NCT02239822,Brazil
NCT06768359,Indonesia
NCT02015546,United States
NCT02016261,Russia
NCT04696770,Canada
NCT02070783,Netherlands
NCT01781013,United States
NCT04935723,Turkey (Türkiye)
NCT01521442,United States
NCT04837573,United States
NCT06929273,Slovakia
NCT06929273,Argentina
NCT06929273,Hungary
NCT06929273,Israel
NCT06929273,Romania
NCT06929273,Croatia
NCT06929273,India
NCT06929273,Australia
NCT06929273,Spain
NCT06929273,Bulgaria
NCT06929273,Italy
NCT06929273,China
NCT06929273,Denmark
NCT06929273,Japan
NCT06929273,United States
NCT06929273,Poland
NCT06929273,Ukraine
NCT06929273,Sweden
NCT06929273,France
NCT06929273,New Zealand
NCT02630069,South Korea
NCT04556331,United Kingdom
NCT03712410,United States
NCT04225624,United States
NCT05223959,Pakistan
NCT06868446,United States
NCT06534086,Canada
NCT03684473,Canada
NCT05673941,Sweden
NCT05936905,United States
NCT04373590,United States
NCT01496690,Denmark
NCT02493010,Singapore
NCT05041660,United States
NCT03526523,Canada
NCT03140124,United States
NCT03014362,United States
NCT04982042,Brazil
NCT06271642,United States
NCT04030169,Norway
NCT04030169,Netherlands
NCT04030169,Germany
NCT04030169,Czechia
NCT04030169,United Kingdom
NCT05838560,United States
NCT06032182,Ireland
NCT07051096,Canada
NCT05333627,Canada
NCT06249386,United States
NCT03630783,Turkey (Türkiye)
NCT01914393,Mexico
NCT01914393,Puerto Rico
NCT01914393,United States
NCT01914393,Romania
NCT01914393,Colombia
NCT01914393,Poland
NCT01914393,Philippines
NCT01914393,Russia
NCT01914393,South Korea
NCT01914393,Hungary
NCT01914393,Malaysia
NCT01914393,Spain
NCT01914393,Bulgaria
NCT01914393,Ukraine
NCT01914393,France
NCT04988516,Canada
NCT05188547,Netherlands
NCT06856148,United States
NCT01607125,United Kingdom
NCT06831435,China
NCT03415620,Singapore
NCT06242080,United States
NCT04759196,Canada
NCT02037503,Israel
NCT05457127,United States
NCT06602973,United States
NCT05751473,United States
NCT02830399,France
NCT07649187,Taiwan
NCT05133804,Israel
NCT06748833,Canada
NCT06112652,China
NCT02363738,Canada
NCT02363738,United States
NCT06698848,United States
NCT05986578,United States
NCT05537285,United States
NCT07021625,Taiwan
NCT02099825,United States
NCT06401018,Turkey (Türkiye)
NCT07640490,China
NCT02216097,United States
NCT04759313,United States
NCT01907282,Canada
NCT01907282,United States
NCT03504579,United States
NCT01906905,Australia
NCT02016456,United Kingdom
NCT06282029,Germany
NCT04721353,United States
NCT05008939,China
NCT07143539,Switzerland
NCT04838912,Denmark
NCT05183230,United States
NCT06136936,United States
NCT04418011,Canada
NCT04418011,United States
NCT01996644,United States
NCT05506839,United States
NCT01012167,United States
NCT05257044,United States
NCT03272698,Canada
NCT02748083,China
NCT03395353,Japan
NCT01457677,Canada
NCT01457677,Slovakia
NCT01457677,United States
NCT01457677,South Africa
NCT01457677,Germany
NCT01457677,Russia
NCT01457677,Austria
NCT01457677,Ukraine
NCT05285501,Poland
NCT06810830,Turkey (Türkiye)
NCT04279522,Israel
NCT04279522,United States
NCT02160431,United States
NCT03271645,Ireland
NCT03606395,United States
NCT03552328,United States
NCT06537128,United States
NCT03701100,Taiwan
NCT06804629,Ireland
NCT03234881,United States
NCT06698081,Turkey (Türkiye)
NCT02671292,United States
NCT04309877,United States
NCT06128512,Vietnam
NCT03548519,Belgium
NCT06218030,Canada
NCT04731792,France
NCT01761383,Canada
NCT02749253,Canada
NCT05336253,United States
NCT02880995,South Korea
NCT06372639,Israel
NCT05481957,China
NCT05942495,Netherlands
NCT02283281,Israel
NCT02044211,United States
NCT03388177,Netherlands
NCT07286175,Mexico
NCT07286175,Puerto Rico
NCT07286175,Japan
NCT07286175,United States
NCT07286175,Argentina
NCT07286175,India
NCT07286175,Brazil
NCT07286175,China
NCT05700201,United States
NCT04834765,United States
NCT03616665,Germany
NCT05426967,United States
NCT07059234,Switzerland
NCT03515564,United States
NCT07180537,United States
NCT02332239,United States
NCT04687501,Netherlands
NCT02096900,United States
NCT07038109,Turkey (Türkiye)
NCT05427981,United States
NCT03142919,United States
NCT02586064,United States
NCT02938598,United States
NCT03487198,China
NCT01992393,United States
NCT04148521,United States
NCT01663844,Sweden
NCT01899534,Canada
NCT07116109,United States
NCT03279393,United States
NCT02287584,Japan
NCT02287584,Russia
NCT02287584,Philippines
NCT02287584,South Korea
NCT02287584,Taiwan
NCT02287584,Malaysia
NCT02287584,Ukraine
NCT02287584,China
NCT02300584,United States
NCT04424407,United States
NCT07250971,Turkey (Türkiye)
NCT07069634,Turkey (Türkiye)
NCT05500599,Egypt
NCT03347487,China
NCT04564014,Hong Kong
NCT07173192,Turkey (Türkiye)
NCT06668571,United States
NCT04571814,United States
NCT04274114,Mexico
NCT04540471,Taiwan
NCT01229709,United States
NCT04629898,Taiwan
NCT03431493,United States
NCT06139614,United States
NCT05082506,Cyprus
NCT06558201,United States
NCT02074319,Pakistan
NCT04703530,Taiwan
NCT04925765,United States
NCT05172271,United States
NCT01406899,United States
NCT02137044,United States
NCT06999564,Turkey (Türkiye)
NCT06934109,United Kingdom
NCT02977299,Canada
NCT02977299,United States
NCT01938963,United States
NCT01938963,China
NCT05794763,United States
NCT04790630,United States
NCT07212465,Canada
NCT06021236,Taiwan
NCT05232734,Singapore
NCT01726764,Denmark
NCT03061864,United States
NCT04385732,Australia
NCT04386798,Turkey (Türkiye)
NCT02136212,United States
NCT02950636,United States
NCT03737864,United States
NCT05204264,Spain
NCT06072209,Germany
NCT02317432,Puerto Rico
NCT02317432,United States
NCT07105345,Taiwan
NCT01469377,Slovakia
NCT01469377,Estonia
NCT01469377,United States
NCT01469377,Finland
NCT01469377,Ukraine
NCT01469377,Sweden
NCT01052077,United States
NCT04926675,United Kingdom
NCT01111565,Canada
NCT01111565,United States
NCT01111565,South Africa
NCT01111565,Croatia
NCT01111565,Poland
NCT01111565,Hungary
NCT01111565,Malaysia
NCT01111565,India
NCT01111565,Spain
NCT01111565,Sweden
NCT01111565,France
NCT06497400,United States
NCT04844034,United Kingdom
NCT07018999,Hong Kong
NCT03497663,Denmark
NCT05703698,Canada
NCT04278521,United States
NCT02749721,United States
NCT04662021,Egypt
NCT05345184,United States
NCT04961047,United States
NCT05845892,Turkey (Türkiye)
NCT04000009,Slovakia
NCT04000009,United States
NCT04000009,Finland
NCT04000009,South Africa
NCT04000009,Russia
NCT04000009,Poland
NCT04000009,United Kingdom
NCT04000009,Serbia
NCT04000009,Ukraine
NCT04404621,United States
NCT05100004,United States
NCT01903538,Germany
NCT05099744,Portugal
NCT05542264,United States
NCT03982563,India
NCT05467787,United States
NCT06183333,Germany
NCT05780138,United States
NCT07462936,Turkey (Türkiye)
NCT02732964,United States
NCT02063984,United States
NCT02053649,United States
NCT01751828,United States
NCT04433767,United States
NCT05447000,Turkey (Türkiye)
NCT02736136,Switzerland
NCT03302611,United States
NCT07801534,Pakistan
NCT06019299,United States
NCT05840614,Japan
NCT04362306,United States
NCT06026306,Turkey (Türkiye)
NCT04725721,United States
NCT05470465,United States
NCT04103892,Puerto Rico
NCT04103892,United States
NCT03281044,Switzerland
NCT06359314,United States
NCT05341804,Taiwan
NCT04133233,France
NCT06153628,Turkey (Türkiye)
NCT03541707,Israel
NCT03826771,United States
NCT04057534,Germany
NCT01689909,United States
NCT04811521,United States
NCT01391221,Canada
NCT04671628,United States
NCT06825000,United States
NCT03251716,China
NCT03764644,Netherlands
NCT04251234,United States
NCT04472416,Switzerland
NCT04606199,United States
NCT05378399,United States
NCT06898593,United States
NCT06429293,United States
NCT06034821,Canada
NCT06034821,United States
NCT05664516,United States
NCT06318806,Canada
NCT04817436,France
NCT06707636,United States
NCT01253044,United States
NCT06194344,United States
NCT04582734,Denmark
NCT06748209,United States
NCT02239809,Brazil
NCT07107906,Canada
NCT02137616,China
NCT06176001,Denmark
NCT05081830,Mexico
NCT02655692,United States
NCT06288711,United States
NCT01532999,United States
NCT01639872,United States
NCT06273995,United States
NCT02376257,United States
NCT07258719,United States
NCT04081519,Germany
NCT03348930,United States
NCT06243614,China
NCT04630600,Switzerland
NCT07464964,Turkey (Türkiye)
NCT04473599,United States
NCT07682064,Spain
NCT05991232,United States
NCT03917901,United States
NCT03414619,United States
NCT04471207,United States
NCT06910592,Bulgaria
NCT03396744,France
NCT04695132,Sweden
NCT04076839,Canada
NCT05194930,United States
NCT05155228,United States
NCT06881693,Canada
NCT01605253,United States
NCT05265039,United States
NCT05923801,Belgium
NCT04169230,United Kingdom
NCT05015192,China
NCT02956434,United States
NCT06505564,Poland
NCT06505564,Hungary
NCT06505564,Spain
NCT04605198,United States
NCT06470893,United States
NCT04319445,United States
NCT04225130,United States
NCT06462300,Netherlands
NCT02022111,India
NCT06088732,United States
NCT01521013,Canada
NCT02502513,Switzerland
NCT03094260,France
NCT02939560,United States
NCT03870360,United States
NCT04183582,United Kingdom
NCT04445324,Canada
NCT01928823,Germany
NCT03505749,United States
NCT03998748,United States
NCT04629755,United States
NCT06968026,China
NCT05922878,United States
NCT05326178,Germany
NCT02605278,Spain
NCT07201480,Romania
NCT01853579,Netherlands
NCT01853579,Switzerland
NCT02014194,Brazil
NCT04977856,Sweden
NCT05766241,Canada
NCT02172066,Burundi
NCT07458022,Pakistan
NCT05121129,France
NCT07083037,Canada
NCT01874951,United States
NCT03839251,South Korea
NCT01111539,Mexico
NCT01111539,Estonia
NCT01111539,United States
NCT01111539,Finland
NCT01111539,Germany
NCT01111539,South Korea
NCT01111539,Taiwan
NCT01111539,India
NCT01111539,Italy
NCT03064477,Spain
NCT06144203,United States
NCT05137769,United States
NCT06307756,Turkey (Türkiye)
NCT02233556,Taiwan
NCT04130529,Sweden
NCT05934669,United States
NCT07107269,United States
NCT07100041,Turkey (Türkiye)
NCT02850341,Germany
NCT02850341,Austria
NCT04711577,United States
NCT04757675,China
NCT01776112,Germany
NCT05405088,France
NCT01425905,United States
NCT03574766,United States
NCT03233451,China
NCT05246202,United States
NCT03649737,United States
NCT01474837,United Kingdom
NCT06659354,United States
NCT03283254,United States
NCT06043154,France
NCT04731454,Sweden
NCT05327166,United States
NCT02206945,United States
NCT05090839,United States
NCT02047357,Pakistan
NCT06645457,Turkey (Türkiye)
NCT07160062,Turkey (Türkiye)
NCT06644573,United States
NCT04937829,United States
NCT06564402,Germany
NCT05102253,Hong Kong
NCT02573246,United States
NCT06946888,Taiwan
NCT05797142,Turkey (Türkiye)
NCT07450456,Switzerland
NCT03506945,United States
NCT05725239,United States
NCT05065580,United States
NCT03178279,United Kingdom
NCT01738698,United States
NCT05464563,France
NCT04073004,United States
NCT05462184,Spain
NCT03461614,Turkey (Türkiye)
NCT05300633,Canada
NCT01402258,Sweden
NCT05562258,United States
NCT03264248,United States
NCT05966155,United States
NCT03428555,Canada
NCT05346055,United States
NCT05270655,Ethiopia
NCT01066143,United States
NCT03572543,United States
NCT04900064,Sweden
NCT01133587,Norway
NCT04598906,Czechia
NCT05097352,United States
NCT03043833,Canada
NCT01636752,Germany
NCT02553252,Canada
NCT04364958,Spain
NCT06843200,United States
NCT03314792,Norway
NCT06217198,United States
NCT06190184,United States
NCT05799209,United States
NCT02492009,United Kingdom
NCT02992899,United States
NCT04853693,Czechia
NCT00746421,United States
NCT04192058,Brazil
NCT03425487,Spain
NCT06722287,Thailand
NCT04969549,Brazil
NCT02062658,United States
NCT05889078,Canada
NCT06241885,Turkey (Türkiye)
NCT02660099,Sweden
NCT02819349,United States
NCT03674138,United States
NCT04127526,United Kingdom
NCT05571878,Canada
NCT07165821,Thailand
NCT06961838,Turkey (Türkiye)
NCT04940585,United States
NCT01157585,South Korea
NCT05030285,Australia
NCT07561515,Brazil
NCT06854315,Turkey (Türkiye)
NCT06678893,United States
NCT03377816,Israel
NCT03461016,United States
NCT01816204,United States
NCT02310152,United States
NCT04587778,Austria
NCT03425552,Jordan
NCT03926052,United States
NCT05446038,United States
NCT03812458,Brazil
NCT07378748,Indonesia
NCT07094243,Iran
NCT05024149,China
NCT05474248,Taiwan
NCT06597448,Canada
NCT01184443,Canada
NCT06280235,Japan
NCT06280235,United States
NCT06280235,Czechia
NCT06280235,Germany
NCT06280235,Bulgaria
NCT06280235,Belgium
NCT06280235,China
NCT07432204,Italy
NCT04859504,China
NCT01985347,Australia
NCT02685358,United States
NCT05778643,Germany
NCT03708159,Canada
NCT02469259,United States
NCT05179096,Italy
NCT05416762,India
NCT02988024,United States
NCT02919579,Netherlands
NCT03774303,Finland
NCT03048370,Canada
NCT03230890,United States
NCT01595490,Israel
NCT06147297,Hong Kong
NCT01148979,United States
NCT05718661,Turkey (Türkiye)
NCT06398561,Spain
NCT05124470,France
NCT03538873,Brazil
NCT06593873,Turkey (Türkiye)
NCT01800773,United States
NCT06518720,Canada
NCT05131620,Turkey (Türkiye)
NCT04805879,Canada
NCT06633146,Finland
NCT07073027,Canada
NCT03336827,Belgium
NCT01741142,United States
NCT03527186,United States
NCT05241782,Taiwan
NCT02977923,Canada
NCT04948996,United States
NCT04948996,Dominican Republic
NCT02818296,United States
NCT02001103,Taiwan
NCT02376686,Switzerland
NCT02515773,United States
NCT02810197,France
NCT05529797,Germany
NCT07058324,Germany
NCT03751280,United States
NCT07125196,France
NCT02205203,United States
NCT07708974,Turkey (Türkiye)
NCT07474259,Turkey (Türkiye)
NCT04193462,Israel
NCT01564862,United States
NCT01564862,Finland
NCT01564862,Germany
NCT01564862,Poland
NCT01564862,Russia
NCT01564862,Bulgaria
NCT01564862,Ukraine
NCT01196286,United States
NCT02361190,United States
NCT01327690,United States
NCT02752724,United States
NCT04783103,Belgium
NCT01263197,United States
NCT03781297,Canada
NCT07769996,Turkey (Türkiye)
NCT01674361,Canada
NCT01674361,United States
NCT04757961,United States
NCT05268497,United States
NCT05227560,Turkey (Türkiye)
NCT04781179,France
NCT02304796,Israel
NCT02711527,Hong Kong
NCT07113652,China
NCT04629352,India
NCT07086547,Turkey (Türkiye)
NCT06858774,United States
NCT02538796,France
NCT07223346,United States
NCT05098574,Canada
NCT05582980,Taiwan
NCT06240091,United States
NCT04895488,Spain
NCT06338527,China
NCT02356718,Canada
NCT03692910,United States
NCT02309060,United States
NCT06595524,Thailand
NCT03114423,Austria
NCT01263080,China
NCT06455397,Canada
NCT02400710,United States
NCT04031560,Spain
NCT06906224,China
NCT05445180,Canada
NCT05967962,Israel
NCT01361074,Spain
NCT04971291,United States
NCT01869374,United States
NCT05120674,United States
NCT03316846,Sweden
NCT01288690,United States
NCT04714359,Canada
NCT04714359,Israel
NCT04714359,United States
NCT01491880,United States
NCT01770990,Germany
NCT06071390,Turkey (Türkiye)
NCT06874374,United States
NCT06117397,United States
NCT07680959,Taiwan
NCT06653296,United Kingdom
NCT07569458,Denmark
NCT04282915,Nepal
NCT01164059,Germany
NCT01670279,United States
NCT06774196,Saudi Arabia
NCT03003910,Spain
NCT05437588,United States
NCT01834027,United States
NCT03777046,United States
NCT03608462,China
NCT03655262,United States
NCT06832462,Malaysia
NCT01896388,Japan
NCT05833503,Canada
NCT04086446,China
NCT03397446,Canada
NCT04781127,United States
NCT02449746,United Kingdom
NCT05481203,Turkey (Türkiye)
NCT01861847,United States
NCT03439748,United States
NCT06324383,United States
NCT03789994,China
NCT06199622,Turkey (Türkiye)
NCT04448431,Mexico
NCT04448431,Estonia
NCT04448431,Slovakia
NCT04448431,Czechia
NCT04448431,Russia
NCT04448431,Argentina
NCT04448431,Ukraine
NCT04448431,Latvia
NCT04448431,Spain
NCT04448431,Bulgaria
NCT04448431,Belgium
NCT04448431,Sweden
NCT01110902,Puerto Rico
NCT01110902,United States
NCT02841345,France
NCT02805439,Slovakia
NCT02805439,Finland
NCT02805439,Russia
NCT02805439,Czechia
NCT02805439,Hungary
NCT02805439,Bulgaria
NCT02805439,Ukraine
NCT04713501,United States
NCT02725619,United States
NCT07483619,Turkey (Türkiye)
NCT02717130,United States
NCT04735328,Norway
NCT02431728,United States
NCT01435928,Slovakia
NCT01435928,United States
NCT01435928,South Africa
NCT01435928,Russia
NCT01435928,Serbia
NCT01435928,Italy
NCT01435928,France
NCT06782867,China
NCT01898299,United States
NCT04307498,United States
NCT01764698,United States
NCT02453893,China
NCT06157333,Turkey (Türkiye)
NCT05304052,United States
NCT04392947,Germany
NCT02360319,United States
NCT07284667,United States
NCT04721587,Spain
NCT05069987,Netherlands
NCT02110693,United States
NCT07305493,Indonesia
NCT04519892,Canada
NCT04226898,United States
NCT03130998,Canada
NCT03807193,Sweden
NCT02847793,Spain
NCT03707600,United States
NCT01448499,Israel
NCT04678232,United States
NCT01740752,United States
NCT04513912,Canada
NCT04513912,Slovakia
NCT04513912,United States
NCT04513912,Czechia
NCT04513912,Poland
NCT04513912,Russia
NCT04513912,Argentina
NCT04513912,Ukraine
NCT04513912,Latvia
NCT04513912,Malaysia
NCT04513912,United Kingdom
NCT04513912,Serbia
NCT04513912,Lithuania
NCT04513912,Bulgaria
NCT04513912,Belgium
NCT04221230,United States
NCT01201967,United States
NCT01998100,United States
NCT06830044,Czechia
NCT06830044,Bulgaria
NCT06830044,Poland
NCT06830044,United States
NCT05327699,United States
NCT05192304,China
NCT04518007,Israel
NCT05746507,United States
NCT05523492,Canada
NCT03858933,United States
NCT04334733,Turkey (Türkiye)
NCT01506492,Canada
NCT03511534,United States
NCT03848234,Moldova
NCT05510921,Brazil
NCT05038514,Turkey (Türkiye)
NCT04985838,United Kingdom
NCT07105111,United States
NCT05347199,Germany
NCT06408714,United States
NCT01049516,United States
NCT01594606,United States
NCT03808467,Norway
NCT04714164,Canada
NCT07003763,China
NCT02081287,United States
NCT07550387,China
NCT06455293,United States
NCT04506216,France
NCT04284267,United States
NCT02624167,India
NCT02624167,United States
NCT03090867,France
NCT01641900,United States
NCT07348900,Turkey (Türkiye)
NCT02398292,United States
NCT04461119,India
NCT04461119,United States
NCT06625567,Israel
NCT05351736,Italy
NCT03272516,Iceland
NCT05271084,Iraq
NCT06648655,United States
NCT04783285,Portugal
NCT06057415,Netherlands
NCT05142735,Canada
NCT04730011,Switzerland
NCT01834534,United States
NCT01361698,Denmark
NCT02204787,France
NCT03624933,Canada
NCT06773338,Greece
NCT06773338,Netherlands
NCT03513848,United States
NCT02861755,United States
NCT01973478,France
NCT03502278,United States
NCT06348316,Turkey (Türkiye)
NCT03187249,China
NCT06217926,Turkey (Türkiye)
NCT01141426,Canada
NCT06708585,Turkey (Türkiye)
NCT03012035,Switzerland
NCT06004232,United States
NCT04579198,United States
NCT07038187,Turkey (Türkiye)
NCT04277793,Sweden
NCT05724316,United Kingdom
NCT04706806,United States
NCT05625555,Canada
NCT02183844,United States
NCT07008209,Turkey (Türkiye)
NCT01644916,Singapore
NCT04276506,Cyprus
NCT02199704,United Kingdom
NCT02225847,United States
NCT04950426,France
NCT04936126,India
NCT02920164,Germany
NCT02764138,United States
NCT01885338,United States
NCT02419326,United States
NCT05725785,United States
NCT04417049,Canada
NCT05944926,India
NCT06449326,United States
NCT05344326,United Kingdom
NCT02067793,United States
NCT04806321,United States
NCT05634278,United States
NCT05995678,United States
NCT02518308,United States
NCT04643964,United States
NCT01909193,Israel
NCT07198438,Taiwan
NCT05980949,Mexico
NCT05980949,Puerto Rico
NCT05980949,Slovakia
NCT05980949,South Korea
NCT05980949,Argentina
NCT05980949,Hungary
NCT05980949,Brazil
NCT05980949,Israel
NCT05980949,Canada
NCT05980949,Romania
NCT05980949,Croatia
NCT05980949,Chile
NCT05980949,India
NCT05980949,Serbia
NCT05980949,Spain
NCT05980949,Peru
NCT05980949,Portugal
NCT05980949,Bulgaria
NCT05980949,Italy
NCT05980949,China
NCT05980949,Japan
NCT05980949,United States
NCT05980949,Germany
NCT05980949,Poland
NCT05980949,Turkey (Türkiye)
NCT05980949,Belgium
NCT05980949,Ukraine
NCT05980949,United Kingdom
NCT05980949,France
NCT05980949,Czechia
NCT05980949,Greece
NCT02456948,Germany
NCT04005378,United States
NCT05168735,United States
NCT03996876,United States
NCT07098533,Poland
NCT05312749,Turkey (Türkiye)
NCT06595849,Hong Kong
NCT02687243,Canada
NCT06624150,United States
NCT04221997,United States
NCT06508710,France
NCT01090518,United States
NCT03942874,United States
NCT07593274,United States
NCT06871397,Spain
NCT03205397,France
NCT06649617,Turkey (Türkiye)
NCT02448108,United States
NCT06335589,United States
NCT06894368,Spain
NCT02670291,Germany
NCT01933243,United States
NCT05035550,United States
NCT04369391,United States
NCT04242550,United States
NCT01788774,Russia
NCT01788774,Croatia
NCT01788774,South Africa
NCT01788774,Spain
NCT07475650,Turkey (Türkiye)
NCT01428791,United States
NCT05657691,Australia
NCT05657691,United Kingdom
NCT02398318,China
NCT05136690,United States
NCT04690452,Spain
NCT04529148,China
NCT02404155,United States
NCT06791785,Turkey (Türkiye)
NCT02519543,Canada
NCT02519543,United States
NCT02579915,United States
NCT05185128,United States
NCT06586164,United States
NCT04630964,Sweden
NCT05550532,Canada
NCT05550532,Slovakia
NCT05550532,United States
NCT05550532,South Africa
NCT05550532,Czechia
NCT05550532,Poland
NCT05550532,South Korea
NCT05550532,Taiwan
NCT05550532,Argentina
NCT05550532,Brazil
NCT05550532,Bulgaria
NCT05550532,United Kingdom
NCT05550532,China
NCT05550532,France
NCT04811014,United States
NCT04155736,United States
NCT05227209,Bulgaria
NCT05227209,Japan
NCT05227209,United States
NCT03006393,United States
NCT04148014,Sweden
NCT02785614,Hong Kong
NCT02902601,Germany
NCT02902601,Netherlands
NCT06973512,Canada
NCT02691000,United States
NCT05365607,United States
NCT02613936,United States
NCT03904771,Finland
NCT04013932,Tanzania
NCT07323498,Germany
NCT04582916,United States
NCT05567575,Pakistan
NCT03143075,Sweden
NCT04153812,China
NCT01813019,United States
NCT01813019,Switzerland
NCT01813019,Germany
NCT01813019,Czechia
NCT01813019,Bulgaria
NCT06846944,Italy
NCT06970964,Brazil
NCT06981598,United States
NCT05836181,Taiwan
NCT02999607,Austria
NCT04486092,Taiwan
NCT04476836,Taiwan
NCT04411771,Sweden
NCT01114334,United States
NCT06803264,Poland
NCT05978219,Bangladesh
NCT04733300,United States
NCT04609267,United States
NCT02498392,Moldova
NCT02498392,United States
NCT02498392,Russia
NCT02498392,United Kingdom
NCT02498392,Spain
NCT02498392,Ukraine
NCT02334644,Canada
NCT03535714,Austria
NCT06487195,Hong Kong
NCT04959201,Taiwan
NCT05361330,China
NCT07255365,Turkey (Türkiye)
NCT01798407,United States
NCT06493071,Canada
NCT05995457,France
NCT05469412,Pakistan
NCT05064319,United States
NCT05848700,United States
NCT06230107,Brazil
NCT01078298,United States
NCT01078298,Romania
NCT01078298,Germany
NCT01078298,Croatia
NCT01078298,Russia
NCT01078298,Hungary
NCT01078298,Spain
NCT01078298,Bosnia and Herzegovina
NCT02307019,Spain
NCT06506019,Canada
NCT05095428,United States
NCT04453709,United States
NCT02008773,United States
NCT05369429,United States
NCT05601102,United Kingdom
NCT05278572,United States
NCT03048695,Norway
NCT06202677,Singapore
NCT02238977,United States
NCT05577481,China
NCT06479967,Turkey (Türkiye)
NCT01383967,Singapore
NCT02072954,India
NCT05372705,United States
NCT05724394,Pakistan
NCT02355366,Canada
NCT03414931,Taiwan
NCT04526002,Hong Kong
NCT06159595,United States
NCT02481895,Spain
NCT02637895,United States
NCT06208839,United States
NCT02362412,Japan
NCT07000201,Egypt
NCT04670081,Germany
NCT07822165,Netherlands
NCT07822165,Turkey (Türkiye)
NCT01032083,United Kingdom
NCT06718556,Turkey (Türkiye)
NCT03889756,United States
NCT03024645,Portugal
NCT03420495,United States
NCT06874777,Turkey (Türkiye)
NCT07158801,United States
NCT04867681,France
NCT04172051,United States
NCT04607902,United States
NCT03540745,United States
NCT02754375,Monaco
NCT02754375,France
NCT05897619,United States
NCT06286930,United States
NCT05128812,Spain
NCT06894212,Japan
NCT06894212,United States
NCT03947827,Canada
NCT06652594,China
NCT01034995,Canada
NCT01034995,Estonia
NCT01034995,Slovakia
NCT01034995,Netherlands
NCT01034995,South Africa
NCT01034995,Finland
NCT01034995,Germany
NCT01034995,Russia
NCT01034995,Chile
NCT01034995,Belgium
NCT01034995,Sweden
NCT01034995,France
NCT05607654,China
NCT02777112,Canada
NCT05234970,United States
NCT07157241,Saudi Arabia
NCT03433651,United States
NCT05701345,South Korea
NCT04035577,United States
NCT03904901,Brazil
NCT01630681,Sweden
NCT04654130,Canada
NCT07198542,Taiwan
NCT01574742,Israel
NCT05384405,China
NCT01772394,France
NCT04040829,Canada
NCT03458039,Zambia
NCT02915757,France
NCT07068412,Saudi Arabia
NCT04236986,United States
NCT02386605,United States
NCT03121937,United States
NCT05482672,United States
NCT01625546,United States
NCT02800096,Canada
NCT06799962,Italy
NCT05930509,Spain
NCT02372799,Canada
NCT02372799,United States
NCT05899452,Canada
NCT01947647,United States
NCT06060626,Czechia
NCT03317678,United States
NCT01599585,United States
NCT07405463,China
NCT05455593,Spain
NCT05608278,Sweden
NCT05547035,France
NCT05312515,Turkey (Türkiye)
NCT02901587,United States
NCT01694316,United States
NCT01192906,Canada
NCT01192906,Slovakia
NCT01192906,Netherlands
NCT01192906,United States
NCT01192906,Germany
NCT01192906,Poland
NCT01192906,Taiwan
NCT01192906,Chile
NCT01192906,Latvia
NCT01192906,Turkey (Türkiye)
NCT01192906,Brazil
NCT01192906,Spain
NCT01192906,Lithuania
NCT01192906,Ukraine
NCT07427485,Italy
NCT01431235,Netherlands
NCT04451135,United States
NCT03980184,United States
NCT06445933,Taiwan
NCT04082052,United States
NCT03595098,Denmark
NCT04192721,Turkey (Türkiye)
NCT06481033,United States
NCT03557684,United States
NCT01071538,United States
NCT04873648,Jordan
NCT02237885,United States
NCT06765343,Italy
NCT03738215,Estonia
NCT03738215,United States
NCT03738215,Germany
NCT03738215,Hungary
NCT03738215,United Kingdom
NCT03738215,Bulgaria
NCT03738215,Ukraine
NCT05305235,United States
NCT07185763,Egypt
NCT05737693,Israel
NCT05737693,United States
NCT06285916,United States
NCT05217706,United States
NCT05337852,Turkey (Türkiye)
NCT05778747,United States
NCT05491538,United States
NCT01363349,India
NCT01363349,Moldova
NCT01363349,Romania
NCT06166355,Spain
NCT01246804,Netherlands
NCT05114733,United States
NCT03658252,Singapore
NCT05592652,France
NCT03244878,United States
NCT03826563,United States
NCT06482606,United Kingdom
NCT06110806,United States
NCT05494684,Finland
NCT01191333,United States
NCT07335458,Turkey (Türkiye)
NCT03324048,France
NCT04581434,United States
NCT06073964,Uganda
NCT03382093,United States
NCT04826614,Vietnam
NCT03016052,Israel
NCT05763849,United States
NCT03813290,Singapore
NCT02782910,Germany
NCT04693013,Israel
NCT01140620,United Kingdom
NCT04150380,United States
NCT03795480,Germany
NCT01832285,Israel
NCT03068325,United States
NCT03384706,United States
NCT01895452,United States
NCT01895452,Romania
NCT01895452,Russia
NCT01895452,Philippines
NCT01895452,South Korea
NCT01895452,Malaysia
NCT01895452,Bulgaria
NCT01895452,Ukraine
NCT02622958,United States
NCT05389358,South Africa
NCT07111689,Turkey (Türkiye)
NCT05704868,United Kingdom
NCT03251326,United States
NCT07216326,United States
NCT03832478,United States
NCT02743715,Brazil
NCT06535243,France
NCT05400564,United States
NCT02244099,United States
NCT04775498,France
NCT04567147,China
NCT01342549,United States
NCT07363915,Spain
NCT03747835,United States
NCT07288008,United States
NCT02237417,United States
NCT01958840,United States
NCT04450147,Canada
NCT07523048,Canada
NCT01526148,United States
NCT03873155,United Kingdom
NCT02531243,United States
NCT03732378,Pakistan
NCT04770285,United States
NCT02660385,United States
NCT05263635,United States
NCT03940508,United States
NCT01420848,Brazil
NCT07401043,Turkey (Türkiye)
NCT06409325,China
NCT02907476,United States
NCT03324568,United States
NCT01650740,Canada
NCT04325568,United States
NCT07119515,Pakistan
NCT05563935,China
NCT06770517,Netherlands
NCT02750904,United States
NCT01502033,United States
NCT05288049,Spain
NCT03369249,United States
NCT04373343,United States
NCT07618676,Serbia
NCT01390376,Taiwan
NCT06675240,United States
NCT03069417,United States
NCT03069417,South Africa
NCT02808533,Canada
NCT05798143,Italy
NCT04449315,United States
NCT05507008,United States
NCT05914025,United States
NCT05120635,United States
NCT05927376,United Kingdom
NCT00971217,Ireland
NCT03892889,United States
NCT06132282,United States
NCT02449759,United Kingdom
NCT05478759,United States
NCT05784259,Sweden
NCT02143024,United States
NCT06798324,Canada
NCT05977023,Taiwan
NCT05027659,Turkey (Türkiye)
NCT04022759,United Kingdom
NCT01814085,China
NCT03845985,United States
NCT06114485,United States
NCT07081425,Turkey (Türkiye)
NCT06138691,United States
NCT07069374,United States
NCT01625897,Japan
NCT03233113,United States
NCT02517723,Germany
NCT04951076,United Kingdom
NCT04951076,United States
NCT03711760,United States
NCT01170520,Israel
NCT04531982,Croatia
NCT04531982,Czechia
NCT04531982,Poland
NCT04531982,Russia
NCT04531982,Argentina
NCT04531982,Hungary
NCT04531982,Serbia
NCT04531982,Spain
NCT04531982,Lithuania
NCT04531982,Bulgaria
NCT04531982,Ukraine
NCT04531982,Italy
NCT02611843,United States
NCT03384576,United States
NCT05187117,United States
NCT05851950,Denmark
NCT05580718,Sweden
NCT06786624,United States
NCT02873208,Puerto Rico
NCT02873208,United States
NCT03689868,United States
NCT05072210,Canada
NCT02846740,United States
NCT04596891,United States
NCT06033391,Spain
NCT06356324,United States
NCT03999359,United Kingdom
NCT03338179,France
NCT06824415,United States
NCT05958940,Netherlands
NCT03383874,United States
NCT04556890,United States
NCT06028997,Iceland
NCT04046497,United States
NCT04251624,Canada
NCT06298279,Canada
NCT03756610,China
NCT01924520,Japan
NCT04078282,Norway
NCT02166424,Japan
NCT02166424,Taiwan
NCT06443125,China
NCT03696225,United States
NCT07176468,China
NCT07521020,China
NCT07238920,China
NCT05357859,Taiwan
NCT06346496,China
NCT03585010,United States
NCT04966910,United States
NCT05894759,Romania
NCT05520580,Germany
NCT01255787,Japan
NCT01255787,Finland
NCT01255787,Romania
NCT01255787,Germany
NCT01255787,Croatia
NCT01255787,Philippines
NCT01255787,Poland
NCT01255787,Russia
NCT01255787,South Korea
NCT01255787,Taiwan
NCT01255787,Latvia
NCT01255787,Malaysia
NCT01255787,India
NCT01255787,Serbia
NCT01255787,Hong Kong
NCT01255787,Ukraine
NCT07022184,Netherlands
NCT06863948,Russia
NCT06146517,United States
NCT03322358,India
NCT07521358,Indonesia
NCT04793776,United States
NCT05343533,United States
NCT04154085,Canada
NCT02579343,United States
NCT05086263,United States
NCT04038593,France
NCT03160521,Ukraine
NCT03160521,United States
NCT04916938,France
NCT02002858,United States
NCT06436378,Canada
NCT06626425,United States
NCT04747340,Sweden
NCT02413840,China
NCT06124014,United States
NCT05285306,United States
NCT04459455,United States
NCT06259526,China
NCT02035878,Canada
NCT06591091,United States
NCT04141904,United Kingdom
NCT03537547,United States
NCT05964049,China
NCT02234258,Canada
NCT06432985,United States
NCT03260985,United States
NCT07375485,United States
NCT04595708,United States
NCT03951376,Denmark
NCT03951376,Poland
NCT03951376,Iceland
NCT03951376,Spain
NCT03951376,Italy
NCT02661789,Denmark
NCT05160233,United States
NCT03837340,Montenegro
NCT02040389,Israel
NCT02448433,Canada
NCT02448433,Australia
NCT06572449,United States
NCT02129348,United States
NCT01409317,Canada
NCT02095340,United States
NCT05933148,United States
NCT05749055,United States
NCT07433985,United States
NCT02076425,United States
NCT05288140,Spain
NCT04115891,Turkey (Türkiye)
NCT02473289,Canada
NCT02473289,United States
NCT02473289,Poland
NCT02473289,Russia
NCT02473289,United Kingdom
NCT07024550,Czechia
NCT04620499,Canada
NCT06387732,United Kingdom
NCT01866098,United States
NCT05835921,United States
NCT03973216,Canada
NCT01892033,United States
NCT06208852,United States
NCT05773755,United States
NCT04425278,China
NCT01604876,Netherlands
NCT06245213,United States
NCT04698603,Netherlands
NCT02857088,France
NCT01372670,United States
NCT07521683,China
NCT06746441,Pakistan
NCT06002360,United States
NCT03091582,United States
NCT07009223,Italy
NCT02667041,Canada
NCT06382194,United States
NCT06350760,Spain
NCT03679962,United States
NCT01281527,Switzerland
NCT01281527,Hungary
NCT01281527,Latvia
NCT01281527,Lithuania
NCT01281527,Israel
NCT01281527,Netherlands
NCT01281527,Croatia
NCT01281527,Spain
NCT01281527,Portugal
NCT01281527,Estonia
NCT01281527,Denmark
NCT01281527,Germany
NCT01281527,Turkey (Türkiye)
NCT01281527,Ukraine
NCT01281527,Belgium
NCT01281527,Sweden
NCT01281527,France
NCT01281527,United Kingdom
NCT01281527,Austria
NCT01281527,Greece
NCT02423824,Canada
NCT02147379,Canada
NCT02382562,United States
NCT03071562,Canada
NCT06341803,Singapore
NCT03852186,Denmark
NCT05676554,United Kingdom
NCT06105294,United States
NCT04584879,United States
NCT01143896,United States
NCT03170362,United States
NCT02480062,India
NCT02737488,United States
NCT06114524,Turkey (Türkiye)
NCT05443724,Puerto Rico
NCT05443724,United States
NCT05443724,Hungary
NCT05443724,Bulgaria
NCT05443724,Ukraine
NCT03812588,United States
NCT06580249,China
NCT01701258,United States
NCT01567943,United States
NCT06542094,China
NCT07060066,United States
NCT04786951,Spain
NCT02781051,United States
NCT04426565,Taiwan
NCT02240173,Nigeria
NCT04410341,Egypt
NCT01685294,United States
NCT07309302,Canada
NCT06592677,Norway
NCT07047157,Turkey (Türkiye)
NCT02888028,Germany
NCT04459000,United States
NCT02885792,Denmark
NCT04813341,Pakistan
NCT03278756,Belgium
NCT05856656,France
NCT05717231,Turkey (Türkiye)
NCT04466202,Turkey (Türkiye)
NCT01295372,Estonia
NCT01295372,Finland
NCT01295372,Czechia
NCT01295372,Poland
NCT01295372,France
NCT01369095,Canada
NCT01369095,Puerto Rico
NCT01369095,United States
NCT01369095,South Africa
NCT01369095,Argentina
NCT01369095,Austria
NCT01369095,India
NCT01369095,Australia
NCT01369095,Spain
NCT01369095,United Kingdom
NCT01369095,Italy
NCT01369095,France
NCT05850975,United Kingdom
NCT02237300,Italy
NCT02237300,Spain
NCT01655472,Israel
NCT04895995,United States
NCT07457801,Singapore
NCT00916201,Germany
NCT03906175,Germany
NCT05674357,United States
NCT04245501,United States
NCT04704765,Taiwan
NCT01283607,Netherlands
NCT05371002,China
NCT02109939,United States
NCT06368557,Denmark
NCT06394700,China
NCT03839407,United States
NCT03898271,United States
NCT05177601,Canada
NCT07587112,Taiwan
NCT01694030,United Kingdom
NCT03272230,France
NCT01657019,Germany
NCT01657019,United States
NCT01657019,Spain
NCT04706728,Denmark
NCT02792153,United States
NCT01463137,Sweden
NCT05436145,United States
NCT02408081,Denmark
NCT05598944,Spain
NCT07255131,Greece
NCT03496675,Norway
NCT03496675,Netherlands
NCT03496675,Germany
NCT03496675,Australia
NCT03496675,Turkey (Türkiye)
NCT03496675,United Kingdom
NCT05712928,United States
NCT06765967,Turkey (Türkiye)
NCT04071600,United States
NCT04214600,Egypt
NCT03028792,United States
NCT04099771,United States
NCT01843907,Denmark
NCT03522844,United States
NCT04979676,Portugal
NCT01853020,United States
NCT02834182,France
NCT04775524,United States
NCT06651424,Spain
NCT01503359,Poland
NCT05243459,Israel
NCT04403373,Hong Kong
NCT06774573,United States
NCT06234969,United States
NCT03610451,United States
NCT07208851,The Bahamas
NCT02736929,United States
NCT03107039,United States
NCT01993277,United States
NCT02427542,United Kingdom
NCT07176273,United States
NCT03617783,United States
NCT02667522,United States
NCT04176822,Turkey (Türkiye)
NCT04298437,Canada
NCT05977439,United States
NCT06757842,Chile
NCT06375083,United States
NCT02600754,United States
NCT02363205,Sweden
NCT05233566,United States
NCT06046456,Denmark
NCT01876056,Pakistan
NCT07359729,Mexico
NCT07113002,Pakistan
NCT04285437,Vietnam
NCT07533812,Sweden
NCT06670027,Egypt
NCT04450186,France
NCT01994473,United States
NCT03187769,Ireland
NCT03187769,United States
NCT03187769,Germany
NCT03187769,Poland
NCT03187769,Russia
NCT03187769,South Korea
NCT03187769,Austria
NCT03187769,United Kingdom
NCT03187769,Spain
NCT03187769,Ukraine
NCT03187769,Israel
NCT03187769,Italy
NCT07129941,Norway
NCT06603922,Germany
NCT06603922,Poland
NCT06603922,Chile
NCT06603922,Spain
NCT06603922,France
NCT06994351,China
NCT02295995,United States
NCT06132061,China
NCT06962527,United States
NCT04992494,United States
NCT07121894,United States
NCT02826629,France
NCT03918837,France
NCT01955954,United States
NCT01818453,United States
NCT02326545,Canada
NCT04336072,United States
NCT05463770,United States
NCT06806631,Turkey (Türkiye)
NCT04793542,Canada
NCT04271553,Singapore
NCT06786572,United States
NCT04979910,United States
NCT02242110,United States
NCT07140913,Denmark
NCT07140913,Italy
NCT07140913,United States
NCT07140913,Japan
NCT07140913,Romania
NCT07140913,Poland
NCT07140913,Argentina
NCT07140913,India
NCT07140913,Bulgaria
NCT07140913,Ukraine
NCT07140913,Israel
NCT07140913,China
NCT07140913,France
NCT05473013,United States
NCT03722082,Spain
NCT03227224,Japan
NCT03227224,United States
NCT03227224,Finland
NCT03227224,Germany
NCT03227224,Russia
NCT03227224,Bulgaria
NCT03227224,Ukraine
NCT03227224,France
NCT04652362,United Kingdom
NCT03299803,United States
NCT04729803,United States
NCT07045142,China
NCT01611220,Italy
NCT06367023,Nepal
NCT03289923,United States
NCT05011396,United States
NCT06652503,United States
NCT05229770,Norway
NCT03777020,United States
NCT04364659,United Kingdom
NCT03288779,United States
NCT05159362,United States
NCT04838262,United States
NCT02091388,United States
NCT02713360,Denmark
NCT05907213,United States
NCT04634279,United States
NCT06284096,Turkey (Türkiye)
NCT04154423,United States
NCT05126459,United States
NCT05976659,United States
NCT07574203,Saudi Arabia
NCT06885320,United States
NCT01725282,Japan
NCT01831362,United States
NCT02386410,Sweden
NCT05261659,Switzerland
NCT04730180,United States
NCT02765880,France
NCT06350396,China
NCT02305303,France
NCT01577303,Sweden
NCT01964820,United States
NCT05841979,United States
NCT01761942,Poland
NCT02167620,Canada
NCT07250282,Germany
NCT02503124,Sweden
NCT05899296,Iraq
NCT05458362,United States
NCT03862703,Denmark
NCT03677947,Canada
NCT04728958,United Kingdom
NCT03703258,United States
NCT04379648,France
NCT02339285,United States
NCT03830008,Switzerland
NCT05118906,France
NCT03068247,United States
NCT02177955,Brazil
NCT03327714,Sweden
NCT03900416,United States
NCT04596904,Turkey (Türkiye)
NCT05139433,Brazil
NCT04693858,United States
NCT02261558,United States
NCT04369378,United States
NCT01235585,Canada
NCT01235585,Slovakia
NCT01235585,Netherlands
NCT01235585,United States
NCT01235585,Germany
NCT01235585,Poland
NCT01235585,Taiwan
NCT01235585,Chile
NCT01235585,Latvia
NCT01235585,Turkey (Türkiye)
NCT01235585,Brazil
NCT01235585,Spain
NCT01235585,Lithuania
NCT01235585,Ukraine
NCT01411085,United States
NCT03906435,United States
NCT03315208,United States
NCT04086017,United States
NCT05682417,France
NCT07524868,Indonesia
NCT05480150,China
NCT02376491,France
NCT03097874,United States
NCT03322774,United States
NCT04972474,United Kingdom
NCT05626218,Turkey (Türkiye)
NCT05615090,South Korea
NCT06229210,Colombia
NCT06229210,Serbia
NCT06229210,United States
NCT01945333,United States
NCT06662526,Chile
NCT04348812,United States
NCT07029581,United States
NCT07029581,Czechia
NCT07029581,Serbia
NCT07029581,Bulgaria
NCT07029581,Italy
NCT07029581,France
NCT04296981,Canada
NCT03019081,United States
NCT07085065,Tunisia
NCT01781000,Germany
NCT02460536,Israel
NCT05360953,Germany
NCT04031157,Israel
NCT03861000,United States
NCT05758636,Turkey (Türkiye)
NCT06994637,Turkey (Türkiye)
NCT02593695,China
NCT04664257,Canada
NCT06922812,Brazil
NCT04637581,United States
NCT05748730,United States
NCT03841292,Canada
NCT04642092,Dominican Republic
NCT06325605,China
NCT04094922,Sweden
NCT07273851,Pakistan
NCT01177072,Iraq
NCT01453439,United States
NCT05741281,Egypt
NCT03101319,India
NCT05552365,Singapore
NCT02480400,Israel
NCT06152211,United States
NCT06354361,Canada
NCT05400161,United States
NCT04949542,United States
NCT03416894,Canada
NCT05570851,United States
NCT04581902,United States
NCT02845453,United States
NCT06358612,Canada
NCT06532500,Canada
NCT03711500,United States
NCT06288594,Turkey (Türkiye)
NCT05434156,United Kingdom
NCT02580656,United Kingdom
NCT01598922,United States
NCT06509802,Hong Kong
NCT03818256,United States
NCT03301831,United States
NCT06286345,Netherlands
NCT04779177,United States
NCT05866575,France
NCT00960375,United States
NCT03182075,United States
NCT03438175,Italy
NCT06456775,Vietnam
NCT03288675,Belgium
NCT01559857,United States
NCT05356130,United States
NCT04259554,Germany
NCT03690856,France
NCT03786731,Hong Kong
NCT04754802,United States
NCT03013777,United States
NCT04973930,United States
NCT05789186,China
NCT01250873,United States
NCT02314195,Iran
NCT06029439,Canada
NCT06029439,United States
NCT06029439,Finland
NCT06029439,Czechia
NCT06029439,Germany
NCT06029439,Poland
NCT06029439,Chile
NCT06029439,Brazil
NCT06029439,Bulgaria
NCT06029439,Sweden
NCT06029439,France
NCT05645575,United States
NCT05177757,United States
NCT04990401,United States
NCT06098469,France
NCT04791137,Germany
NCT05581277,Spain
NCT01172275,United States
NCT01202357,China
NCT02853019,France
NCT03981432,France
NCT02622087,Australia
NCT07258914,France
NCT01133106,United States
NCT07798804,China
NCT03911726,Germany
NCT04115319,Russia
NCT04115319,Ukraine
NCT04115319,United States
NCT04115319,Romania
NCT03868930,United States
NCT04096001,United States
NCT04268901,United States
NCT02184481,Netherlands
NCT01464619,United States
NCT02023567,China
NCT07211867,United States
NCT06212167,Turkey (Türkiye)
NCT04581681,Canada
NCT04165681,United States
NCT03491007,United States
NCT02805881,Israel
NCT02261519,United States
NCT06668428,Turkey (Türkiye)
NCT05862467,United States
NCT05741528,United States
NCT06835907,Belgium
NCT06065865,Netherlands
NCT01320800,United States
NCT06834867,Nepal
NCT06928467,United States
NCT05030532,United States
NCT05243732,United Kingdom
NCT02391363,United States
NCT06349993,China
NCT06931093,China
NCT04225221,United States
NCT02402114,United States
NCT06534684,Norway
NCT06671158,United States
NCT04091347,United States
NCT05818748,Turkey (Türkiye)
NCT04758585,Switzerland
NCT02091843,United States
NCT01935115,Canada
NCT01103271,United States
NCT02656784,Brazil
NCT06230133,China
NCT06229652,Austria
NCT02935647,United States
NCT05516238,Denmark
NCT01615458,United States
NCT03210155,United States
NCT04684355,Taiwan
NCT05557643,United States
NCT06920940,United States
NCT02252068,United States
NCT03794089,United States
NCT06608550,Turkey (Türkiye)
NCT03957850,Germany
NCT00570050,Canada
NCT05741125,United States
NCT06402240,Canada
NCT03537040,United Kingdom
NCT05144789,United States
NCT02493868,Canada
NCT02493868,Estonia
NCT02493868,Mexico
NCT02493868,Slovakia
NCT02493868,United States
NCT02493868,Czechia
NCT02493868,Germany
NCT02493868,Poland
NCT02493868,Hungary
NCT02493868,Turkey (Türkiye)
NCT02493868,Brazil
NCT02493868,Spain
NCT02493868,Belgium
NCT02493868,Sweden
NCT02493868,France
NCT05804708,United Kingdom
NCT05804708,Netherlands
NCT01659125,United States
NCT05883540,Switzerland
NCT06651528,United States
NCT06736067,Hong Kong
NCT04592536,Netherlands
NCT07031544,China
NCT01451164,Japan
NCT02511509,Poland
NCT06913309,China
NCT02067299,Germany
NCT02067299,Netherlands
NCT03852706,Ireland
NCT06358014,China
NCT07388004,Germany
NCT01672684,United States
NCT07211984,France
NCT01521052,Israel
NCT01396252,Japan
NCT05547048,United States
NCT05117255,United States
NCT06809595,United States
NCT06809595,Germany
NCT06809595,Czechia
NCT06809595,Poland
NCT06809595,United Kingdom
NCT06809595,France
NCT06420557,United States
NCT05332119,Spain
NCT05797428,Taiwan
NCT06476509,China
NCT02737098,United States
NCT05071521,Saudi Arabia
NCT05856552,India
NCT05734547,Norway
NCT06452849,China
NCT02160249,Ethiopia
NCT01436149,Canada
NCT01436149,Puerto Rico
NCT01436149,Mexico
NCT01436149,United States
NCT01436149,Croatia
NCT01436149,Spain
NCT05957094,Canada
NCT03285139,Canada
NCT06879639,Portugal
NCT03930095,Brazil
NCT04682275,Turkey (Türkiye)
NCT02883257,Canada
NCT06473012,Hong Kong
NCT06681519,Taiwan
NCT06723600,Turkey (Türkiye)
NCT07522814,Egypt
NCT04019704,United States
NCT02152033,United States
NCT05811052,Turkey (Türkiye)
NCT06435052,Pakistan
NCT07731464,Pakistan
NCT06484387,France
NCT05440721,United States
NCT05118204,United States
NCT03222752,United States
NCT06415838,Sweden
NCT06969755,Canada
NCT06969755,United States
NCT02168439,United States
NCT06057012,United States
NCT04936828,Hong Kong
NCT02226367,United States
NCT05207436,United States
NCT07295444,China
NCT03226132,United States
NCT02851914,United States
NCT04752449,Canada
NCT05857137,United States
NCT06613334,France
NCT01748734,United States
NCT06003309,Australia
NCT06003309,United States
NCT06384209,Zimbabwe
NCT06424093,Egypt
NCT05294614,Spain
NCT03327506,France
NCT01370304,China
NCT03571984,Pakistan
NCT05366270,United States
NCT05273983,Canada
NCT02400541,France
NCT04385927,Canada
NCT05848973,Uganda
NCT02007694,Netherlands
NCT02151656,Romania
NCT02151656,Russia
NCT02151656,Hungary
NCT02151656,Latvia
NCT02151656,France
NCT03605342,United States
NCT05203861,United States
NCT04836442,United States
NCT02477670,United States
NCT03338673,United States
NCT03113669,United States
NCT03539341,Thailand
NCT06885866,Sweden
NCT05296356,Sweden
NCT02039479,Germany
NCT07279246,Malaysia
NCT04592588,India
NCT07468188,United States
NCT05865288,Israel
NCT02477020,United States
NCT05704582,Canada
NCT03913962,France
NCT04934488,Canada
NCT06655688,Turkey (Türkiye)
NCT03329703,United States
NCT05700279,United States
NCT02942459,Denmark
NCT03333603,Taiwan
NCT02151162,Japan
NCT06599099,United States
NCT04931199,United States
NCT01307293,United States
NCT06895421,Pakistan
NCT02451293,Denmark
NCT03948984,United States
NCT04236284,United States
NCT05567848,United States
NCT05011955,Chile
NCT04039243,United States
NCT04594525,Qatar
NCT06014125,France
NCT03861832,United States
NCT01792414,Australia
NCT02234752,United States
NCT04226352,United States
NCT04598152,United States
NCT05804838,Turkey (Türkiye)
NCT02816138,United States
NCT04871048,France
NCT05492825,United States
NCT02707276,United States
NCT05209789,France
NCT05164068,Spain
NCT06055322,United States
NCT03930251,United States
NCT05243329,Canada
NCT02404402,United States
NCT05355337,Sweden
NCT04317807,United States
NCT01104792,United States
NCT01104792,Romania
NCT01104792,Colombia
NCT01104792,Russia
NCT01104792,India
NCT01104792,Ukraine
NCT03364192,United States
NCT06345911,Turkey (Türkiye)
NCT05419544,Jordan
NCT03196544,United States
NCT02979444,United States
NCT05258409,United States
NCT05342116,Singapore
NCT03883204,Spain
NCT02669030,United States
NCT01746667,Netherlands
NCT06758167,China
NCT05658367,Turkey (Türkiye)
NCT06440200,Taiwan
NCT05011864,United States
NCT04622930,United States
NCT05426265,Finland
NCT01093365,Canada
NCT02559167,Canada
NCT03943836,United States
NCT04294134,United States
NCT01070134,Denmark
NCT06987799,United States
NCT06067763,United States
NCT05838222,United States
NCT05921929,Belgium
NCT04499729,United States
NCT02130037,Israel
NCT03534167,United States
NCT04665167,United Kingdom
NCT03539900,United States
NCT02188732,United States
NCT01482832,United States
NCT03018132,United States
NCT05910632,Brazil
NCT06473220,China
NCT06778096,Canada
NCT05850689,United States
NCT05850689,India
NCT05850689,Serbia
NCT05850689,Spain
NCT05850689,Lithuania
NCT05850689,Bulgaria
NCT05850689,France
NCT05071768,Canada
NCT04778423,United Kingdom
NCT05329779,United States
NCT06632782,Kuwait
NCT01561859,United States
NCT01844115,United States
NCT03993535,India
NCT03993535,United States
NCT03993535,Brazil
NCT03993535,South Africa
NCT05169190,United States
NCT01857518,France
NCT01228890,United States
NCT05376397,United States
NCT07286097,Turkey (Türkiye)
NCT06776497,Turkey (Türkiye)
NCT02637297,United States
NCT01934491,United States
NCT05553197,Switzerland
NCT05581797,New Zealand
NCT01628718,United States
NCT02579018,United States
NCT04442490,United States
NCT05685368,United States
NCT04893850,Canada
NCT05923697,Netherlands
NCT04720040,South Korea
NCT04060940,United States
NCT05555940,China
NCT02450695,Canada
NCT04487730,United States
NCT05623228,Greece
NCT05397067,United States
NCT06791967,Taiwan
NCT02080507,United States
NCT03132571,United States
NCT03351244,Canada
NCT03351244,Japan
NCT03351244,United States
NCT03351244,South Korea
NCT03351244,Taiwan
NCT03351244,Spain
NCT03351244,France
NCT01781364,Germany
NCT07274722,France
NCT06105151,China
NCT02175251,France
NCT03068429,Brazil
NCT04989972,Jamaica
NCT03929939,United States
NCT04846881,Slovakia
NCT04846881,Japan
NCT04846881,United States
NCT04846881,Netherlands
NCT04846881,Romania
NCT04846881,Croatia
NCT04846881,Poland
NCT04846881,South Korea
NCT04846881,Argentina
NCT04846881,Hungary
NCT04846881,Chile
NCT04846881,Malaysia
NCT04846881,Singapore
NCT04846881,Serbia
NCT04846881,Brazil
NCT04846881,Spain
NCT04846881,Ukraine
NCT04846881,France
NCT02615119,United States
NCT05448430,China
NCT01905267,United States
NCT03662607,United States
NCT03449771,France
NCT06173544,Malawi
NCT02446509,United States
NCT06310109,Italy
NCT05288309,Turkey (Türkiye)
NCT01311180,India
NCT04724746,United States
NCT06034496,United States
NCT05967988,Switzerland
NCT01197846,Spain
NCT03263546,Sweden
NCT04748679,United States
NCT06267846,United States
NCT06577324,Colombia
NCT06752759,United States
NCT06271824,United States
NCT06413979,United States
NCT03292146,United States
NCT04266288,United States
NCT02043496,United States
NCT04969003,United States
NCT05780203,Germany
NCT04141046,United States
NCT03542396,Germany
NCT03027362,United States
NCT04638946,United States
NCT05177146,Canada
NCT05976646,United States
NCT04617262,United States
NCT06624462,Denmark
NCT03964246,United States
NCT05818696,United States
NCT02109562,United States
NCT02598024,Nepal
NCT03002896,United States
NCT06203288,United States
NCT03810703,United States
NCT01122927,United States
NCT01122927,Romania
NCT01122927,Croatia
NCT01122927,Philippines
NCT01122927,Poland
NCT01122927,Russia
NCT01122927,Taiwan
NCT01122927,Hungary
NCT01122927,Malaysia
NCT01122927,India
NCT01122927,Serbia
NCT01122927,Bulgaria
NCT01122927,Ukraine
NCT04421573,United States
NCT04352569,France
NCT03317769,United States
NCT05590741,United States
NCT05319405,United States
NCT01407094,United States
NCT01051531,Philippines
NCT01051531,South Korea
NCT01051531,China
NCT01051531,Taiwan
NCT01051531,Malaysia
NCT01051531,Australia
NCT01051531,Hong Kong
NCT01051531,Thailand
NCT01051531,New Zealand
NCT02192931,United States
NCT02155010,South Korea
NCT03869424,Germany
NCT06351423,Hong Kong
NCT03834779,United States
NCT04268303,United States
NCT03829527,Switzerland
NCT02734927,France
NCT07156942,Turkey (Türkiye)
NCT04592770,Pakistan
NCT03555669,Malawi
NCT06194851,United States
NCT05162651,Canada
NCT06529029,United States
NCT03758131,United States
NCT03730831,Germany
NCT07236437,United States
NCT04858737,Spain
NCT03576586,Switzerland
NCT06319170,United States
NCT06102941,United States
NCT03661905,Canada
NCT04777266,Spain
NCT05619822,Spain
NCT02502929,United States
NCT03438331,Hong Kong
NCT02734602,United States
NCT01663337,United States
NCT06403995,Canada
NCT06041646,United States
NCT02977988,United States
NCT04756388,Canada
NCT06683027,United Kingdom
NCT06111742,United States
NCT06316973,United States
NCT07126054,Turkey (Türkiye)
NCT01988194,United States
NCT05710237,Canada
NCT04927845,United States
NCT05581095,United States
NCT01595503,United States
NCT04080427,United States
NCT03904186,United States
NCT05011669,China
NCT07647341,United States
NCT02322905,Denmark
NCT04319094,United States
NCT06724666,Romania
NCT03810456,United States
NCT04523922,United States
NCT05588622,United States
NCT04104841,United States
NCT02310529,Pakistan
NCT02445937,United States
NCT04850794,United States
NCT06429956,Denmark
NCT03614156,Slovakia
NCT03614156,Japan
NCT03614156,United States
NCT03614156,Poland
NCT03614156,Hungary
NCT06257056,United States
NCT06930729,United States
NCT04987229,Mexico
NCT04987229,United States
NCT04987229,Colombia
NCT04987229,Argentina
NCT04987229,Brazil
NCT01550029,United States
NCT04210557,United States
NCT05476601,Pakistan
NCT03424512,United Kingdom
NCT05989412,Netherlands
NCT06849154,Malaysia
NCT07749105,United States
NCT06840951,Canada
NCT02178631,Germany
NCT02178631,Switzerland
NCT04912531,United States
NCT02308202,United States
NCT03058302,Ukraine
NCT06768502,Rwanda
NCT02785601,Hong Kong
NCT06466551,Turkey (Türkiye)
NCT03983031,Sweden
NCT05958095,United States
NCT01492439,Canada
NCT01365377,France
NCT07605975,United States
NCT06130501,United States
NCT06983405,Spain
NCT05136105,Burundi
NCT01411566,Germany
NCT07282366,China
NCT01681329,Canada
NCT06581302,China
NCT02964845,United States
NCT06257095,United States
NCT03346239,Israel
NCT07009977,United States
NCT05113277,United States
NCT07024901,Lithuania
NCT05738499,China
NCT07590999,United Kingdom
NCT05132699,United States
NCT01772498,Canada
NCT07396363,Turkey (Türkiye)
NCT06203899,Netherlands
NCT05538832,United States
NCT07082998,United States
NCT02213887,Canada
NCT06270433,China
NCT05229484,Taiwan
NCT03783533,United States
NCT02391649,Hong Kong
NCT01350349,United States
NCT05245643,France
NCT04421443,Spain
NCT01748708,Canada
NCT05499117,China
NCT06158763,Pakistan
NCT03227614,United States
NCT03490747,United Kingdom
NCT03573349,United States
NCT06779838,United Kingdom
NCT03879525,United States
NCT05097040,United States
NCT01469689,United Kingdom
NCT05553691,United Kingdom
NCT05566691,United States
NCT05253274,Turkey (Türkiye)
NCT06285474,United States
NCT07011693,China
NCT05985993,China
NCT03036293,Russia
NCT03036293,Kazakhstan
NCT06336616,United States
NCT02121106,Canada
NCT05402306,Norway
NCT03016104,China
NCT04127058,United States
NCT06414226,Turkey (Türkiye)
NCT03120208,France
NCT07548125,United States
NCT06388876,Turkey (Türkiye)
NCT06670040,United States
NCT03317587,United States
NCT06430333,United States
NCT04264026,United States
NCT06423443,China
NCT02890615,Canada
NCT05605938,Russia
NCT02848885,Canada
NCT01533285,Belgium
NCT05205915,United States
NCT02288325,United States
NCT03114917,United Kingdom
NCT01993017,United States
NCT06084793,Argentina
NCT01329393,United States
NCT04187326,United States
NCT01192685,United States
NCT01749215,United States
NCT02358343,United States
NCT01284517,Canada
NCT01284517,Slovakia
NCT01284517,Japan
NCT01284517,United States
NCT01284517,Colombia
NCT01284517,Czechia
NCT01284517,India
NCT01284517,Peru
NCT01284517,Lithuania
NCT01284517,Ukraine
NCT02268487,Brazil
NCT04871087,United States
NCT06977087,Germany
NCT07219914,United States
NCT03864614,United States
NCT01395355,United States
NCT04536935,United States
NCT03328208,United States
NCT05165576,Portugal
NCT02647216,United States
NCT04162847,United States
NCT02838043,Canada
NCT06713616,United States
NCT01936506,United States
NCT05679947,Turkey (Türkiye)
NCT02534948,Pakistan
NCT01901315,Brazil
NCT06957808,United Kingdom
NCT03989934,United States
NCT04495998,Portugal
NCT07264621,United States
NCT05801016,Italy
NCT01530906,France
NCT04723147,United States
NCT04498949,Afghanistan
NCT02610049,United States
NCT02327858,Canada
NCT03643848,United States
NCT03894085,China
NCT06412315,United Kingdom
NCT05536908,United States
NCT02008292,United States
NCT04116944,Ireland
NCT06179992,Spain
NCT02377011,United Kingdom
NCT01972711,United Kingdom
NCT05017532,Canada
NCT01815398,United States
NCT02085421,United States
NCT06403514,United States
NCT05178316,United States
NCT05327504,United States
NCT04692584,Turkey (Türkiye)
NCT01989247,Denmark
NCT02357849,United States
NCT02513485,United States
NCT07452835,Egypt
NCT04497493,China
NCT02058121,Sweden
NCT04837521,United States
NCT07010614,United States
NCT07014852,Canada
NCT04966858,United States
NCT02454426,United States
NCT03632278,Hong Kong
NCT06621992,United States
NCT05499767,Portugal
NCT03777800,Denmark
NCT06123065,United States
NCT01348100,United States
NCT04703907,Germany
NCT01463111,United States
NCT02499432,United States
NCT03193398,United States
NCT07476547,Italy
NCT05929352,United States
NCT06340958,United States
NCT04780178,United States
NCT05486611,United States
NCT05570344,Canada
NCT03997864,United States
NCT06390293,China
NCT06758206,Brazil
NCT01370733,United States
NCT01217658,United States
NCT06029426,United States
NCT06027944,United States
NCT05851898,United States
NCT04845347,United States
NCT05533138,Sweden
NCT06002958,United States
NCT05340348,France
NCT01829048,United States
NCT02153567,Hong Kong
NCT04431765,France
NCT01500200,United States
NCT02006628,Poland
NCT02006628,United Kingdom
NCT02006628,Romania
NCT05537428,United States
NCT07064928,Ghana
NCT06789471,Taiwan
NCT01614444,United States
NCT04609371,Canada
NCT03507114,Romania
NCT02749006,Canada
NCT05304104,United States
NCT04269252,United States
NCT03965858,Poland
NCT06615557,United States
NCT04414501,United States
NCT02875912,United States
NCT02875912,Italy
NCT05018312,Denmark
NCT04598607,China
NCT06886607,Turkey (Türkiye)
NCT04601064,United States
NCT06266364,United States
NCT05646264,China
NCT01667809,Sweden
NCT04992299,United States
NCT02028832,Canada
NCT03323437,United States
NCT06251037,Spain
NCT06572657,Turkey (Türkiye)
NCT06684977,United Kingdom
NCT01957319,Italy
NCT07069530,United States
NCT01324700,United States
NCT04229199,Saudi Arabia
NCT06818695,United Kingdom
NCT03987477,Spain
NCT06856057,United States
NCT05416957,India
NCT03887312,Lebanon
NCT06993012,United States
NCT04137367,Norway
NCT03688100,United States
NCT06078007,Spain
NCT02729792,Canada
NCT03928392,United States
NCT01121211,United States
NCT07470632,Cyprus
NCT04104022,United States
NCT06053775,Spain
NCT03940157,United States
NCT03755401,United States
NCT02160028,Norway
NCT01187407,Puerto Rico
NCT01187407,Slovakia
NCT01187407,Japan
NCT01187407,United States
NCT01187407,Finland
NCT01187407,Croatia
NCT01187407,Czechia
NCT02486692,United States
NCT03451630,United States
NCT07219628,United States
NCT06732128,Canada
NCT05827900,Austria
NCT03656900,France
NCT06361407,France
NCT03102736,United States
NCT05228964,United States
NCT06922409,Denmark
NCT05437809,United States
NCT04908332,Colombia
NCT06990919,Turkey (Türkiye)
NCT00864630,United States
NCT03167307,Switzerland
NCT04777292,Spain
NCT05054699,Brazil
NCT01894932,Taiwan
NCT07172516,Germany
NCT07172516,Bulgaria
NCT07172516,United States
NCT07172516,Spain
NCT01888406,United States
NCT05982184,Netherlands
NCT05269433,Belgium
NCT04287452,United States
NCT06039930,United States
NCT07680192,Spain
NCT06749392,Israel
NCT07123311,Tunisia
NCT02027844,South Korea
NCT04751799,Germany
NCT01663532,Latvia
NCT01663532,Croatia
NCT01663532,United States
NCT06061198,Tunisia
NCT06016907,Sweden
NCT04803071,China
NCT07191392,China
NCT02330744,United States
NCT05002309,Canada
NCT05707299,China
NCT03999736,United States
NCT02576171,Sweden
NCT04821544,United States
NCT02417064,Canada
NCT02417064,Estonia
NCT02417064,Mexico
NCT02417064,Slovakia
NCT02417064,United States
NCT02417064,Hungary
NCT02417064,Brazil
NCT02417064,Belgium
NCT02417064,France
NCT02839798,United States
NCT02591498,Brazil
NCT02497287,Mexico
NCT02497287,Finland
NCT02497287,South Korea
NCT02497287,Argentina
NCT02497287,Brazil
NCT02497287,Lithuania
NCT02497287,South Africa
NCT02497287,Malaysia
NCT02497287,Australia
NCT02497287,Spain
NCT02497287,Bulgaria
NCT02497287,United States
NCT02497287,Germany
NCT02497287,Poland
NCT02497287,Taiwan
NCT02497287,Turkey (Türkiye)
NCT02497287,Belgium
NCT02497287,United Kingdom
NCT02497287,Sweden
NCT02497287,France
NCT02497287,Austria
NCT04526652,Malaysia
NCT01908647,United States
NCT02951455,United States
NCT04830215,Canada
NCT03514225,United Kingdom
NCT03103217,United Kingdom
NCT06211140,China
NCT05035316,Denmark
NCT07106606,Turkey (Türkiye)
NCT03086148,China
NCT02382848,United States
NCT02236455,Iceland
NCT06646835,Turkey (Türkiye)
NCT06574035,United States
NCT06244576,Sweden
NCT07323784,United States
NCT05070052,United States
NCT02003352,United States
NCT01757847,United States
NCT03897855,France
NCT01668355,United States
NCT03052855,France
NCT05213143,China
NCT01983033,Belgium
NCT04836247,United States
NCT05965349,United States
NCT04409938,Turkey (Türkiye)
NCT03726658,United States
NCT01566058,France
NCT06635135,Mexico
NCT06635135,United States
NCT06635135,Romania
NCT06635135,Germany
NCT06635135,Poland
NCT06635135,Argentina
NCT06635135,Greece
NCT06635135,Turkey (Türkiye)
NCT06635135,Brazil
NCT06635135,Spain
NCT06635135,Bulgaria
NCT06635135,Belgium
NCT06635135,France
NCT02431806,Puerto Rico
NCT02431806,United States
NCT06797804,Taiwan
NCT05603104,Israel
NCT06528938,Canada
NCT04404478,United States
NCT05877885,United States
NCT05184335,United States
NCT02434406,United Kingdom
NCT05559749,United States
NCT06669338,Turkey (Türkiye)
NCT07481643,Turkey (Türkiye)
NCT05060393,Switzerland
NCT05385614,Germany
NCT03537014,Canada
NCT03537014,Israel
NCT03537014,United States
NCT04776616,United States
NCT02687984,United States
NCT06330584,Switzerland
NCT04179006,Taiwan
NCT00958633,Canada
NCT06081348,Canada
NCT04013555,United States
NCT02227563,Israel
NCT02395263,China
NCT06963021,Canada
NCT06963021,United States
NCT06963021,Finland
NCT06963021,Hungary
NCT06963021,Latvia
NCT06963021,United Kingdom
NCT06963021,Belgium
NCT05661383,France
NCT07173205,United States
NCT03331354,United States
NCT02000245,South Korea
NCT01608295,United States
NCT05424146,United States
NCT04278586,United States
NCT06280170,United States
NCT04301141,United Kingdom
NCT01287494,China
NCT02292394,Spain
NCT05140551,United Kingdom
NCT04108429,United States
NCT04269772,United States
NCT07392879,United States
NCT05540288,France
NCT06604429,Egypt
NCT02555553,United States
NCT05659472,Indonesia
NCT05669742,Egypt
NCT05570773,Turkey (Türkiye)
NCT05428241,Turkey (Türkiye)
NCT01126294,Canada
NCT02593266,Chile
NCT06570356,Israel
NCT06658756,Brazil
NCT02345122,Canada
NCT06980441,Afghanistan
NCT06005194,United States
NCT04435002,Turkey (Türkiye)
NCT01807403,France
NCT02422186,United States
NCT02422186,Finland
NCT02422186,South Africa
NCT02422186,Poland
NCT02422186,United Kingdom
NCT02422186,Brazil
NCT02422186,Spain
NCT02422186,Lithuania
NCT02422186,Bulgaria
NCT02422186,Belgium
NCT02422186,Sweden
NCT02422186,France
NCT01550666,United States
NCT04252131,Taiwan
NCT02716831,United States
NCT02698553,China
NCT03275337,United States
NCT07105761,Taiwan
NCT05342142,Turkey (Türkiye)
NCT02501941,United States
NCT01891929,France
NCT02431845,South Korea
NCT06042166,United States
NCT01429272,United States
NCT05394545,United States
NCT03790345,Brazil
NCT03970057,Singapore
NCT05056454,United States
NCT06076954,Denmark
NCT04392856,Spain
NCT03522545,United States
NCT05606172,United States
NCT02655588,United States
NCT03923361,United States
NCT02120729,United States
NCT01542372,United States
NCT04314115,Chile
NCT05934968,Canada
NCT02088060,Germany
NCT02088060,Denmark
NCT04317820,Canada
NCT02383862,United States
NCT06620042,United States
NCT03247270,Sweden
NCT05328297,Canada
NCT05328297,Poland
NCT05328297,United States
NCT05328297,Spain
NCT06661460,Sweden
NCT04813224,Spain
NCT03937596,Canada
NCT04157296,United States
NCT02266446,United States
NCT06046261,Taiwan
NCT04985786,Germany
NCT06022640,Iraq
NCT05039489,China
NCT06356090,Netherlands
NCT03217682,United States
NCT05760482,Turkey (Türkiye)
NCT06499259,Turkey (Türkiye)
NCT04513080,United States
NCT06398496,Ireland
NCT05588596,China
NCT07241988,Turkey (Türkiye)
NCT06134323,China
NCT06182462,Canada
NCT02614586,United States
NCT02462473,United States
NCT03034720,United States
NCT02021669,United States
NCT07005960,Turkey (Türkiye)
NCT02789982,Martinique
NCT02789982,France
NCT06782724,Portugal
NCT06782724,Czechia
NCT06782724,Denmark
NCT06782724,Netherlands
NCT01821469,France
NCT06557083,United States
NCT04834154,United States
NCT06431854,Spain
NCT01545505,France
NCT01865123,United States
NCT01259596,United States
NCT03212703,Canada
NCT01437527,France
NCT06118073,United States
NCT02758990,United States
NCT06152913,Netherlands
NCT07095582,Canada
NCT04651296,United States
NCT04283188,Canada
NCT02056483,Denmark
NCT05939115,Egypt
NCT04104568,Portugal
NCT03648268,United States
NCT06442774,Spain
NCT04624074,United States
NCT03841773,United States
NCT02042573,France
NCT03356483,United States
NCT06233656,United States
NCT04084795,Spain
NCT02831231,United States
NCT03967431,Taiwan
NCT05863572,Uganda
NCT06568575,China
NCT04944277,Malaysia
NCT05495022,Turkey (Türkiye)
NCT05854602,Netherlands
NCT04852302,United States
NCT06169631,United States
NCT01953237,United States
NCT02697045,Turkey (Türkiye)
NCT06575972,United States
NCT03977675,United States
NCT05747612,Italy
NCT01465919,South Korea
NCT04579354,Germany
NCT02058251,United States
NCT01198353,South Korea
NCT04577612,United States
NCT03929081,Netherlands
NCT06132581,United States
NCT02817672,United States
NCT02634177,United States
NCT06645028,Sweden
NCT04526067,United States
NCT04903522,France
NCT06230757,United States
NCT05322031,Italy
NCT03353337,China
NCT02150395,United States
NCT03553095,United States
NCT06169501,United States
NCT06495801,Finland
NCT06239519,Canada
NCT04700930,Switzerland
NCT02150265,Norway
NCT04539951,China
NCT04076553,United States
NCT02411695,United States
NCT05388539,Brazil
NCT04533230,Sweden
NCT02787122,Germany
NCT06348277,United States
NCT03826875,United States
NCT04360681,United States
NCT06477913,United States
NCT03283670,United States
NCT03247946,Israel
NCT03521388,Chile
NCT03930303,Turkey (Türkiye)
NCT06257186,Singapore
NCT03610373,United States
NCT02010866,United States
NCT01874756,United States
NCT06781788,Canada
NCT02404194,United States
NCT03051256,United States
NCT04846010,United States
NCT01190423,United States
NCT03586427,United States
NCT04845542,United States
NCT01198197,United States
NCT02826096,Taiwan
NCT05386862,United States
NCT05680727,United States
NCT02739061,China
NCT01481883,Australia
NCT05322642,Spain
NCT02267070,United States
NCT05310786,United States
NCT05147883,Turkey (Türkiye)
NCT03255954,Canada
NCT03255954,United States
NCT03900754,United States
NCT03167905,Singapore
NCT05622305,Canada
NCT07070531,Spain
NCT03643159,United States
NCT05733546,United States
NCT03697603,Japan
NCT05368961,United States
NCT02041962,United States
NCT05100888,Hungary
NCT02330627,United States
NCT04437173,United States
NCT04129866,United States
NCT02339844,Denmark
NCT07217860,United States
NCT02024620,United States
NCT05246124,Indonesia
NCT04155788,United States
NCT05342727,Iran
NCT06215261,Australia
NCT06215261,United Kingdom
NCT06215261,United States
NCT01104805,United States
NCT06565637,United States
NCT02214732,Canada
NCT04242563,France
NCT04199884,United States
NCT03406052,Canada
NCT03930849,United States
NCT04504149,United States
NCT01879111,Germany
NCT02433093,United States
NCT04684706,United States
NCT01338506,United States
NCT06769906,South Korea
NCT04116606,United Kingdom
NCT01150604,United States
NCT03754647,Bangladesh
NCT06389266,United States
NCT06194331,United States
NCT06648395,United States
NCT06155201,China
NCT02349412,United States
NCT03067311,United States
NCT04921787,United States
NCT04740411,United States
NCT01718509,Germany
NCT01718509,United States
NCT03000699,Canada
NCT06107387,United States
NCT07273604,Spain
NCT02400736,United States
NCT03869736,Australia
NCT03869736,United States
NCT04999709,Hong Kong
NCT05617898,United States
NCT06489314,Kenya
NCT04823806,Germany
NCT02532504,Pakistan
NCT01731171,United States
NCT07221409,United States
NCT07497516,Turkey (Türkiye)
NCT01780116,Hong Kong
NCT01511406,Norway
NCT06221436,Turkey (Türkiye)
NCT01263236,Canada
NCT06426134,Netherlands
NCT07693309,Turkey (Türkiye)
NCT03932032,United States
NCT04574193,United States
NCT07692893,Italy
NCT04728555,Sweden
NCT01880255,Canada
NCT04022226,United States
NCT03265340,Sweden
NCT05767840,Pakistan
NCT01325168,Israel
NCT02396797,Norway
NCT02457780,United States
NCT03906396,Malaysia
NCT02954146,United States
NCT03455088,China
NCT06852469,United States
NCT05837169,Mexico
NCT02945085,United States
NCT05271643,United States
NCT01473017,United Kingdom
NCT05482724,Spain
NCT01263223,United States
NCT05584696,Turkey (Türkiye)
NCT05518461,United States
NCT05456035,United States
NCT01959035,United States
NCT05225025,United States
NCT05925868,United States
NCT03363750,United States
NCT06373874,Turkey (Türkiye)
NCT03051074,United States
NCT01204918,United States
NCT03436823,France
NCT02938559,United States
NCT05239780,United States
NCT02124980,United States
NCT02078180,United States
NCT04400162,Germany
NCT04408027,Canada
NCT01942161,Japan
NCT03275961,United States
NCT05945342,China
NCT04127097,Turkey (Türkiye)
NCT01511510,United States
NCT06627413,United States
NCT06143982,Netherlands
NCT06143982,"Bonaire, Saint Eustatius and Saba "
NCT06078124,Colombia
NCT02234362,United States
NCT03386448,United States
NCT02440815,United States
NCT02225808,United States
NCT05436691,Turkey (Türkiye)
NCT01587118,United States
NCT02815813,United States
NCT05922020,United States
NCT01749124,United States
NCT02095496,Belgium
NCT06430476,Hong Kong
NCT04948268,United States
NCT03131050,China
NCT02359513,France
NCT02902159,United Kingdom
NCT04154579,United States
NCT03973580,Canada
NCT06806878,Turkey (Türkiye)
NCT05120843,United States
NCT07229989,Indonesia
NCT07386574,Pakistan
NCT07087990,Turkey (Türkiye)
NCT05973110,Canada
NCT06943560,Israel
NCT03748446,United States
NCT01124188,United States
NCT06672588,Canada
NCT02028026,United States
NCT07276997,United States
NCT01380379,United States
NCT05368155,United States
NCT01963078,United States
NCT05852015,United States
NCT02744989,Monaco
NCT02744989,France
NCT06728774,United States
NCT03664310,United States
NCT07288320,United States
NCT05731323,Canada
NCT02657980,South Korea
NCT01717079,France
NCT01127568,Canada
NCT03875391,Germany
NCT01809990,Sweden
NCT01987960,Estonia
NCT01987960,United States
NCT01987960,Finland
NCT01987960,South Africa
NCT01987960,Poland
NCT01987960,Serbia
NCT01987960,Sweden
NCT01987960,Italy
NCT01987960,France
NCT02726659,Canada
NCT05046938,Turkey (Türkiye)
NCT04362358,France
NCT03000985,France
NCT01729650,Spain
NCT04799574,Taiwan
NCT06342310,United States
NCT05570110,Germany
NCT05374213,Canada
NCT01478113,United States
NCT02676882,United States
NCT06492824,United States
NCT02504515,Brazil
NCT05414708,United States
NCT03671525,United States
NCT04146025,United States
NCT02504476,United States
NCT02796417,Spain
NCT06448117,Finland
NCT04456868,France
NCT04138368,Israel
NCT04572750,United States
NCT05949190,Sierra Leone
NCT03230097,Canada
NCT03230097,United Kingdom
NCT03230097,United States
NCT03230097,China
NCT00923078,United States
NCT03148535,China
NCT02870725,United States
NCT05824117,Germany
NCT01305889,United States
NCT06377189,Switzerland
NCT07228468,United Kingdom
NCT01380691,United States
NCT07123974,Canada
NCT02037074,United States
NCT01729026,United States
NCT03321526,United States
NCT03372915,United States
NCT03102008,United States
NCT04098497,United States
NCT02079610,United States
NCT04626713,Singapore
NCT05177458,United States
NCT07245043,Turkey (Türkiye)
NCT05980143,United Kingdom
NCT06026917,China
NCT01370291,China
NCT05589090,Spain
NCT04231578,Canada
NCT03154008,United States
NCT05235789,Spain
NCT02397889,United States
NCT05890768,United States
NCT03687450,United States
NCT04109950,United States
NCT04109950,Colombia
NCT04109950,Croatia
NCT04109950,Russia
NCT04109950,Latvia
NCT04109950,Serbia
NCT04109950,Bulgaria
NCT04109950,Ukraine
NCT03313674,Canada
NCT03715218,India
NCT07146438,United States
NCT03208348,United States
NCT02202915,United States
NCT04671225,Rwanda
NCT07098208,Cyprus
NCT06285708,United States
NCT07021508,China
NCT03640325,United States
NCT06074250,Canada
NCT04828226,Switzerland
NCT01547026,Germany
NCT04832685,United States
NCT05591625,United Kingdom
NCT01838876,Puerto Rico
NCT01838876,United States
NCT01309776,South Korea
NCT04887350,Canada
NCT04356638,Saudi Arabia
NCT06512025,Spain
NCT03633825,United States
NCT06296940,United States
NCT06284889,Sweden
NCT06885489,Turkey (Türkiye)
NCT01671150,United States
NCT06341426,Canada
NCT04721678,Sweden
NCT01655485,United States
NCT05259943,Canada
NCT04518943,United States
NCT04199143,France
NCT04037215,France
NCT06894615,Czechia
NCT02396576,United States
NCT03449576,United States
NCT02433717,Taiwan
NCT03943537,United States
NCT05766072,Norway
NCT04965272,United States
NCT04540172,Turkey (Türkiye)
NCT07306039,Denmark
NCT03868839,United States
NCT04072575,Russia
NCT04072575,Poland
NCT04072575,Argentina
NCT04072575,Hong Kong
NCT04072575,Ukraine
NCT04072575,Italy
NCT03396601,United States
NCT01431001,Australia
NCT01431001,United States
NCT01182012,Spain
NCT03286881,Spain
NCT02037581,Germany
NCT06640712,Turkey (Türkiye)
NCT05202119,United Kingdom
NCT05202119,United States
NCT06239428,Denmark
NCT05264792,India
NCT07009444,Germany
NCT01725334,Canada
NCT02960464,Brazil
NCT06620445,Pakistan
NCT03751995,United States
NCT07207239,Hungary
NCT06973577,Puerto Rico
NCT06973577,United States
NCT04102475,France
NCT02221895,United States
NCT07037667,Egypt
NCT02082392,United States
NCT05031611,United States
NCT06171711,United States
NCT01085812,Canada
NCT01085812,United States
NCT02005367,United States
NCT03500536,United States
NCT06577636,United States
NCT04301271,Germany
NCT02160444,United States
NCT02566057,United States
NCT06423781,United States
NCT06068465,China
NCT03116165,Sweden
NCT03038867,United States
NCT02876900,United States
NCT05363371,United States
NCT04650334,Vietnam
NCT03075371,Germany
NCT02132039,China
NCT01483339,Germany
NCT02988375,United States
NCT03780881,Germany
NCT01452919,Greece
NCT01452919,United States
NCT06320028,United States
NCT02868307,France
NCT06241534,Poland
NCT01687764,Israel
NCT01687764,Australia
NCT01687764,United States
NCT01687764,Brazil
NCT02260830,United Kingdom
NCT07172607,Taiwan
NCT04783571,United States
NCT02325128,United States
NCT06297200,United States
NCT04404192,United States
NCT06092411,Hong Kong
NCT03223844,Austria
NCT03165565,United States
NCT03655067,United States
NCT01077700,United States
NCT02970292,Canada
NCT02970292,United States
NCT02970292,Czechia
NCT02970292,Poland
NCT02970292,Russia
NCT02970292,Hungary
NCT02970292,Serbia
NCT02970292,Lithuania
NCT02970292,Bulgaria
NCT02970292,Ukraine
NCT02124811,United States
NCT04347811,United States
NCT06109571,United States
NCT07093671,Switzerland
NCT03172871,China
NCT06749444,Denmark
NCT07607834,Taiwan
NCT04861844,United States
NCT03152864,United States
NCT05344092,United States
NCT05660434,United States
NCT03519009,United States
NCT06740760,Sweden
NCT02565524,France
NCT01670123,United States
NCT04430959,United States
NCT05841680,United States
NCT07079761,United States
NCT07336342,United States
NCT06337773,Taiwan
NCT01944969,United States
NCT07053345,South Korea
NCT04968275,Canada
NCT05040581,Canada
NCT06039228,Hong Kong
NCT02059200,Netherlands
NCT03816007,United States
NCT04101474,Egypt
NCT03403179,United States
NCT05601362,United States
NCT04704362,Kenya
NCT04704362,Lebanon
NCT04704362,Zambia
NCT04704362,Uganda
NCT04704362,Jordan
NCT04704362,Peru
NCT04704362,Ethiopia
NCT04770662,Belgium
NCT04843462,Austria
NCT04635618,Brazil
NCT05837910,United States
NCT05424679,United States
NCT06348862,Palestinian Territories
NCT02437188,United States
NCT06628388,Hong Kong
NCT06694818,Italy
NCT06456190,United States
NCT04557891,United States
NCT05429788,United States
NCT07148609,Taiwan
NCT01464463,Germany
NCT02571387,France
NCT04098614,United States
NCT06025838,United States
NCT05988138,United States
NCT06746818,Egypt
NCT03625297,United States
NCT04364997,China
NCT02507297,United States
NCT05372913,United States
NCT01995123,United States
NCT04634903,United States
NCT02398227,United States
NCT07026461,Sweden
NCT04585061,Saudi Arabia
NCT05880719,France
NCT03739632,China
NCT05639621,Chile
NCT07258420,Turkey (Türkiye)
NCT07729020,Italy
NCT04446624,Italy
NCT05614024,United States
NCT05981690,United Kingdom
NCT05811897,Canada
NCT03473080,Sweden
NCT06679062,United States
NCT05169346,United States
NCT06281288,Egypt
NCT06350513,Turkey (Türkiye)
NCT02678624,Denmark
NCT04469959,United States
NCT01921179,United States
NCT07040462,Turkey (Türkiye)
NCT06361069,Turkey (Türkiye)
NCT01795183,China
NCT06090422,Norway
NCT06857422,Turkey (Türkiye)
NCT05527951,China
NCT04513873,Turkey (Türkiye)
NCT02163369,United States
NCT01702883,United States
NCT04220645,Norway
NCT05776901,United States
NCT03711019,Canada
NCT04639765,United States
NCT05637320,Canada
NCT07794696,Turkey (Türkiye)
NCT02319746,Spain
NCT06361342,United States
NCT05340686,Sweden
NCT05702086,Canada
NCT06621394,Germany
NCT02026622,France
NCT06791122,United States
NCT04985422,Hong Kong
NCT02926859,Germany
NCT05874362,France
NCT06538246,United States
NCT02535403,Denmark
NCT05374161,Cyprus
NCT06728241,Norway
NCT05747131,Portugal
NCT05724953,United States
NCT02133001,United States
NCT01993901,Canada
NCT07052812,Pakistan
NCT05518019,United States
NCT06191965,United States
NCT06191965,Switzerland
NCT02359266,Germany
NCT03685422,Singapore
NCT06163651,United States
NCT01898429,United States
NCT06970431,China
NCT01248195,Denmark
NCT01248195,Netherlands
NCT01248195,Switzerland
NCT01248195,Romania
NCT01248195,Czechia
NCT01248195,Germany
NCT01248195,Poland
NCT01248195,Austria
NCT01248195,Australia
NCT01248195,United Kingdom
NCT01248195,Spain
NCT01248195,Bulgaria
NCT01248195,Belgium
NCT01248195,Israel
NCT01248195,Italy
NCT01248195,France
NCT05218681,United States
NCT02223767,Germany
NCT07055061,China
NCT02874573,United States
NCT05025605,United States
NCT05698394,China
NCT02309372,United States
NCT03105245,Australia
NCT07436481,Indonesia
NCT03505905,United States
NCT02306356,Sweden
NCT04746651,United Kingdom
NCT05591937,United States
NCT06309277,United Kingdom
NCT01817712,United States
NCT04961112,United States
NCT05808530,Turkey (Türkiye)
NCT05006365,Hong Kong
NCT06132022,Turkey (Türkiye)
NCT06361953,Iran
NCT06128772,United States
NCT04049201,Tunisia
NCT04822454,Lebanon
NCT01694719,United States
NCT07188467,United States
NCT05168267,United States
NCT02421237,United States
NCT04890977,United States
NCT02676375,United States
NCT06168981,Turkey (Türkiye)
NCT01764867,China
NCT07681492,France
NCT04432311,Canada
NCT03013244,United States
NCT01127932,United States
NCT01990053,United States
NCT01466439,France
NCT03510039,France
NCT05074901,France
NCT01557712,France
NCT02046330,United States
NCT04785807,France
NCT07362511,Netherlands
NCT07060144,United States
NCT03152175,Canada
NCT05400200,France
NCT05376371,United States
NCT01277809,Canada
NCT06454799,Turkey (Türkiye)
NCT05772702,United States
NCT07178977,Slovenia
NCT06675877,Egypt
NCT03975075,United States
NCT06956157,China
NCT05130281,United States
NCT04528628,China
NCT03523767,United States
NCT05433636,United States
NCT05355311,United States
NCT03498651,United States
NCT05927129,China
NCT05033002,Tanzania
NCT03190772,Germany
NCT04792775,United States
NCT02784301,Canada
NCT06239181,Turkey (Türkiye)
NCT05410119,China
NCT06650800,France
NCT04520100,United States
NCT05655507,United States
NCT06306092,Sweden
NCT06931236,China
NCT05999071,Jordan
NCT02347644,Ukraine
NCT02347644,United States
NCT06621745,Canada
NCT04914572,Singapore
NCT05152095,Malaysia
NCT02350257,Sweden
NCT04552301,United States
NCT02721901,United States
NCT07194967,Tunisia
NCT03523507,United States
NCT05325307,Turkey (Türkiye)
NCT07036471,Switzerland
NCT02383095,France
NCT03918577,United States
NCT03671577,United States
NCT04148612,Israel
NCT04148612,Switzerland
NCT01731119,United States
NCT06756165,Pakistan
NCT04325867,Romania
NCT07305571,Turkey (Türkiye)
NCT01055171,United States
NCT03466554,Israel
NCT03784222,China
NCT02818751,United States
NCT03895957,Poland
NCT04924257,Austria
NCT06265701,United States
NCT01531101,Norway
NCT03197519,Spain
NCT06294119,Italy
NCT06222528,United States
NCT02646865,Romania
NCT03568500,United Kingdom
NCT06642636,Netherlands
NCT06631781,Israel
NCT02187692,Poland
NCT05480592,China
NCT04821271,United States
NCT04518319,China
NCT03429465,United States
NCT01773811,United States
NCT04306809,Sweden
NCT05419999,United States
NCT01726387,Germany
NCT06329193,Turkey (Türkiye)
NCT04426214,United States
NCT06376877,United States
NCT07111377,United Arab Emirates
NCT03247075,Sweden
NCT06480201,United States
NCT05425381,United States
NCT05194267,Canada
NCT03060200,Romania
NCT03715400,United States
NCT01960036,United States
NCT02029365,France
NCT06840171,Turkey (Türkiye)
NCT03542864,Colombia
NCT07260032,United States
NCT03539263,Italy
NCT01436175,Canada
NCT01436175,Estonia
NCT01436175,Mexico
NCT01436175,Puerto Rico
NCT01436175,United States
NCT01436175,Finland
NCT01436175,Romania
NCT01436175,South Africa
NCT01436175,Czechia
NCT01436175,Germany
NCT01436175,Poland
NCT01436175,Hungary
NCT01436175,Chile
NCT01436175,Spain
NCT04447807,Brazil
NCT04176107,Israel
NCT01353092,Denmark
NCT03730064,United States
NCT05007028,France
NCT02663167,Sweden
NCT04924244,United States
NCT05193409,United States
NCT05995587,Hong Kong
NCT02179814,Switzerland
NCT04157816,India
NCT02277704,United States
NCT06809244,Norway
NCT01432444,Canada
NCT01432444,United States
NCT05978921,Spain
NCT01147614,United States
NCT05427201,United States
NCT02372019,United States
NCT06056609,United Kingdom
NCT04161209,United Kingdom
NCT01268657,United States
NCT06361667,Greece
NCT03233100,China
NCT07030192,Canada
NCT04169334,Denmark
NCT03642964,United States
NCT06299787,Canada
NCT01942187,United States
NCT02261194,Canada
NCT03519451,United States
NCT03159351,China
NCT05809401,Italy
NCT05543720,Canada
NCT04862624,United States
NCT03339596,Denmark
NCT06188962,United Kingdom
NCT06769503,Turkey (Türkiye)
NCT06476873,France
NCT01403441,United States
NCT03423394,United States
NCT01949649,United States
NCT03791749,United Kingdom
NCT02646449,United States
NCT01698255,United States
NCT01794455,United States
NCT01696435,United States
NCT05777876,China
NCT04058249,United States
NCT05175755,France
NCT02382055,United States
NCT01729325,Burundi
NCT02610725,United States
NCT02644577,China
NCT03403881,Brazil
NCT02414711,France
NCT06848244,United States
NCT04997434,Switzerland
NCT04524598,United States
NCT03187093,Ukraine
NCT03211221,Italy
NCT05719116,Norway
NCT04620668,Canada
NCT02194933,United States
NCT05227352,United States
NCT07295652,France
NCT05240352,United States
NCT05583747,Canada
NCT06301347,Pakistan
NCT05585749,Turkey (Türkiye)
NCT01937936,United States
NCT03624621,Spain
NCT04350814,Canada
NCT01426516,United States
NCT02773706,United States
NCT03279471,United States
NCT06367764,United States
NCT03737032,United States
NCT03001063,Vietnam
NCT02132793,United States
NCT01939093,Thailand
NCT01153347,Puerto Rico
NCT01153347,India
NCT01153347,United States
NCT02917447,United States
NCT03185247,United States
NCT02926352,United States
NCT06485349,Mexico
NCT06261463,United States
NCT05573906,United States
NCT02413307,United Kingdom
NCT02046564,Japan
NCT02046564,South Korea
NCT02046564,Taiwan
NCT02046564,Malaysia
NCT02046564,Australia
NCT01256099,Sweden
NCT04433663,Israel
NCT05208021,Turkey (Türkiye)
NCT05337904,Spain
NCT05857852,United States
NCT04919967,United States
NCT02545192,United States
NCT05285111,United States
NCT00855816,United States
NCT04909216,United States
NCT07123467,United States
NCT04590300,France
NCT04446234,China
NCT05585164,United States
NCT07655232,United States
NCT04045132,United States
NCT06953687,United States
NCT01211106,United States
NCT05319509,United States
NCT06399406,United States
NCT04957498,Canada
NCT04957498,United States
NCT03972293,United States
NCT04619121,Taiwan
NCT04281134,United States
NCT03874793,United States
NCT04654884,Sweden
NCT05821634,United States
NCT02671487,Palestinian Territories
NCT01119014,Denmark
NCT05595421,Taiwan
NCT06397352,Turkey (Türkiye)
NCT06315816,Turkey (Türkiye)
NCT02989987,Germany
NCT04479852,United States
NCT05397249,United States
NCT03571685,United States
NCT02004743,Canada
NCT06270121,South Korea
NCT03916614,United States
NCT03245814,United States
NCT06812247,United States
NCT01082848,Spain
NCT03165578,Switzerland
NCT01569685,Denmark
NCT02822443,Switzerland
NCT05224063,United States
NCT05959187,China
NCT07319806,Turkey (Türkiye)
NCT01413984,United States
NCT02686333,Canada
NCT05762133,United States
NCT05850533,United States
NCT02021149,United States
NCT05463549,Israel
NCT02707887,United States
NCT03227133,France
NCT04889833,United States
NCT05899348,United States
NCT03885414,Sweden
NCT01902004,United States
NCT03353649,United States
NCT03128749,Spain
NCT03957538,United Kingdom
NCT06776887,Egypt
NCT04432116,France
NCT03087006,Canada
NCT05382884,Canada
NCT04096378,United States
NCT04680585,Canada
NCT04675593,United States
NCT07055906,United States
NCT07525284,France
NCT01172652,United States
NCT02633449,Germany
NCT03622749,United States
NCT05310838,United States
NCT03623711,China
NCT05923944,Israel
NCT05923944,United States
NCT05923944,Switzerland
NCT02869334,United States
NCT04889664,United States
NCT04629599,United States
NCT01928732,United States
NCT03239132,United States
NCT06080932,United States
NCT04385498,Ethiopia
NCT02059863,India
NCT02059863,Pakistan
NCT05609409,United States
NCT04260399,United States
NCT05877287,Turkey (Türkiye)
NCT01581983,United States
NCT07737366,Turkey (Türkiye)
NCT04519931,Turkey (Türkiye)
NCT07379853,United States
NCT03113175,Denmark
NCT01100775,United States
NCT03957330,Canada
NCT03863366,United Kingdom
NCT04290845,United States
NCT06642675,China
NCT02795637,United States
NCT02717195,Canada
NCT02717195,Estonia
NCT02717195,Mexico
NCT02717195,Slovakia
NCT02717195,United States
NCT02717195,Finland
NCT02717195,Romania
NCT02717195,Czechia
NCT02717195,Poland
NCT02717195,Russia
NCT02717195,Serbia
NCT02717195,Spain
NCT02717195,Bulgaria
NCT02717195,Ukraine
NCT05400512,United States
NCT04447430,China
NCT01315028,United Kingdom
NCT01752465,Canada
NCT02077829,Norway
NCT03291730,United States
NCT06741228,United States
NCT01193153,United States
NCT01193153,South Africa
NCT01193153,Romania
NCT01193153,Philippines
NCT01193153,Malaysia
NCT01193153,India
NCT01193153,Bulgaria
NCT01193153,Ukraine
NCT03740139,United States
NCT02066077,China
NCT06387771,Spain
NCT03740009,United States
NCT02516332,United States
NCT04302636,China
NCT07093736,United States
NCT02894736,Australia
NCT03094871,United States
NCT06447909,United States
NCT02503098,United States
NCT04311463,Mexico
NCT06044636,Sweden
NCT06464211,Turkey (Türkiye)
NCT06376734,United States
NCT03502564,Canada
NCT05003336,China
NCT06511544,United States
NCT03180632,Canada
NCT04793698,United States
NCT06964711,China
NCT02526927,France
NCT02461927,United States
NCT07689461,Turkey (Türkiye)
NCT04294173,Cyprus
NCT01847469,United States
NCT01488266,South Korea
NCT01488266,Taiwan
NCT06019429,Netherlands
NCT03935061,Taiwan
NCT03592186,United States
NCT01107041,United States
NCT01080794,Canada
NCT01080794,United States
NCT04911829,Norway
NCT04857983,United States
NCT02131129,United States
NCT02068261,Sweden
NCT05105542,United States
NCT04704583,United States
NCT05655754,Austria
NCT04348929,France
NCT01816061,United States
NCT03222570,United States
NCT01408641,United States
NCT05887856,Pakistan
NCT03181529,United States
NCT05633186,Netherlands
NCT06723769,China
NCT03637296,United States
NCT04719780,Canada
NCT04719780,United States
NCT02366403,United States
NCT05112003,Canada
NCT01620060,United States
NCT02529423,Germany
NCT02529423,United Kingdom
NCT02529423,Netherlands
NCT02529423,Spain
NCT06035159,Belgium
NCT02090634,United States
NCT04586699,United States
NCT01628016,China
NCT03230006,United States
NCT06358404,United States
NCT01934972,United States
NCT04251195,Canada
NCT04091139,Hong Kong
NCT05990075,United States
NCT03711201,Turkey (Türkiye)
NCT01732601,United States
NCT05837312,United States
NCT01856530,United States
NCT02544971,Israel
NCT05419934,France
NCT03775564,France
NCT05081934,Sweden
NCT07058532,Finland
NCT03275714,Austria
NCT05356611,United States
NCT05092971,United States
NCT07067034,Turkey (Türkiye)
NCT05250804,Turkey (Türkiye)
NCT02889211,United States
NCT06960109,Turkey (Türkiye)
NCT06194799,Mexico
NCT06194799,United States
NCT06194799,Czechia
NCT06194799,South Korea
NCT06194799,Taiwan
NCT06194799,Chile
NCT06194799,Serbia
NCT06194799,Brazil
NCT06194799,Spain
NCT06194799,Bulgaria
NCT06194799,Italy
NCT06194799,France
NCT02333487,United States
NCT01586793,Canada
NCT02916121,Taiwan
NCT05481736,Ireland
NCT05481736,United Kingdom
NCT05481736,United States
NCT04065334,Norway
NCT03795987,United States
NCT06828887,China
NCT06156306,Hong Kong
NCT03977844,United States
NCT05892744,United States
NCT01909232,United States
NCT04645732,Denmark
NCT03818516,United States
NCT03011216,Germany
NCT05233111,United States
NCT02242136,Burundi
NCT03018236,Brazil
NCT01556971,United States
NCT06991244,Turkey (Türkiye)
NCT04076644,United States
NCT03373734,United Kingdom
NCT02592564,Sweden
NCT05527509,Canada
NCT03990064,France
NCT01246232,United Kingdom
NCT01817387,United States
NCT07429617,Poland
NCT03803189,Canada
NCT05212389,Denmark
NCT07337668,Turkey (Türkiye)
NCT03951350,Spain
NCT06516874,Chile
NCT04969510,Australia
NCT04969510,United States
NCT03718013,Croatia
NCT06783361,Turkey (Türkiye)
NCT05610969,United States
NCT07334769,Turkey (Türkiye)
NCT05948241,Brazil
NCT04136041,Japan
NCT04714541,United States
NCT04426461,United States
NCT05448261,China
NCT06235905,United States
NCT03678194,France
NCT02460666,United States
NCT01913366,United States
NCT06086756,United States
NCT02855918,France
NCT06793397,Ireland
NCT06793397,United States
NCT06793397,Germany
NCT06793397,Czechia
NCT06793397,Poland
NCT06793397,Greece
NCT06793397,Australia
NCT06793397,United Kingdom
NCT02911597,United States
NCT06545760,Zambia
NCT04738123,Ukraine
NCT04738123,United States
NCT03512418,United States
NCT03090490,Spain
NCT02690597,France
NCT01398189,South Korea
NCT06990191,United States
NCT02871297,Mexico
NCT02871297,Colombia
NCT02871297,South Korea
NCT02871297,Hungary
NCT02871297,Latvia
NCT02871297,Israel
NCT02871297,Canada
NCT02871297,South Africa
NCT02871297,Serbia
NCT02871297,Spain
NCT02871297,Bulgaria
NCT02871297,Italy
NCT02871297,Estonia
NCT02871297,United States
NCT02871297,Germany
NCT02871297,Poland
NCT02871297,Russia
NCT02871297,Ukraine
NCT02871297,United Kingdom
NCT02871297,France
NCT04661410,United States
NCT05927324,Switzerland
NCT06839859,United States
NCT07033780,Canada
NCT05952674,France
NCT04812418,Belgium
NCT05357313,Hong Kong
NCT07734623,Taiwan
NCT04228146,China
NCT03826693,United States
NCT01742832,United States
NCT04952532,United States
NCT04663321,United States
NCT07500714,Taiwan
NCT05704504,Hong Kong
NCT06303648,Australia
NCT06726304,Canada
NCT02199652,United States
NCT02085447,United States
NCT07183748,Israel
NCT06968832,United States
NCT05147506,United States
NCT05300204,Germany
NCT01502449,United States
NCT06682299,United States
NCT01093963,United States
NCT04723433,United States
NCT05206747,Canada
NCT06976047,Syria
NCT03645447,United Kingdom
NCT06740084,Ghana
NCT06236711,United States
NCT01627444,Brazil
NCT06262464,Romania
NCT02943564,United States
NCT04506164,United States
NCT03577106,United States
NCT02533232,Pakistan
NCT04723498,Switzerland
NCT07143214,China
NCT04806516,United States
NCT03634709,Iran
NCT07276321,Ghana
NCT06316804,United States
NCT02782104,Mexico
NCT02782104,Slovakia
NCT02782104,Finland
NCT02782104,South Korea
NCT02782104,Argentina
NCT02782104,Hungary
NCT02782104,Brazil
NCT02782104,Lithuania
NCT02782104,Canada
NCT02782104,South Africa
NCT02782104,Malaysia
NCT02782104,Australia
NCT02782104,Spain
NCT02782104,Bulgaria
NCT02782104,Estonia
NCT02782104,United States
NCT02782104,Germany
NCT02782104,Poland
NCT02782104,Taiwan
NCT02782104,Turkey (Türkiye)
NCT02782104,Belgium
NCT02782104,United Kingdom
NCT02782104,Sweden
NCT02782104,France
NCT02782104,Czechia
NCT02782104,Austria
NCT05838404,United States
NCT07592884,United States
NCT02945709,Israel
NCT05834816,United States
NCT02841787,United States
NCT06536387,United States
NCT04777006,Malawi
NCT02133898,United States
NCT04143763,Hong Kong
NCT06907134,Sweden
NCT04978844,Israel
NCT07245134,Czechia
NCT06803706,Austria
NCT03709004,United States
NCT06999811,United States
NCT04756544,Poland
NCT03928028,United States
NCT05793736,Italy
NCT02528409,United States
NCT05269732,Canada
NCT01612104,Norway
NCT01964404,United States
NCT04515784,United States
NCT02935998,China
NCT03516604,United Kingdom
NCT06002633,United States
NCT03659409,Singapore
NCT03122587,United States
NCT05719909,United States
NCT02757833,Canada
NCT02192333,United States
NCT07633899,France
NCT07374887,Slovakia
NCT05486793,United States
NCT05559021,Spain
NCT01712321,United States
NCT04713384,United States
NCT07206199,Czechia
NCT02553616,United States
NCT05809193,Turkey (Türkiye)
NCT04549493,United States
NCT06292221,United States
NCT07299916,Hong Kong
NCT06680193,United States
NCT03680989,United States
NCT01380340,Canada
NCT01779440,United States
NCT07076940,Turkey (Türkiye)
NCT01633125,China
NCT04303325,China
NCT05674617,United States
NCT03539068,United States
NCT04131868,United States
NCT03641768,United States
NCT04100850,Brazil
NCT05951738,Italy
NCT03335358,United States
NCT02000726,United States
NCT01821378,Slovakia
NCT01821378,United States
NCT01821378,Romania
NCT01821378,Colombia
NCT01821378,Russia
NCT01821378,Ukraine
NCT04248933,United States
NCT02119949,Netherlands
NCT02134678,United States
NCT06054243,Hong Kong
NCT01196676,United States
NCT04463225,United States
NCT05828940,United Kingdom
NCT06620276,Canada
NCT07269340,Turkey (Türkiye)
NCT07318168,Israel
NCT05981417,Spain
NCT02345668,Spain
NCT02573168,Canada
NCT04610268,China
NCT06517589,Germany
NCT06027489,Turkey (Türkiye)
NCT03671317,United States
NCT07157176,Turkey (Türkiye)
NCT03396068,United States
NCT03903068,China
NCT03001245,Finland
NCT00640445,United States
NCT04064372,United States
NCT06166095,United States
NCT02389712,United States
NCT06566937,Malaysia
NCT06942637,Indonesia
NCT02734212,United States
NCT06785012,United States
NCT01554839,United States
NCT05964777,China
NCT01599481,United Kingdom
NCT05544877,Switzerland
NCT06854757,United States
NCT06346301,Netherlands
NCT03345381,Canada
NCT05980130,United States
NCT03994081,United States
NCT01470781,United States
NCT03053830,United States
NCT06360419,United States
NCT03480919,United States
NCT03464630,United States
NCT06254612,United States
NCT03731728,Canada
NCT05682365,Spain
NCT06540157,Taiwan
NCT05960357,Turkey (Türkiye)
NCT07652957,Turkey (Türkiye)
NCT02998801,Canada
NCT03283930,United States
NCT01573130,Sweden
NCT02259530,Kenya
NCT05575128,United States
NCT05814458,Poland
NCT05393648,United States
NCT06472726,United States
NCT04507243,United States
NCT05546658,United States
NCT04528485,United Kingdom
NCT01977378,China
NCT05038085,Turkey (Türkiye)
NCT03159715,Spain
NCT02568878,United States
NCT04278755,United States
NCT03709615,Israel
NCT06410508,Canada
NCT01040208,United States
NCT06244043,United States
NCT02916238,Haiti
NCT07544758,Taiwan
NCT05310955,China
NCT04678843,Canada
NCT03564847,Pakistan
NCT02709655,Mexico
NCT02709655,Colombia
NCT02709655,South Korea
NCT02709655,Hungary
NCT02709655,Latvia
NCT02709655,Israel
NCT02709655,Canada
NCT02709655,South Africa
NCT02709655,Serbia
NCT02709655,Spain
NCT02709655,Bulgaria
NCT02709655,Italy
NCT02709655,Estonia
NCT02709655,United States
NCT02709655,Germany
NCT02709655,Poland
NCT02709655,Russia
NCT02709655,Ukraine
NCT02709655,France
NCT02743143,Norway
NCT03818789,United States
NCT07153250,United States
NCT01677078,France
NCT07108608,United States
NCT02571790,France
NCT05425290,United States
NCT05664490,South Africa
NCT04259190,United States
NCT03472391,Denmark
NCT05925374,United States
NCT01636791,Sweden
NCT04824690,Turkey (Türkiye)
NCT06372197,United States
NCT05193578,Denmark
NCT05624268,United States
NCT03428490,United States
NCT03031990,United States
NCT02420990,United States
NCT03337750,United States
NCT01570374,Sweden
NCT05341297,Romania
NCT01187797,Germany
NCT04197102,United States
NCT04363177,Hong Kong
NCT04363177,China
NCT06237439,Uganda
NCT06299319,Canada
NCT01707030,United States
NCT03378544,Kenya
NCT02527564,United States
NCT03324724,United States
NCT06728280,China
NCT02443584,United States
NCT04941352,Turkey (Türkiye)
NCT01893749,United States
NCT04223115,Finland
NCT05870540,United States
NCT05870540,Germany
NCT05870540,Poland
NCT05870540,Australia
NCT05870540,Spain
NCT05870540,United Kingdom
NCT05042050,United Kingdom
NCT04071990,Belgium
NCT03323697,Israel
NCT01869660,Japan
NCT05659082,United States
NCT04768114,United States
NCT05580406,United States
NCT01010204,United States
NCT02323204,United States
NCT05009433,Poland
NCT07764848,Spain
NCT01850355,United States
NCT02834208,France
NCT02098408,Denmark
NCT03398525,France
NCT05699876,India
NCT04258540,Norway
NCT05845840,Australia
NCT05940168,Sweden
NCT05431374,Pakistan
NCT05348174,United States
NCT06903390,Turkey (Türkiye)
NCT06624397,United Kingdom
NCT04960813,United States
NCT04623814,China
NCT01625416,United States
NCT01201304,United States
NCT06175104,Australia
NCT06175104,United States
NCT05410548,United States
NCT02525978,United States
NCT04833478,Pakistan
NCT02935725,United Kingdom
NCT04343625,United States
NCT05011825,United States
NCT01485640,Canada
NCT01485640,Slovakia
NCT01485640,South Africa
NCT01485640,Romania
NCT01485640,Colombia
NCT01485640,Czechia
NCT01485640,Russia
NCT01485640,India
NCT01485640,Serbia
NCT01485640,Lithuania
NCT01485640,Ukraine
NCT01485640,France
NCT02490189,Canada
NCT03485274,Hong Kong
NCT04680910,United States
NCT05685758,United States
NCT06433843,Germany
NCT05462340,United States
NCT02161718,Poland
NCT02161718,Bulgaria
NCT02161718,United States
NCT04138290,France
NCT04911010,Germany
NCT03628820,United States
NCT04921514,France
NCT06535516,United States
NCT06185049,Spain
NCT02402738,United States
NCT05968638,United States
NCT02011438,United States
NCT01251055,Taiwan
NCT05811455,Pakistan
NCT06924255,United States
NCT03921255,United States
NCT05775978,Spain
NCT05056415,Sweden
NCT01624935,China
NCT07371325,Spain
NCT06557525,Japan
NCT03080025,Germany
NCT06771817,United States
NCT03485417,Hong Kong
NCT07687940,Hong Kong
NCT03249350,United States
NCT04696991,Turkey (Türkiye)
NCT07238374,Turkey (Türkiye)
NCT02988271,United States
NCT05959538,Canada
NCT05919355,Norway
NCT06835985,United States
NCT06323785,Switzerland
NCT06335043,Canada
NCT04598425,Norway
NCT05195840,United States
NCT01977521,Netherlands
NCT03110016,Japan
NCT03063606,United States
NCT04184206,United States
NCT05012904,Turkey (Türkiye)
NCT05384704,United States
NCT04010747,United States
NCT01260649,United States
NCT03819426,United States
NCT05042778,Portugal
NCT05497115,United States
NCT03194815,United Kingdom
NCT05517343,Taiwan
NCT03270943,United States
NCT04260776,United States
NCT05783817,United States
NCT03170440,United States
NCT04421989,United States
NCT01390168,Sweden
NCT01978626,Taiwan
NCT03825978,Turkey (Türkiye)
NCT01486615,Nepal
NCT03662425,China
NCT02519725,France
NCT02037035,United States
NCT02047968,Denmark
NCT05464550,France
NCT03369418,United States
NCT06523413,Turkey (Türkiye)
NCT01149213,Brazil
NCT05968560,United States
NCT06704282,United States
NCT04509882,China
NCT03279224,Canada
NCT06138678,Sweden
NCT06276725,United States
NCT04568317,United Kingdom
NCT07094789,Canada
NCT04069182,Mexico
NCT01062880,Germany
NCT03619135,United States
NCT05738850,United States
NCT05626374,Canada
NCT01937897,United States
NCT07291713,Taiwan
NCT05919823,China
NCT04380259,Israel
